Version 1

Score (Bio),"Diff (Bio, mDa)","Diff (Bio, ppm)",Uncertainty,Fit Score,Enzyme,Hits (Bioconfirm),Links,Seq Loc,Rule,Missed,Mods,Significance,Pred Mods,Sequence,Seq Name,Seq Type,Tgt Seq Mass,AGILENTID,CAS,Compound ID,Name,Cpd,HMP,KEGG,Label,LMP,METLIN,MPPID,NCBI ID,Notes,Swiss-Prot,Hits (DB),Mass (DB),"Diff (DB, mDa)",Formula (DB),"Diff (DB, ppm)",RT (DB),RT Diff (DB),Score (DB),Shared (DB),Unique (DB),"Diff (MFG, mDa)",Mass (MFG),Formula (MFG),"Diff (MFG, ppm)",Score (MFG),Tgt Hit Pos,Score Diff,Abund,Algorithm,Area,Avg Mass,Base Peak,Z Count,CE,MS/MS Count,File,End,Formula,FV,Height,ID Source,ID Techniques Applied,Ions,Polarity,Max Z,Min Z,Modified,Mass,Score,m/z,m/z (prod.),Score (MFE),RT,Saturated,Start,Width,Library,Score (Lib),Cpds/Group,Group,Std Dev,Vol %,Vol,Primary Base,Primary Note,ADC% Area,ADC% Height,EIC/TIC% Area,EIC/TIC% Height,TIC% Area,TIC% Height,TWC% Area,TWC% Height,UVA% Area,UVA% Height,UVB% Area,UVB% Height,UVC% Area,UVC% Height,Purity Comments,Purity Result,Purity Value,Score (Frag),FIs Conf.,FIs Conf. %,FIs Eval.,Source,"Diff (Tgt, mDa)",Formula (Tgt),"Diff (Tgt, ppm)",RT (Tgt),RT Diff (Tgt),Score (Tgt),Flags (Tgt),Flag Severity (Tgt),Flag Severity Code (Tgt),Mass (Tgt),Sample Name,Sample Type,Instrument Name,Position,User Name,Acq Method,DA Method,IRM Calibration status
,,,,,,,,,,,,,,,,,,,,,,1,,,Cpd 1: 13.435,,,,,,,,,,,,,,,,,,,,,,,,,Find by Chromatogram Deconvolution,3966993,,98.1000,,,,C:\Users\55129944\OneDrive - MMU (1)\PhD\Labs\TD_Markes_2022\Groupings\Categories\Plastic_Cups\PC_Sample_20_USSB_35_2.D,13.550,,,834720,,,11,Positive,,,,,,98.1000,,,13.435,,13.385,0.166,,,,,,,,,,,,,,,,,,,,,,,,,,,,,,,,,,,,,,,,,,Sample USSB_35 #2 Tube #829234 2022-08-03,,Demo Lab 8890 5977B,1,,Microplastics MMU (AN161) 28July.M,Deconvolution_2023-05-22.m,Success,
,,,,,,,,,,,,,,,,,,,,,,2,,,Cpd 2: 14.433,,,,,,,,,,,,,,,,,,,,,,,,,Find by Chromatogram Deconvolution,806281,,207.1000,,,,C:\Users\55129944\OneDrive - MMU (1)\PhD\Labs\TD_Markes_2022\Groupings\Categories\Plastic_Cups\PC_Sample_20_USSB_35_2.D,14.505,,,133949,,,31,Positive,,,,,,207.1000,,,14.433,,14.378,0.127,,,,,,,,,,,,,,,,,,,,,,,,,,,,,,,,,,,,,,,,,,Sample USSB_35 #2 Tube #829234 2022-08-03,,Demo Lab 8890 5977B,1,,Microplastics MMU (AN161) 28July.M,Deconvolution_2023-05-22.m,Success,
,,,,,,,,,,,,,,,,,,,,,,3,,,Cpd 3: 14.989,,,,,,,,,,,,,,,,,,,,,,,,,Find by Chromatogram Deconvolution,1777182,,79.0300,,,,C:\Users\55129944\OneDrive - MMU (1)\PhD\Labs\TD_Markes_2022\Groupings\Categories\Plastic_Cups\PC_Sample_20_USSB_35_2.D,15.069,,,160275,,,27,Positive,,,,,,79.0300,,,14.989,,14.943,0.126,,,,,,,,,,,,,,,,,,,,,,,,,,,,,,,,,,,,,,,,,,Sample USSB_35 #2 Tube #829234 2022-08-03,,Demo Lab 8890 5977B,1,,Microplastics MMU (AN161) 28July.M,Deconvolution_2023-05-22.m,Success,
,,,,,,,,,,,,,,,,,,,,,,4,,,Cpd 4: 16.341,,,,,,,,,,,,,,,,,,,,,,,,,Find by Chromatogram Deconvolution,9261211,,104.1000,,,,C:\Users\55129944\OneDrive - MMU (1)\PhD\Labs\TD_Markes_2022\Groupings\Categories\Plastic_Cups\PC_Sample_20_USSB_35_2.D,16.431,,,2047492,,,15,Positive,,,,,,104.1000,,,16.341,,16.300,0.131,,,,,,,,,,,,,,,,,,,,,,,,,,,,,,,,,,,,,,,,,,Sample USSB_35 #2 Tube #829234 2022-08-03,,Demo Lab 8890 5977B,1,,Microplastics MMU (AN161) 28July.M,Deconvolution_2023-05-22.m,Success,
,,,,,,,,,,,,,,,,,,,,,,5,,,Cpd 5: 19.332,,,,,,,,,,,,,,,,,,,,,,,,,Find by Chromatogram Deconvolution,859180,,57.1000,,,,C:\Users\55129944\OneDrive - MMU (1)\PhD\Labs\TD_Markes_2022\Groupings\Categories\Plastic_Cups\PC_Sample_20_USSB_35_2.D,19.382,,,59535,,,45,Positive,,,,,,57.1000,,,19.332,,19.283,0.099,,,,,,,,,,,,,,,,,,,,,,,,,,,,,,,,,,,,,,,,,,Sample USSB_35 #2 Tube #829234 2022-08-03,,Demo Lab 8890 5977B,1,,Microplastics MMU (AN161) 28July.M,Deconvolution_2023-05-22.m,Success,
,,,,,,,,,,,,,,,,,,,,,,6,,,Cpd 6: 21.002,,,,,,,,,,,,,,,,,,,,,,,,,Find by Chromatogram Deconvolution,597770,,41.8800,,,,C:\Users\55129944\OneDrive - MMU (1)\PhD\Labs\TD_Markes_2022\Groupings\Categories\Plastic_Cups\PC_Sample_20_USSB_35_2.D,21.087,,,24192,,,53,Positive,,,,,,41.8800,,,21.002,,20.944,0.143,,,,,,,,,,,,,,,,,,,,,,,,,,,,,,,,,,,,,,,,,,Sample USSB_35 #2 Tube #829234 2022-08-03,,Demo Lab 8890 5977B,1,,Microplastics MMU (AN161) 28July.M,Deconvolution_2023-05-22.m,Success,
,,,,,,,,,,,,,,,,,,,,,,7,,,Cpd 7: 23.566,,,,,,,,,,,,,,,,,,,,,,,,,Find by Chromatogram Deconvolution,3677591,,191.0800,,,,C:\Users\55129944\OneDrive - MMU (1)\PhD\Labs\TD_Markes_2022\Groupings\Categories\Plastic_Cups\PC_Sample_20_USSB_35_2.D,23.647,,,1119383,,,21,Positive,,,,,,191.0800,,,23.566,,23.531,0.116,,,,,,,,,,,,,,,,,,,,,,,,,,,,,,,,,,,,,,,,,,Sample USSB_35 #2 Tube #829234 2022-08-03,,Demo Lab 8890 5977B,1,,Microplastics MMU (AN161) 28July.M,Deconvolution_2023-05-22.m,Success,
,,,,,,,,,,,,,,,,,,,,,,8,,,Cpd 8: 24.833,,,,,,,,,,,,,,,,,,,,,,,,,Find by Chromatogram Deconvolution,1265542,,92.0800,,,,C:\Users\55129944\OneDrive - MMU (1)\PhD\Labs\TD_Markes_2022\Groupings\Categories\Plastic_Cups\PC_Sample_20_USSB_35_2.D,24.920,,,205232,,,20,Positive,,,,,,92.0800,,,24.833,,24.794,0.126,,,,,,,,,,,,,,,,,,,,,,,,,,,,,,,,,,,,,,,,,,Sample USSB_35 #2 Tube #829234 2022-08-03,,Demo Lab 8890 5977B,1,,Microplastics MMU (AN161) 28July.M,Deconvolution_2023-05-22.m,Success,
,,,,,,,,,,,,,,,,,,,,,,9,,,Cpd 9: 25.122,,,,,,,,,,,,,,,,,,,,,,,,,Find by Chromatogram Deconvolution,668362,,205.1000,,,,C:\Users\55129944\OneDrive - MMU (1)\PhD\Labs\TD_Markes_2022\Groupings\Categories\Plastic_Cups\PC_Sample_20_USSB_35_2.D,25.199,,,162374,,,22,Positive,,,,,,205.1000,,,25.122,,25.077,0.122,,,,,,,,,,,,,,,,,,,,,,,,,,,,,,,,,,,,,,,,,,Sample USSB_35 #2 Tube #829234 2022-08-03,,Demo Lab 8890 5977B,1,,Microplastics MMU (AN161) 28July.M,Deconvolution_2023-05-22.m,Success,
,,,,,,,,,,,,,,,,,,,,,,10,,,Cpd 10: 25.325,,,,,,,,,,,,,,,,,,,,,,,,,Find by Chromatogram Deconvolution,645177,,104.1000,,,,C:\Users\55129944\OneDrive - MMU (1)\PhD\Labs\TD_Markes_2022\Groupings\Categories\Plastic_Cups\PC_Sample_20_USSB_35_2.D,25.395,,,217147,,,9,Positive,,,,,,104.1000,,,25.325,,25.281,0.115,,,,,,,,,,,,,,,,,,,,,,,,,,,,,,,,,,,,,,,,,,Sample USSB_35 #2 Tube #829234 2022-08-03,,Demo Lab 8890 5977B,1,,Microplastics MMU (AN161) 28July.M,Deconvolution_2023-05-22.m,Success,
,,,,,,,,,,,,,,,,,,,,,,11,,,Cpd 11: 25.485,,,,,,,,,,,,,,,,,,,,,,,,,Find by Chromatogram Deconvolution,1040695,,91.1000,,,,C:\Users\55129944\OneDrive - MMU (1)\PhD\Labs\TD_Markes_2022\Groupings\Categories\Plastic_Cups\PC_Sample_20_USSB_35_2.D,25.581,,,162137,,,28,Positive,,,,,,91.1000,,,25.485,,25.439,0.141,,,,,,,,,,,,,,,,,,,,,,,,,,,,,,,,,,,,,,,,,,Sample USSB_35 #2 Tube #829234 2022-08-03,,Demo Lab 8890 5977B,1,,Microplastics MMU (AN161) 28July.M,Deconvolution_2023-05-22.m,Success,
,,,,,,,,,,,,,,,,,,,,,,12,,,Cpd 12: 25.860,,,,,,,,,,,,,,,,,,,,,,,,,Find by Chromatogram Deconvolution,6082278,,104.1000,,,,C:\Users\55129944\OneDrive - MMU (1)\PhD\Labs\TD_Markes_2022\Groupings\Categories\Plastic_Cups\PC_Sample_20_USSB_35_2.D,25.964,,,1756937,,,15,Positive,,,,,,104.1000,,,25.860,,25.810,0.155,,,,,,,,,,,,,,,,,,,,,,,,,,,,,,,,,,,,,,,,,,Sample USSB_35 #2 Tube #829234 2022-08-03,,Demo Lab 8890 5977B,1,,Microplastics MMU (AN161) 28July.M,Deconvolution_2023-05-22.m,Success,
,,,,,,,,,,,,,,,,,,,,,,13,,,Cpd 13: 26.317,,,,,,,,,,,,,,,,,,,,,,,,,Find by Chromatogram Deconvolution,2329844,,97.0500,,,,C:\Users\55129944\OneDrive - MMU (1)\PhD\Labs\TD_Markes_2022\Groupings\Categories\Plastic_Cups\PC_Sample_20_USSB_35_2.D,26.430,,,84796,,,61,Positive,,,,,,97.0500,,,26.317,,26.262,0.168,,,,,,,,,,,,,,,,,,,,,,,,,,,,,,,,,,,,,,,,,,Sample USSB_35 #2 Tube #829234 2022-08-03,,Demo Lab 8890 5977B,1,,Microplastics MMU (AN161) 28July.M,Deconvolution_2023-05-22.m,Success,
,,,,,,,,,,,,,,,,,,,,,,14,,,Cpd 14: 27.270,,,,,,,,,,,,,,,,,,,,,,,,,Find by Chromatogram Deconvolution,725392,,57.9500,,,,C:\Users\55129944\OneDrive - MMU (1)\PhD\Labs\TD_Markes_2022\Groupings\Categories\Plastic_Cups\PC_Sample_20_USSB_35_2.D,27.355,,,48372,,,44,Positive,,,,,,57.9500,,,27.270,,27.205,0.151,,,,,,,,,,,,,,,,,,,,,,,,,,,,,,,,,,,,,,,,,,Sample USSB_35 #2 Tube #829234 2022-08-03,,Demo Lab 8890 5977B,1,,Microplastics MMU (AN161) 28July.M,Deconvolution_2023-05-22.m,Success,
,,,,,,,,,,,,,,,,,,,,,,15,,,Cpd 15: 27.698,,,,,,,,,,,,,,,,,,,,,,,,,Find by Chromatogram Deconvolution,988036,,97.0500,,,,C:\Users\55129944\OneDrive - MMU (1)\PhD\Labs\TD_Markes_2022\Groupings\Categories\Plastic_Cups\PC_Sample_20_USSB_35_2.D,27.787,,,29262,,,51,Positive,,,,,,97.0500,,,27.698,,27.632,0.155,,,,,,,,,,,,,,,,,,,,,,,,,,,,,,,,,,,,,,,,,,Sample USSB_35 #2 Tube #829234 2022-08-03,,Demo Lab 8890 5977B,1,,Microplastics MMU (AN161) 28July.M,Deconvolution_2023-05-22.m,Success,
,,,,,,,,,,,,,,,,,,,,,,16,,,Cpd 16: 28.459,,,,,,,,,,,,,,,,,,,,,,,,,Find by Chromatogram Deconvolution,7769052,,73.0000,,,,C:\Users\55129944\OneDrive - MMU (1)\PhD\Labs\TD_Markes_2022\Groupings\Categories\Plastic_Cups\PC_Sample_20_USSB_35_2.D,28.666,,,179986,,,68,Positive,,,,,,73.0000,,,28.459,,28.393,0.273,,,,,,,,,,,,,,,,,,,,,,,,,,,,,,,,,,,,,,,,,,Sample USSB_35 #2 Tube #829234 2022-08-03,,Demo Lab 8890 5977B,1,,Microplastics MMU (AN161) 28July.M,Deconvolution_2023-05-22.m,Success,
,,,,,,,,,,,,,,,,,,,,,,17,,,Cpd 17: 28.761,,,,,,,,,,,,,,,,,,,,,,,,,Find by Chromatogram Deconvolution,7230269,,117.1000,,,,C:\Users\55129944\OneDrive - MMU (1)\PhD\Labs\TD_Markes_2022\Groupings\Categories\Plastic_Cups\PC_Sample_20_USSB_35_2.D,28.769,,,950073,,,5,Positive,,,,,,117.1000,,,28.761,,28.554,0.216,,,,,,,,,,,,,,,,,,,,,,,,,,,,,,,,,,,,,,,,,,Sample USSB_35 #2 Tube #829234 2022-08-03,,Demo Lab 8890 5977B,1,,Microplastics MMU (AN161) 28July.M,Deconvolution_2023-05-22.m,Success,
,,,,,,,,,,,,,,,,,,,,,,18,,,Cpd 18: 28.773,,,,,,,,,,,,,,,,,,,,,,,,,Find by Chromatogram Deconvolution,4728387,,194.1000,,,,C:\Users\55129944\OneDrive - MMU (1)\PhD\Labs\TD_Markes_2022\Groupings\Categories\Plastic_Cups\PC_Sample_20_USSB_35_2.D,28.783,,,453910,,,16,Positive,,,,,,194.1000,,,28.773,,28.535,0.248,,,,,,,,,,,,,,,,,,,,,,,,,,,,,,,,,,,,,,,,,,Sample USSB_35 #2 Tube #829234 2022-08-03,,Demo Lab 8890 5977B,1,,Microplastics MMU (AN161) 28July.M,Deconvolution_2023-05-22.m,Success,
,,,,,,,,,,,,,,,,,,,,,,19,,,Cpd 19: 28.783,,,,,,,,,,,,,,,,,,,,,,,,,Find by Chromatogram Deconvolution,59370689,,91.1000,,,,C:\Users\55129944\OneDrive - MMU (1)\PhD\Labs\TD_Markes_2022\Groupings\Categories\Plastic_Cups\PC_Sample_20_USSB_35_2.D,28.792,,,3222665,,,19,Positive,,,,,,91.1000,,,28.783,,28.777,0.015,,,,,,,,,,,,,,,,,,,,,,,,,,,,,,,,,,,,,,,,,,Sample USSB_35 #2 Tube #829234 2022-08-03,,Demo Lab 8890 5977B,1,,Microplastics MMU (AN161) 28July.M,Deconvolution_2023-05-22.m,Success,
,,,,,,,,,,,,,,,,,,,,,,20,,,Cpd 20: 28.800,,,,,,,,,,,,,,,,,,,,,,,,,Find by Chromatogram Deconvolution,3331191,,194.1000,,,,C:\Users\55129944\OneDrive - MMU (1)\PhD\Labs\TD_Markes_2022\Groupings\Categories\Plastic_Cups\PC_Sample_20_USSB_35_2.D,29.002,,,462083,,,12,Positive,,,,,,194.1000,,,28.800,,28.781,0.221,,,,,,,,,,,,,,,,,,,,,,,,,,,,,,,,,,,,,,,,,,Sample USSB_35 #2 Tube #829234 2022-08-03,,Demo Lab 8890 5977B,1,,Microplastics MMU (AN161) 28July.M,Deconvolution_2023-05-22.m,Success,
,,,,,,,,,,,,,,,,,,,,,,21,,,Cpd 21: 29.445,,,,,,,,,,,,,,,,,,,,,,,,,Find by Chromatogram Deconvolution,2465082,,97.0500,,,,C:\Users\55129944\OneDrive - MMU (1)\PhD\Labs\TD_Markes_2022\Groupings\Categories\Plastic_Cups\PC_Sample_20_USSB_35_2.D,29.586,,,48797,,,63,Positive,,,,,,97.0500,,,29.445,,29.355,0.231,,,,,,,,,,,,,,,,,,,,,,,,,,,,,,,,,,,,,,,,,,Sample USSB_35 #2 Tube #829234 2022-08-03,,Demo Lab 8890 5977B,1,,Microplastics MMU (AN161) 28July.M,Deconvolution_2023-05-22.m,Success,
