Version 1

Score (Bio),"Diff (Bio, mDa)","Diff (Bio, ppm)",Uncertainty,Fit Score,Enzyme,Hits (Bioconfirm),Links,Seq Loc,Rule,Missed,Mods,Significance,Pred Mods,Sequence,Seq Name,Seq Type,Tgt Seq Mass,AGILENTID,CAS,Compound ID,Name,Cpd,HMP,KEGG,Label,LMP,METLIN,MPPID,NCBI ID,Notes,Swiss-Prot,Hits (DB),Mass (DB),"Diff (DB, mDa)",Formula (DB),"Diff (DB, ppm)",RT (DB),RT Diff (DB),Score (DB),Shared (DB),Unique (DB),"Diff (MFG, mDa)",Mass (MFG),Formula (MFG),"Diff (MFG, ppm)",Score (MFG),Tgt Hit Pos,Score Diff,Abund,Algorithm,Area,Avg Mass,Base Peak,Z Count,CE,MS/MS Count,File,End,Formula,FV,Height,ID Source,ID Techniques Applied,Ions,Polarity,Max Z,Min Z,Modified,Mass,Score,m/z,m/z (prod.),Score (MFE),RT,Saturated,Start,Width,Library,Score (Lib),Cpds/Group,Group,Std Dev,Vol %,Vol,Primary Base,Primary Note,ADC% Area,ADC% Height,EIC/TIC% Area,EIC/TIC% Height,TIC% Area,TIC% Height,TWC% Area,TWC% Height,UVA% Area,UVA% Height,UVB% Area,UVB% Height,UVC% Area,UVC% Height,Purity Comments,Purity Result,Purity Value,Score (Frag),FIs Conf.,FIs Conf. %,FIs Eval.,Source,"Diff (Tgt, mDa)",Formula (Tgt),"Diff (Tgt, ppm)",RT (Tgt),RT Diff (Tgt),Score (Tgt),Flags (Tgt),Flag Severity (Tgt),Flag Severity Code (Tgt),Mass (Tgt),Sample Name,Sample Type,Instrument Name,Position,User Name,Acq Method,DA Method,IRM Calibration status
,,,,,,,,,,,,,,,,,,,,,,1,,,Cpd 1: 2.628,,,,,,,,,,,,,,,,,,,,,,,,,Find by Chromatogram Deconvolution,4974799,,43.0400,,,,C:\Users\55129944\OneDrive - MMU (1)\PhD\Labs\TD_Markes_2022\Groupings\Categories\Plastic_Cups\PC_Sample_15_USSB_33_3.D,2.704,,,746510,,,10,Positive,,,,,,43.0400,,,2.628,,2.570,0.133,,,,,,,,,,,,,,,,,,,,,,,,,,,,,,,,,,,,,,,,,,Sample USSB_33 #3 Tube #829268 2022-08-03,,Demo Lab 8890 5977B,1,,Microplastics MMU (AN161) 28July.M,Deconvolution_2023-05-22.m,Success,
,,,,,,,,,,,,,,,,,,,,,,2,,,Cpd 2: 13.434,,,,,,,,,,,,,,,,,,,,,,,,,Find by Chromatogram Deconvolution,3870216,,98.0800,,,,C:\Users\55129944\OneDrive - MMU (1)\PhD\Labs\TD_Markes_2022\Groupings\Categories\Plastic_Cups\PC_Sample_15_USSB_33_3.D,13.539,,,827225,,,11,Positive,,,,,,98.0800,,,13.434,,13.383,0.156,,,,,,,,,,,,,,,,,,,,,,,,,,,,,,,,,,,,,,,,,,Sample USSB_33 #3 Tube #829268 2022-08-03,,Demo Lab 8890 5977B,1,,Microplastics MMU (AN161) 28July.M,Deconvolution_2023-05-22.m,Success,
,,,,,,,,,,,,,,,,,,,,,,3,,,Cpd 3: 13.541,,,,,,,,,,,,,,,,,,,,,,,,,Find by Chromatogram Deconvolution,3345316,,91.0900,,,,C:\Users\55129944\OneDrive - MMU (1)\PhD\Labs\TD_Markes_2022\Groupings\Categories\Plastic_Cups\PC_Sample_15_USSB_33_3.D,13.653,,,790079,,,11,Positive,,,,,,91.0900,,,13.541,,13.495,0.158,,,,,,,,,,,,,,,,,,,,,,,,,,,,,,,,,,,,,,,,,,Sample USSB_33 #3 Tube #829268 2022-08-03,,Demo Lab 8890 5977B,1,,Microplastics MMU (AN161) 28July.M,Deconvolution_2023-05-22.m,Success,
,,,,,,,,,,,,,,,,,,,,,,4,,,Cpd 4: 16.343,,,,,,,,,,,,,,,,,,,,,,,,,Find by Chromatogram Deconvolution,45329418,,104.1000,,,,C:\Users\55129944\OneDrive - MMU (1)\PhD\Labs\TD_Markes_2022\Groupings\Categories\Plastic_Cups\PC_Sample_15_USSB_33_3.D,16.446,,,8387611,,,15,Positive,,,,,,104.1000,,,16.343,,16.298,0.148,,,,,,,,,,,,,,,,,,,,,,,,,,,,,,,,,,,,,,,,,,Sample USSB_33 #3 Tube #829268 2022-08-03,,Demo Lab 8890 5977B,1,,Microplastics MMU (AN161) 28July.M,Deconvolution_2023-05-22.m,Success,
,,,,,,,,,,,,,,,,,,,,,,5,,,Cpd 5: 16.772,,,,,,,,,,,,,,,,,,,,,,,,,Find by Chromatogram Deconvolution,902164,,105.1000,,,,C:\Users\55129944\OneDrive - MMU (1)\PhD\Labs\TD_Markes_2022\Groupings\Categories\Plastic_Cups\PC_Sample_15_USSB_33_3.D,16.853,,,264643,,,14,Positive,,,,,,105.1000,,,16.772,,16.734,0.120,,,,,,,,,,,,,,,,,,,,,,,,,,,,,,,,,,,,,,,,,,Sample USSB_33 #3 Tube #829268 2022-08-03,,Demo Lab 8890 5977B,1,,Microplastics MMU (AN161) 28July.M,Deconvolution_2023-05-22.m,Success,
,,,,,,,,,,,,,,,,,,,,,,6,,,Cpd 6: 17.790,,,,,,,,,,,,,,,,,,,,,,,,,Find by Chromatogram Deconvolution,1002810,,105.1000,,,,C:\Users\55129944\OneDrive - MMU (1)\PhD\Labs\TD_Markes_2022\Groupings\Categories\Plastic_Cups\PC_Sample_15_USSB_33_3.D,17.872,,,162414,,,15,Positive,,,,,,105.1000,,,17.790,,17.752,0.120,,,,,,,,,,,,,,,,,,,,,,,,,,,,,,,,,,,,,,,,,,Sample USSB_33 #3 Tube #829268 2022-08-03,,Demo Lab 8890 5977B,1,,Microplastics MMU (AN161) 28July.M,Deconvolution_2023-05-22.m,Success,
,,,,,,,,,,,,,,,,,,,,,,7,,,Cpd 7: 18.458,,,,,,,,,,,,,,,,,,,,,,,,,Find by Chromatogram Deconvolution,1476057,,57.1000,,,,C:\Users\55129944\OneDrive - MMU (1)\PhD\Labs\TD_Markes_2022\Groupings\Categories\Plastic_Cups\PC_Sample_15_USSB_33_3.D,18.540,,,286619,,,19,Positive,,,,,,57.1000,,,18.458,,18.422,0.118,,,,,,,,,,,,,,,,,,,,,,,,,,,,,,,,,,,,,,,,,,Sample USSB_33 #3 Tube #829268 2022-08-03,,Demo Lab 8890 5977B,1,,Microplastics MMU (AN161) 28July.M,Deconvolution_2023-05-22.m,Success,
,,,,,,,,,,,,,,,,,,,,,,8,,,Cpd 8: 18.868,,,,,,,,,,,,,,,,,,,,,,,,,Find by Chromatogram Deconvolution,1886834,,82.9900,,,,C:\Users\55129944\OneDrive - MMU (1)\PhD\Labs\TD_Markes_2022\Groupings\Categories\Plastic_Cups\PC_Sample_15_USSB_33_3.D,18.941,,,358619,,,21,Positive,,,,,,82.9900,,,18.868,,18.827,0.114,,,,,,,,,,,,,,,,,,,,,,,,,,,,,,,,,,,,,,,,,,Sample USSB_33 #3 Tube #829268 2022-08-03,,Demo Lab 8890 5977B,1,,Microplastics MMU (AN161) 28July.M,Deconvolution_2023-05-22.m,Success,
,,,,,,,,,,,,,,,,,,,,,,9,,,Cpd 9: 21.615,,,,,,,,,,,,,,,,,,,,,,,,,Find by Chromatogram Deconvolution,11086167,,57.1000,,,,C:\Users\55129944\OneDrive - MMU (1)\PhD\Labs\TD_Markes_2022\Groupings\Categories\Plastic_Cups\PC_Sample_15_USSB_33_3.D,21.706,,,1503001,,,31,Positive,,,,,,57.1000,,,21.615,,21.575,0.131,,,,,,,,,,,,,,,,,,,,,,,,,,,,,,,,,,,,,,,,,,Sample USSB_33 #3 Tube #829268 2022-08-03,,Demo Lab 8890 5977B,1,,Microplastics MMU (AN161) 28July.M,Deconvolution_2023-05-22.m,Success,
,,,,,,,,,,,,,,,,,,,,,,10,,,Cpd 10: 24.834,,,,,,,,,,,,,,,,,,,,,,,,,Find by Chromatogram Deconvolution,944980,,92.0900,,,,C:\Users\55129944\OneDrive - MMU (1)\PhD\Labs\TD_Markes_2022\Groupings\Categories\Plastic_Cups\PC_Sample_15_USSB_33_3.D,24.916,,,150749,,,20,Positive,,,,,,92.0900,,,24.834,,24.788,0.128,,,,,,,,,,,,,,,,,,,,,,,,,,,,,,,,,,,,,,,,,,Sample USSB_33 #3 Tube #829268 2022-08-03,,Demo Lab 8890 5977B,1,,Microplastics MMU (AN161) 28July.M,Deconvolution_2023-05-22.m,Success,
,,,,,,,,,,,,,,,,,,,,,,11,,,Cpd 11: 25.487,,,,,,,,,,,,,,,,,,,,,,,,,Find by Chromatogram Deconvolution,19572090,,91.0900,,,,C:\Users\55129944\OneDrive - MMU (1)\PhD\Labs\TD_Markes_2022\Groupings\Categories\Plastic_Cups\PC_Sample_15_USSB_33_3.D,25.591,,,3326982,,,25,Positive,,,,,,91.0900,,,25.487,,25.441,0.151,,,,,,,,,,,,,,,,,,,,,,,,,,,,,,,,,,,,,,,,,,Sample USSB_33 #3 Tube #829268 2022-08-03,,Demo Lab 8890 5977B,1,,Microplastics MMU (AN161) 28July.M,Deconvolution_2023-05-22.m,Success,
,,,,,,,,,,,,,,,,,,,,,,12,,,Cpd 12: 26.317,,,,,,,,,,,,,,,,,,,,,,,,,Find by Chromatogram Deconvolution,932134,,97.1000,,,,C:\Users\55129944\OneDrive - MMU (1)\PhD\Labs\TD_Markes_2022\Groupings\Categories\Plastic_Cups\PC_Sample_15_USSB_33_3.D,26.417,,,31430,,,57,Positive,,,,,,97.1000,,,26.317,,26.257,0.160,,,,,,,,,,,,,,,,,,,,,,,,,,,,,,,,,,,,,,,,,,Sample USSB_33 #3 Tube #829268 2022-08-03,,Demo Lab 8890 5977B,1,,Microplastics MMU (AN161) 28July.M,Deconvolution_2023-05-22.m,Success,
,,,,,,,,,,,,,,,,,,,,,,13,,,Cpd 13: 28.459,,,,,,,,,,,,,,,,,,,,,,,,,Find by Chromatogram Deconvolution,1042605,,72.9900,,,,C:\Users\55129944\OneDrive - MMU (1)\PhD\Labs\TD_Markes_2022\Groupings\Categories\Plastic_Cups\PC_Sample_15_USSB_33_3.D,28.642,,,23826,,,41,Positive,,,,,,72.9900,,,28.459,,28.377,0.265,,,,,,,,,,,,,,,,,,,,,,,,,,,,,,,,,,,,,,,,,,Sample USSB_33 #3 Tube #829268 2022-08-03,,Demo Lab 8890 5977B,1,,Microplastics MMU (AN161) 28July.M,Deconvolution_2023-05-22.m,Success,
,,,,,,,,,,,,,,,,,,,,,,14,,,Cpd 14: 28.748,,,,,,,,,,,,,,,,,,,,,,,,,Find by Chromatogram Deconvolution,7744561,,117.0900,,,,C:\Users\55129944\OneDrive - MMU (1)\PhD\Labs\TD_Markes_2022\Groupings\Categories\Plastic_Cups\PC_Sample_15_USSB_33_3.D,28.762,,,640723,,,14,Positive,,,,,,117.0900,,,28.748,,28.552,0.210,,,,,,,,,,,,,,,,,,,,,,,,,,,,,,,,,,,,,,,,,,Sample USSB_33 #3 Tube #829268 2022-08-03,,Demo Lab 8890 5977B,1,,Microplastics MMU (AN161) 28July.M,Deconvolution_2023-05-22.m,Success,
,,,,,,,,,,,,,,,,,,,,,,15,,,Cpd 15: 28.779,,,,,,,,,,,,,,,,,,,,,,,,,Find by Chromatogram Deconvolution,23322172,,91.0900,,,,C:\Users\55129944\OneDrive - MMU (1)\PhD\Labs\TD_Markes_2022\Groupings\Categories\Plastic_Cups\PC_Sample_15_USSB_33_3.D,28.800,,,2080667,,,17,Positive,,,,,,91.0900,,,28.779,,28.523,0.277,,,,,,,,,,,,,,,,,,,,,,,,,,,,,,,,,,,,,,,,,,Sample USSB_33 #3 Tube #829268 2022-08-03,,Demo Lab 8890 5977B,1,,Microplastics MMU (AN161) 28July.M,Deconvolution_2023-05-22.m,Success,
,,,,,,,,,,,,,,,,,,,,,,16,,,Cpd 16: 28.793,,,,,,,,,,,,,,,,,,,,,,,,,Find by Chromatogram Deconvolution,17830125,,91.0900,,,,C:\Users\55129944\OneDrive - MMU (1)\PhD\Labs\TD_Markes_2022\Groupings\Categories\Plastic_Cups\PC_Sample_15_USSB_33_3.D,29.134,,,2072224,,,14,Positive,,,,,,91.0900,,,28.793,,28.779,0.355,,,,,,,,,,,,,,,,,,,,,,,,,,,,,,,,,,,,,,,,,,Sample USSB_33 #3 Tube #829268 2022-08-03,,Demo Lab 8890 5977B,1,,Microplastics MMU (AN161) 28July.M,Deconvolution_2023-05-22.m,Success,
,,,,,,,,,,,,,,,,,,,,,,17,,,Cpd 17: 28.802,,,,,,,,,,,,,,,,,,,,,,,,,Find by Chromatogram Deconvolution,2959475,,207.0500,,,,C:\Users\55129944\OneDrive - MMU (1)\PhD\Labs\TD_Markes_2022\Groupings\Categories\Plastic_Cups\PC_Sample_15_USSB_33_3.D,29.037,,,419560,,,11,Positive,,,,,,207.0500,,,28.802,,28.768,0.269,,,,,,,,,,,,,,,,,,,,,,,,,,,,,,,,,,,,,,,,,,Sample USSB_33 #3 Tube #829268 2022-08-03,,Demo Lab 8890 5977B,1,,Microplastics MMU (AN161) 28July.M,Deconvolution_2023-05-22.m,Success,
,,,,,,,,,,,,,,,,,,,,,,18,,,Cpd 18: 29.442,,,,,,,,,,,,,,,,,,,,,,,,,Find by Chromatogram Deconvolution,961445,,57.1000,,,,C:\Users\55129944\OneDrive - MMU (1)\PhD\Labs\TD_Markes_2022\Groupings\Categories\Plastic_Cups\PC_Sample_15_USSB_33_3.D,29.540,,,21810,,,47,Positive,,,,,,57.1000,,,29.442,,29.363,0.177,,,,,,,,,,,,,,,,,,,,,,,,,,,,,,,,,,,,,,,,,,Sample USSB_33 #3 Tube #829268 2022-08-03,,Demo Lab 8890 5977B,1,,Microplastics MMU (AN161) 28July.M,Deconvolution_2023-05-22.m,Success,
,,,,,,,,,,,,,,,,,,,,,,19,,,Cpd 19: 29.448,,,,,,,,,,,,,,,,,,,,,,,,,Find by Chromatogram Deconvolution,993756,,57.1000,,,,C:\Users\55129944\OneDrive - MMU (1)\PhD\Labs\TD_Markes_2022\Groupings\Categories\Plastic_Cups\PC_Sample_15_USSB_33_3.D,29.540,,,21810,,,51,Positive,,,,,,57.1000,,,29.448,,29.363,0.177,,,,,,,,,,,,,,,,,,,,,,,,,,,,,,,,,,,,,,,,,,Sample USSB_33 #3 Tube #829268 2022-08-03,,Demo Lab 8890 5977B,1,,Microplastics MMU (AN161) 28July.M,Deconvolution_2023-05-22.m,Success,
