Version 1

Score (Bio),"Diff (Bio, mDa)","Diff (Bio, ppm)",Uncertainty,Fit Score,Enzyme,Hits (Bioconfirm),Links,Seq Loc,Rule,Missed,Mods,Significance,Pred Mods,Sequence,Seq Name,Seq Type,Tgt Seq Mass,AGILENTID,CAS,Compound ID,Name,Cpd,HMP,KEGG,Label,LMP,METLIN,MPPID,NCBI ID,Notes,Swiss-Prot,Hits (DB),Mass (DB),"Diff (DB, mDa)",Formula (DB),"Diff (DB, ppm)",RT (DB),RT Diff (DB),Score (DB),Shared (DB),Unique (DB),"Diff (MFG, mDa)",Mass (MFG),Formula (MFG),"Diff (MFG, ppm)",Score (MFG),Tgt Hit Pos,Score Diff,Abund,Algorithm,Area,Avg Mass,Base Peak,Z Count,CE,MS/MS Count,File,End,Formula,FV,Height,ID Source,ID Techniques Applied,Ions,Polarity,Max Z,Min Z,Modified,Mass,Score,m/z,m/z (prod.),Score (MFE),RT,Saturated,Start,Width,Library,Score (Lib),Cpds/Group,Group,Std Dev,Vol %,Vol,Primary Base,Primary Note,ADC% Area,ADC% Height,EIC/TIC% Area,EIC/TIC% Height,TIC% Area,TIC% Height,TWC% Area,TWC% Height,UVA% Area,UVA% Height,UVB% Area,UVB% Height,UVC% Area,UVC% Height,Purity Comments,Purity Result,Purity Value,Score (Frag),FIs Conf.,FIs Conf. %,FIs Eval.,Source,"Diff (Tgt, mDa)",Formula (Tgt),"Diff (Tgt, ppm)",RT (Tgt),RT Diff (Tgt),Score (Tgt),Flags (Tgt),Flag Severity (Tgt),Flag Severity Code (Tgt),Mass (Tgt),Sample Name,Sample Type,Instrument Name,Position,User Name,Acq Method,DA Method,IRM Calibration status
,,,,,,,,,,,,,,,,,,,,,,1,,,Cpd 1: 1.795,,,,,,,,,,,,,,,,,,,,,,,,,Find by Chromatogram Deconvolution,365869,,41.0100,,,,C:\Users\55129944\OneDrive - MMU (1)\PhD\Labs\TD_Markes_2022\Groupings\Categories\Plastic_Cups\PC_Sample_9_USSB_31_3.D,1.868,,,38483,,,10,Positive,,,,,,41.0100,,,1.795,,1.754,0.114,,,,,,,,,,,,,,,,,,,,,,,,,,,,,,,,,,,,,,,,,,Sample USSB_31 #3 Tube #829239 2022-08-02,,Demo Lab 8890 5977B,1,,Microplastics MMU (AN161) 28July.M,Deconvolution_2023-05-22.m,Success,
,,,,,,,,,,,,,,,,,,,,,,2,,,Cpd 2: 1.855,,,,,,,,,,,,,,,,,,,,,,,,,Find by Chromatogram Deconvolution,452574,,53.9600,,,,C:\Users\55129944\OneDrive - MMU (1)\PhD\Labs\TD_Markes_2022\Groupings\Categories\Plastic_Cups\PC_Sample_9_USSB_31_3.D,1.933,,,74606,,,11,Positive,,,,,,53.9600,,,1.855,,1.817,0.116,,,,,,,,,,,,,,,,,,,,,,,,,,,,,,,,,,,,,,,,,,Sample USSB_31 #3 Tube #829239 2022-08-02,,Demo Lab 8890 5977B,1,,Microplastics MMU (AN161) 28July.M,Deconvolution_2023-05-22.m,Success,
,,,,,,,,,,,,,,,,,,,,,,3,,,Cpd 3: 1.895,,,,,,,,,,,,,,,,,,,,,,,,,Find by Chromatogram Deconvolution,258099,,44.0000,,,,C:\Users\55129944\OneDrive - MMU (1)\PhD\Labs\TD_Markes_2022\Groupings\Categories\Plastic_Cups\PC_Sample_9_USSB_31_3.D,1.971,,,82937,,,6,Positive,,,,,,44.0000,,,1.895,,1.865,0.107,,,,,,,,,,,,,,,,,,,,,,,,,,,,,,,,,,,,,,,,,,Sample USSB_31 #3 Tube #829239 2022-08-02,,Demo Lab 8890 5977B,1,,Microplastics MMU (AN161) 28July.M,Deconvolution_2023-05-22.m,Success,
,,,,,,,,,,,,,,,,,,,,,,4,,,Cpd 4: 2.622,,,,,,,,,,,,,,,,,,,,,,,,,Find by Chromatogram Deconvolution,154965,,44.8700,,,,C:\Users\55129944\OneDrive - MMU (1)\PhD\Labs\TD_Markes_2022\Groupings\Categories\Plastic_Cups\PC_Sample_9_USSB_31_3.D,2.736,,,38542,,,5,Positive,,,,,,44.8700,,,2.622,,2.590,0.147,,,,,,,,,,,,,,,,,,,,,,,,,,,,,,,,,,,,,,,,,,Sample USSB_31 #3 Tube #829239 2022-08-02,,Demo Lab 8890 5977B,1,,Microplastics MMU (AN161) 28July.M,Deconvolution_2023-05-22.m,Success,
,,,,,,,,,,,,,,,,,,,,,,5,,,Cpd 5: 3.066,,,,,,,,,,,,,,,,,,,,,,,,,Find by Chromatogram Deconvolution,141375,,43.0200,,,,C:\Users\55129944\OneDrive - MMU (1)\PhD\Labs\TD_Markes_2022\Groupings\Categories\Plastic_Cups\PC_Sample_9_USSB_31_3.D,3.151,,,38070,,,4,Positive,,,,,,43.0200,,,3.066,,3.031,0.120,,,,,,,,,,,,,,,,,,,,,,,,,,,,,,,,,,,,,,,,,,Sample USSB_31 #3 Tube #829239 2022-08-02,,Demo Lab 8890 5977B,1,,Microplastics MMU (AN161) 28July.M,Deconvolution_2023-05-22.m,Success,
,,,,,,,,,,,,,,,,,,,,,,6,,,Cpd 6: 3.364,,,,,,,,,,,,,,,,,,,,,,,,,Find by Chromatogram Deconvolution,290305,,43.0200,,,,C:\Users\55129944\OneDrive - MMU (1)\PhD\Labs\TD_Markes_2022\Groupings\Categories\Plastic_Cups\PC_Sample_9_USSB_31_3.D,3.539,,,27497,,,9,Positive,,,,,,43.0200,,,3.364,,3.296,0.244,,,,,,,,,,,,,,,,,,,,,,,,,,,,,,,,,,,,,,,,,,Sample USSB_31 #3 Tube #829239 2022-08-02,,Demo Lab 8890 5977B,1,,Microplastics MMU (AN161) 28July.M,Deconvolution_2023-05-22.m,Success,
,,,,,,,,,,,,,,,,,,,,,,7,,,Cpd 7: 8.340,,,,,,,,,,,,,,,,,,,,,,,,,Find by Chromatogram Deconvolution,269854,,78.1000,,,,C:\Users\55129944\OneDrive - MMU (1)\PhD\Labs\TD_Markes_2022\Groupings\Categories\Plastic_Cups\PC_Sample_9_USSB_31_3.D,8.520,,,19670,,,9,Positive,,,,,,78.1000,,,8.340,,8.227,0.293,,,,,,,,,,,,,,,,,,,,,,,,,,,,,,,,,,,,,,,,,,Sample USSB_31 #3 Tube #829239 2022-08-02,,Demo Lab 8890 5977B,1,,Microplastics MMU (AN161) 28July.M,Deconvolution_2023-05-22.m,Success,
,,,,,,,,,,,,,,,,,,,,,,8,,,Cpd 8: 13.435,,,,,,,,,,,,,,,,,,,,,,,,,Find by Chromatogram Deconvolution,3830363,,98.0700,,,,C:\Users\55129944\OneDrive - MMU (1)\PhD\Labs\TD_Markes_2022\Groupings\Categories\Plastic_Cups\PC_Sample_9_USSB_31_3.D,13.549,,,798537,,,11,Positive,,,,,,98.0700,,,13.435,,13.380,0.169,,,,,,,,,,,,,,,,,,,,,,,,,,,,,,,,,,,,,,,,,,Sample USSB_31 #3 Tube #829239 2022-08-02,,Demo Lab 8890 5977B,1,,Microplastics MMU (AN161) 28July.M,Deconvolution_2023-05-22.m,Success,
,,,,,,,,,,,,,,,,,,,,,,9,,,Cpd 9: 13.543,,,,,,,,,,,,,,,,,,,,,,,,,Find by Chromatogram Deconvolution,536782,,91.1000,,,,C:\Users\55129944\OneDrive - MMU (1)\PhD\Labs\TD_Markes_2022\Groupings\Categories\Plastic_Cups\PC_Sample_9_USSB_31_3.D,13.646,,,119430,,,11,Positive,,,,,,91.1000,,,13.543,,13.490,0.156,,,,,,,,,,,,,,,,,,,,,,,,,,,,,,,,,,,,,,,,,,Sample USSB_31 #3 Tube #829239 2022-08-02,,Demo Lab 8890 5977B,1,,Microplastics MMU (AN161) 28July.M,Deconvolution_2023-05-22.m,Success,
,,,,,,,,,,,,,,,,,,,,,,10,,,Cpd 10: 13.823,,,,,,,,,,,,,,,,,,,,,,,,,Find by Chromatogram Deconvolution,134458,,55.0200,,,,C:\Users\55129944\OneDrive - MMU (1)\PhD\Labs\TD_Markes_2022\Groupings\Categories\Plastic_Cups\PC_Sample_9_USSB_31_3.D,13.873,,,10463,,,14,Positive,,,,,,55.0200,,,13.823,,13.770,0.103,,,,,,,,,,,,,,,,,,,,,,,,,,,,,,,,,,,,,,,,,,Sample USSB_31 #3 Tube #829239 2022-08-02,,Demo Lab 8890 5977B,1,,Microplastics MMU (AN161) 28July.M,Deconvolution_2023-05-22.m,Success,
,,,,,,,,,,,,,,,,,,,,,,11,,,Cpd 11: 13.974,,,,,,,,,,,,,,,,,,,,,,,,,Find by Chromatogram Deconvolution,170450,,43.0200,,,,C:\Users\55129944\OneDrive - MMU (1)\PhD\Labs\TD_Markes_2022\Groupings\Categories\Plastic_Cups\PC_Sample_9_USSB_31_3.D,14.052,,,18007,,,14,Positive,,,,,,43.0200,,,13.974,,13.920,0.131,,,,,,,,,,,,,,,,,,,,,,,,,,,,,,,,,,,,,,,,,,Sample USSB_31 #3 Tube #829239 2022-08-02,,Demo Lab 8890 5977B,1,,Microplastics MMU (AN161) 28July.M,Deconvolution_2023-05-22.m,Success,
,,,,,,,,,,,,,,,,,,,,,,12,,,Cpd 12: 14.434,,,,,,,,,,,,,,,,,,,,,,,,,Find by Chromatogram Deconvolution,1341696,,207.0000,,,,C:\Users\55129944\OneDrive - MMU (1)\PhD\Labs\TD_Markes_2022\Groupings\Categories\Plastic_Cups\PC_Sample_9_USSB_31_3.D,14.533,,,305838,,,14,Positive,,,,,,207.0000,,,14.434,,14.377,0.156,,,,,,,,,,,,,,,,,,,,,,,,,,,,,,,,,,,,,,,,,,Sample USSB_31 #3 Tube #829239 2022-08-02,,Demo Lab 8890 5977B,1,,Microplastics MMU (AN161) 28July.M,Deconvolution_2023-05-22.m,Success,
,,,,,,,,,,,,,,,,,,,,,,13,,,Cpd 13: 14.757,,,,,,,,,,,,,,,,,,,,,,,,,Find by Chromatogram Deconvolution,220347,,55.0200,,,,C:\Users\55129944\OneDrive - MMU (1)\PhD\Labs\TD_Markes_2022\Groupings\Categories\Plastic_Cups\PC_Sample_9_USSB_31_3.D,14.824,,,42518,,,9,Positive,,,,,,55.0200,,,14.757,,14.683,0.141,,,,,,,,,,,,,,,,,,,,,,,,,,,,,,,,,,,,,,,,,,Sample USSB_31 #3 Tube #829239 2022-08-02,,Demo Lab 8890 5977B,1,,Microplastics MMU (AN161) 28July.M,Deconvolution_2023-05-22.m,Success,
,,,,,,,,,,,,,,,,,,,,,,14,,,Cpd 14: 14.989,,,,,,,,,,,,,,,,,,,,,,,,,Find by Chromatogram Deconvolution,1442892,,78.9700,,,,C:\Users\55129944\OneDrive - MMU (1)\PhD\Labs\TD_Markes_2022\Groupings\Categories\Plastic_Cups\PC_Sample_9_USSB_31_3.D,15.083,,,125727,,,30,Positive,,,,,,78.9700,,,14.989,,14.942,0.141,,,,,,,,,,,,,,,,,,,,,,,,,,,,,,,,,,,,,,,,,,Sample USSB_31 #3 Tube #829239 2022-08-02,,Demo Lab 8890 5977B,1,,Microplastics MMU (AN161) 28July.M,Deconvolution_2023-05-22.m,Success,
,,,,,,,,,,,,,,,,,,,,,,15,,,Cpd 15: 15.781,,,,,,,,,,,,,,,,,,,,,,,,,Find by Chromatogram Deconvolution,161237,,95.9900,,,,C:\Users\55129944\OneDrive - MMU (1)\PhD\Labs\TD_Markes_2022\Groupings\Categories\Plastic_Cups\PC_Sample_9_USSB_31_3.D,15.855,,,27621,,,13,Positive,,,,,,95.9900,,,15.781,,15.741,0.114,,,,,,,,,,,,,,,,,,,,,,,,,,,,,,,,,,,,,,,,,,Sample USSB_31 #3 Tube #829239 2022-08-02,,Demo Lab 8890 5977B,1,,Microplastics MMU (AN161) 28July.M,Deconvolution_2023-05-22.m,Success,
,,,,,,,,,,,,,,,,,,,,,,16,,,Cpd 16: 16.342,,,,,,,,,,,,,,,,,,,,,,,,,Find by Chromatogram Deconvolution,12473032,,104.1000,,,,C:\Users\55129944\OneDrive - MMU (1)\PhD\Labs\TD_Markes_2022\Groupings\Categories\Plastic_Cups\PC_Sample_9_USSB_31_3.D,16.422,,,2813712,,,15,Positive,,,,,,104.1000,,,16.342,,16.302,0.120,,,,,,,,,,,,,,,,,,,,,,,,,,,,,,,,,,,,,,,,,,Sample USSB_31 #3 Tube #829239 2022-08-02,,Demo Lab 8890 5977B,1,,Microplastics MMU (AN161) 28July.M,Deconvolution_2023-05-22.m,Success,
,,,,,,,,,,,,,,,,,,,,,,17,,,Cpd 17: 16.772,,,,,,,,,,,,,,,,,,,,,,,,,Find by Chromatogram Deconvolution,129124,,105.1000,,,,C:\Users\55129944\OneDrive - MMU (1)\PhD\Labs\TD_Markes_2022\Groupings\Categories\Plastic_Cups\PC_Sample_9_USSB_31_3.D,16.830,,,28579,,,20,Positive,,,,,,105.1000,,,16.772,,16.734,0.095,,,,,,,,,,,,,,,,,,,,,,,,,,,,,,,,,,,,,,,,,,Sample USSB_31 #3 Tube #829239 2022-08-02,,Demo Lab 8890 5977B,1,,Microplastics MMU (AN161) 28July.M,Deconvolution_2023-05-22.m,Success,
,,,,,,,,,,,,,,,,,,,,,,18,,,Cpd 18: 17.231,,,,,,,,,,,,,,,,,,,,,,,,,Find by Chromatogram Deconvolution,319602,,281.0000,,,,C:\Users\55129944\OneDrive - MMU (1)\PhD\Labs\TD_Markes_2022\Groupings\Categories\Plastic_Cups\PC_Sample_9_USSB_31_3.D,17.292,,,54849,,,29,Positive,,,,,,281.0000,,,17.231,,17.186,0.107,,,,,,,,,,,,,,,,,,,,,,,,,,,,,,,,,,,,,,,,,,Sample USSB_31 #3 Tube #829239 2022-08-02,,Demo Lab 8890 5977B,1,,Microplastics MMU (AN161) 28July.M,Deconvolution_2023-05-22.m,Success,
,,,,,,,,,,,,,,,,,,,,,,19,,,Cpd 19: 17.484,,,,,,,,,,,,,,,,,,,,,,,,,Find by Chromatogram Deconvolution,134911,,56.0000,,,,C:\Users\55129944\OneDrive - MMU (1)\PhD\Labs\TD_Markes_2022\Groupings\Categories\Plastic_Cups\PC_Sample_9_USSB_31_3.D,17.538,,,9878,,,21,Positive,,,,,,56.0000,,,17.484,,17.448,0.089,,,,,,,,,,,,,,,,,,,,,,,,,,,,,,,,,,,,,,,,,,Sample USSB_31 #3 Tube #829239 2022-08-02,,Demo Lab 8890 5977B,1,,Microplastics MMU (AN161) 28July.M,Deconvolution_2023-05-22.m,Success,
,,,,,,,,,,,,,,,,,,,,,,20,,,Cpd 20: 17.688,,,,,,,,,,,,,,,,,,,,,,,,,Find by Chromatogram Deconvolution,243829,,55.0200,,,,C:\Users\55129944\OneDrive - MMU (1)\PhD\Labs\TD_Markes_2022\Groupings\Categories\Plastic_Cups\PC_Sample_9_USSB_31_3.D,17.774,,,35559,,,25,Positive,,,,,,55.0200,,,17.688,,17.646,0.128,,,,,,,,,,,,,,,,,,,,,,,,,,,,,,,,,,,,,,,,,,Sample USSB_31 #3 Tube #829239 2022-08-02,,Demo Lab 8890 5977B,1,,Microplastics MMU (AN161) 28July.M,Deconvolution_2023-05-22.m,Success,
,,,,,,,,,,,,,,,,,,,,,,21,,,Cpd 21: 17.790,,,,,,,,,,,,,,,,,,,,,,,,,Find by Chromatogram Deconvolution,130139,,105.1000,,,,C:\Users\55129944\OneDrive - MMU (1)\PhD\Labs\TD_Markes_2022\Groupings\Categories\Plastic_Cups\PC_Sample_9_USSB_31_3.D,17.840,,,21938,,,11,Positive,,,,,,105.1000,,,17.790,,17.757,0.084,,,,,,,,,,,,,,,,,,,,,,,,,,,,,,,,,,,,,,,,,,Sample USSB_31 #3 Tube #829239 2022-08-02,,Demo Lab 8890 5977B,1,,Microplastics MMU (AN161) 28July.M,Deconvolution_2023-05-22.m,Success,
,,,,,,,,,,,,,,,,,,,,,,22,,,Cpd 22: 18.081,,,,,,,,,,,,,,,,,,,,,,,,,Find by Chromatogram Deconvolution,126965,,41.0100,,,,C:\Users\55129944\OneDrive - MMU (1)\PhD\Labs\TD_Markes_2022\Groupings\Categories\Plastic_Cups\PC_Sample_9_USSB_31_3.D,18.137,,,7299,,,24,Positive,,,,,,41.0100,,,18.081,,18.017,0.120,,,,,,,,,,,,,,,,,,,,,,,,,,,,,,,,,,,,,,,,,,Sample USSB_31 #3 Tube #829239 2022-08-02,,Demo Lab 8890 5977B,1,,Microplastics MMU (AN161) 28July.M,Deconvolution_2023-05-22.m,Success,
,,,,,,,,,,,,,,,,,,,,,,23,,,Cpd 23: 18.456,,,,,,,,,,,,,,,,,,,,,,,,,Find by Chromatogram Deconvolution,229056,,57.0700,,,,C:\Users\55129944\OneDrive - MMU (1)\PhD\Labs\TD_Markes_2022\Groupings\Categories\Plastic_Cups\PC_Sample_9_USSB_31_3.D,18.514,,,45295,,,22,Positive,,,,,,57.0700,,,18.456,,18.421,0.093,,,,,,,,,,,,,,,,,,,,,,,,,,,,,,,,,,,,,,,,,,Sample USSB_31 #3 Tube #829239 2022-08-02,,Demo Lab 8890 5977B,1,,Microplastics MMU (AN161) 28July.M,Deconvolution_2023-05-22.m,Success,
,,,,,,,,,,,,,,,,,,,,,,24,,,Cpd 24: 18.632,,,,,,,,,,,,,,,,,,,,,,,,,Find by Chromatogram Deconvolution,159129,,94.0200,,,,C:\Users\55129944\OneDrive - MMU (1)\PhD\Labs\TD_Markes_2022\Groupings\Categories\Plastic_Cups\PC_Sample_9_USSB_31_3.D,18.718,,,35603,,,20,Positive,,,,,,94.0200,,,18.632,,18.602,0.116,,,,,,,,,,,,,,,,,,,,,,,,,,,,,,,,,,,,,,,,,,Sample USSB_31 #3 Tube #829239 2022-08-02,,Demo Lab 8890 5977B,1,,Microplastics MMU (AN161) 28July.M,Deconvolution_2023-05-22.m,Success,
,,,,,,,,,,,,,,,,,,,,,,25,,,Cpd 25: 18.771,,,,,,,,,,,,,,,,,,,,,,,,,Find by Chromatogram Deconvolution,152083,,70.0500,,,,C:\Users\55129944\OneDrive - MMU (1)\PhD\Labs\TD_Markes_2022\Groupings\Categories\Plastic_Cups\PC_Sample_9_USSB_31_3.D,18.807,,,9960,,,22,Positive,,,,,,70.0500,,,18.771,,18.707,0.101,,,,,,,,,,,,,,,,,,,,,,,,,,,,,,,,,,,,,,,,,,Sample USSB_31 #3 Tube #829239 2022-08-02,,Demo Lab 8890 5977B,1,,Microplastics MMU (AN161) 28July.M,Deconvolution_2023-05-22.m,Success,
,,,,,,,,,,,,,,,,,,,,,,26,,,Cpd 26: 19.189,,,,,,,,,,,,,,,,,,,,,,,,,Find by Chromatogram Deconvolution,138519,,72.9900,,,,C:\Users\55129944\OneDrive - MMU (1)\PhD\Labs\TD_Markes_2022\Groupings\Categories\Plastic_Cups\PC_Sample_9_USSB_31_3.D,19.276,,,18551,,,15,Positive,,,,,,72.9900,,,19.189,,19.137,0.139,,,,,,,,,,,,,,,,,,,,,,,,,,,,,,,,,,,,,,,,,,Sample USSB_31 #3 Tube #829239 2022-08-02,,Demo Lab 8890 5977B,1,,Microplastics MMU (AN161) 28July.M,Deconvolution_2023-05-22.m,Success,
,,,,,,,,,,,,,,,,,,,,,,27,,,Cpd 27: 19.324,,,,,,,,,,,,,,,,,,,,,,,,,Find by Chromatogram Deconvolution,917489,,106.0000,,,,C:\Users\55129944\OneDrive - MMU (1)\PhD\Labs\TD_Markes_2022\Groupings\Categories\Plastic_Cups\PC_Sample_9_USSB_31_3.D,19.407,,,179953,,,16,Positive,,,,,,106.0000,,,19.324,,19.287,0.120,,,,,,,,,,,,,,,,,,,,,,,,,,,,,,,,,,,,,,,,,,Sample USSB_31 #3 Tube #829239 2022-08-02,,Demo Lab 8890 5977B,1,,Microplastics MMU (AN161) 28July.M,Deconvolution_2023-05-22.m,Success,
,,,,,,,,,,,,,,,,,,,,,,28,,,Cpd 28: 19.331,,,,,,,,,,,,,,,,,,,,,,,,,Find by Chromatogram Deconvolution,1106807,,57.0700,,,,C:\Users\55129944\OneDrive - MMU (1)\PhD\Labs\TD_Markes_2022\Groupings\Categories\Plastic_Cups\PC_Sample_9_USSB_31_3.D,19.424,,,50433,,,54,Positive,,,,,,57.0700,,,19.331,,19.282,0.143,,,,,,,,,,,,,,,,,,,,,,,,,,,,,,,,,,,,,,,,,,Sample USSB_31 #3 Tube #829239 2022-08-02,,Demo Lab 8890 5977B,1,,Microplastics MMU (AN161) 28July.M,Deconvolution_2023-05-22.m,Success,
,,,,,,,,,,,,,,,,,,,,,,29,,,Cpd 29: 19.841,,,,,,,,,,,,,,,,,,,,,,,,,Find by Chromatogram Deconvolution,158462,,91.1000,,,,C:\Users\55129944\OneDrive - MMU (1)\PhD\Labs\TD_Markes_2022\Groupings\Categories\Plastic_Cups\PC_Sample_9_USSB_31_3.D,19.920,,,8597,,,20,Positive,,,,,,91.1000,,,19.841,,19.777,0.143,,,,,,,,,,,,,,,,,,,,,,,,,,,,,,,,,,,,,,,,,,Sample USSB_31 #3 Tube #829239 2022-08-02,,Demo Lab 8890 5977B,1,,Microplastics MMU (AN161) 28July.M,Deconvolution_2023-05-22.m,Success,
,,,,,,,,,,,,,,,,,,,,,,30,,,Cpd 30: 19.911,,,,,,,,,,,,,,,,,,,,,,,,,Find by Chromatogram Deconvolution,215814,,55.0200,,,,C:\Users\55129944\OneDrive - MMU (1)\PhD\Labs\TD_Markes_2022\Groupings\Categories\Plastic_Cups\PC_Sample_9_USSB_31_3.D,19.969,,,11470,,,35,Positive,,,,,,55.0200,,,19.911,,19.866,0.103,,,,,,,,,,,,,,,,,,,,,,,,,,,,,,,,,,,,,,,,,,Sample USSB_31 #3 Tube #829239 2022-08-02,,Demo Lab 8890 5977B,1,,Microplastics MMU (AN161) 28July.M,Deconvolution_2023-05-22.m,Success,
,,,,,,,,,,,,,,,,,,,,,,31,,,Cpd 31: 19.960,,,,,,,,,,,,,,,,,,,,,,,,,Find by Chromatogram Deconvolution,160140,,57.0700,,,,C:\Users\55129944\OneDrive - MMU (1)\PhD\Labs\TD_Markes_2022\Groupings\Categories\Plastic_Cups\PC_Sample_9_USSB_31_3.D,20.036,,,27210,,,19,Positive,,,,,,57.0700,,,19.960,,19.927,0.109,,,,,,,,,,,,,,,,,,,,,,,,,,,,,,,,,,,,,,,,,,Sample USSB_31 #3 Tube #829239 2022-08-02,,Demo Lab 8890 5977B,1,,Microplastics MMU (AN161) 28July.M,Deconvolution_2023-05-22.m,Success,
,,,,,,,,,,,,,,,,,,,,,,32,,,Cpd 32: 20.733,,,,,,,,,,,,,,,,,,,,,,,,,Find by Chromatogram Deconvolution,149026,,70.0500,,,,C:\Users\55129944\OneDrive - MMU (1)\PhD\Labs\TD_Markes_2022\Groupings\Categories\Plastic_Cups\PC_Sample_9_USSB_31_3.D,20.777,,,6072,,,28,Positive,,,,,,70.0500,,,20.733,,20.655,0.122,,,,,,,,,,,,,,,,,,,,,,,,,,,,,,,,,,,,,,,,,,Sample USSB_31 #3 Tube #829239 2022-08-02,,Demo Lab 8890 5977B,1,,Microplastics MMU (AN161) 28July.M,Deconvolution_2023-05-22.m,Success,
,,,,,,,,,,,,,,,,,,,,,,33,,,Cpd 33: 20.949,,,,,,,,,,,,,,,,,,,,,,,,,Find by Chromatogram Deconvolution,322860,,55.0200,,,,C:\Users\55129944\OneDrive - MMU (1)\PhD\Labs\TD_Markes_2022\Groupings\Categories\Plastic_Cups\PC_Sample_9_USSB_31_3.D,21.013,,,13141,,,47,Positive,,,,,,55.0200,,,20.949,,20.895,0.118,,,,,,,,,,,,,,,,,,,,,,,,,,,,,,,,,,,,,,,,,,Sample USSB_31 #3 Tube #829239 2022-08-02,,Demo Lab 8890 5977B,1,,Microplastics MMU (AN161) 28July.M,Deconvolution_2023-05-22.m,Success,
,,,,,,,,,,,,,,,,,,,,,,34,,,Cpd 34: 21.003,,,,,,,,,,,,,,,,,,,,,,,,,Find by Chromatogram Deconvolution,408154,,78.9700,,,,C:\Users\55129944\OneDrive - MMU (1)\PhD\Labs\TD_Markes_2022\Groupings\Categories\Plastic_Cups\PC_Sample_9_USSB_31_3.D,21.078,,,19883,,,42,Positive,,,,,,78.9700,,,21.003,,20.889,0.189,,,,,,,,,,,,,,,,,,,,,,,,,,,,,,,,,,,,,,,,,,Sample USSB_31 #3 Tube #829239 2022-08-02,,Demo Lab 8890 5977B,1,,Microplastics MMU (AN161) 28July.M,Deconvolution_2023-05-22.m,Success,
,,,,,,,,,,,,,,,,,,,,,,35,,,Cpd 35: 21.745,,,,,,,,,,,,,,,,,,,,,,,,,Find by Chromatogram Deconvolution,550129,,112.9800,,,,C:\Users\55129944\OneDrive - MMU (1)\PhD\Labs\TD_Markes_2022\Groupings\Categories\Plastic_Cups\PC_Sample_9_USSB_31_3.D,21.808,,,54114,,,28,Positive,,,,,,112.9800,,,21.745,,21.707,0.101,,,,,,,,,,,,,,,,,,,,,,,,,,,,,,,,,,,,,,,,,,Sample USSB_31 #3 Tube #829239 2022-08-02,,Demo Lab 8890 5977B,1,,Microplastics MMU (AN161) 28July.M,Deconvolution_2023-05-22.m,Success,
,,,,,,,,,,,,,,,,,,,,,,36,,,Cpd 36: 21.915,,,,,,,,,,,,,,,,,,,,,,,,,Find by Chromatogram Deconvolution,642915,,83.0600,,,,C:\Users\55129944\OneDrive - MMU (1)\PhD\Labs\TD_Markes_2022\Groupings\Categories\Plastic_Cups\PC_Sample_9_USSB_31_3.D,21.983,,,37713,,,36,Positive,,,,,,83.0600,,,21.915,,21.877,0.107,,,,,,,,,,,,,,,,,,,,,,,,,,,,,,,,,,,,,,,,,,Sample USSB_31 #3 Tube #829239 2022-08-02,,Demo Lab 8890 5977B,1,,Microplastics MMU (AN161) 28July.M,Deconvolution_2023-05-22.m,Success,
,,,,,,,,,,,,,,,,,,,,,,37,,,Cpd 37: 21.950,,,,,,,,,,,,,,,,,,,,,,,,,Find by Chromatogram Deconvolution,496447,,57.0700,,,,C:\Users\55129944\OneDrive - MMU (1)\PhD\Labs\TD_Markes_2022\Groupings\Categories\Plastic_Cups\PC_Sample_9_USSB_31_3.D,22.008,,,71247,,,27,Positive,,,,,,57.0700,,,21.950,,21.898,0.111,,,,,,,,,,,,,,,,,,,,,,,,,,,,,,,,,,,,,,,,,,Sample USSB_31 #3 Tube #829239 2022-08-02,,Demo Lab 8890 5977B,1,,Microplastics MMU (AN161) 28July.M,Deconvolution_2023-05-22.m,Success,
,,,,,,,,,,,,,,,,,,,,,,38,,,Cpd 38: 22.244,,,,,,,,,,,,,,,,,,,,,,,,,Find by Chromatogram Deconvolution,199081,,87.9600,,,,C:\Users\55129944\OneDrive - MMU (1)\PhD\Labs\TD_Markes_2022\Groupings\Categories\Plastic_Cups\PC_Sample_9_USSB_31_3.D,22.300,,,24663,,,27,Positive,,,,,,87.9600,,,22.244,,22.203,0.097,,,,,,,,,,,,,,,,,,,,,,,,,,,,,,,,,,,,,,,,,,Sample USSB_31 #3 Tube #829239 2022-08-02,,Demo Lab 8890 5977B,1,,Microplastics MMU (AN161) 28July.M,Deconvolution_2023-05-22.m,Success,
,,,,,,,,,,,,,,,,,,,,,,39,,,Cpd 39: 22.819,,,,,,,,,,,,,,,,,,,,,,,,,Find by Chromatogram Deconvolution,246904,,83.0600,,,,C:\Users\55129944\OneDrive - MMU (1)\PhD\Labs\TD_Markes_2022\Groupings\Categories\Plastic_Cups\PC_Sample_9_USSB_31_3.D,22.881,,,16413,,,27,Positive,,,,,,83.0600,,,22.819,,22.778,0.103,,,,,,,,,,,,,,,,,,,,,,,,,,,,,,,,,,,,,,,,,,Sample USSB_31 #3 Tube #829239 2022-08-02,,Demo Lab 8890 5977B,1,,Microplastics MMU (AN161) 28July.M,Deconvolution_2023-05-22.m,Success,
,,,,,,,,,,,,,,,,,,,,,,40,,,Cpd 40: 22.848,,,,,,,,,,,,,,,,,,,,,,,,,Find by Chromatogram Deconvolution,277354,,57.0700,,,,C:\Users\55129944\OneDrive - MMU (1)\PhD\Labs\TD_Markes_2022\Groupings\Categories\Plastic_Cups\PC_Sample_9_USSB_31_3.D,22.899,,,34574,,,22,Positive,,,,,,57.0700,,,22.848,,22.796,0.103,,,,,,,,,,,,,,,,,,,,,,,,,,,,,,,,,,,,,,,,,,Sample USSB_31 #3 Tube #829239 2022-08-02,,Demo Lab 8890 5977B,1,,Microplastics MMU (AN161) 28July.M,Deconvolution_2023-05-22.m,Success,
,,,,,,,,,,,,,,,,,,,,,,41,,,Cpd 41: 22.873,,,,,,,,,,,,,,,,,,,,,,,,,Find by Chromatogram Deconvolution,242066,,134.9600,,,,C:\Users\55129944\OneDrive - MMU (1)\PhD\Labs\TD_Markes_2022\Groupings\Categories\Plastic_Cups\PC_Sample_9_USSB_31_3.D,22.923,,,41306,,,26,Positive,,,,,,134.9600,,,22.873,,22.836,0.088,,,,,,,,,,,,,,,,,,,,,,,,,,,,,,,,,,,,,,,,,,Sample USSB_31 #3 Tube #829239 2022-08-02,,Demo Lab 8890 5977B,1,,Microplastics MMU (AN161) 28July.M,Deconvolution_2023-05-22.m,Success,
,,,,,,,,,,,,,,,,,,,,,,42,,,Cpd 42: 22.994,,,,,,,,,,,,,,,,,,,,,,,,,Find by Chromatogram Deconvolution,236324,,69.0400,,,,C:\Users\55129944\OneDrive - MMU (1)\PhD\Labs\TD_Markes_2022\Groupings\Categories\Plastic_Cups\PC_Sample_9_USSB_31_3.D,23.057,,,13928,,,26,Positive,,,,,,69.0400,,,22.994,,22.935,0.122,,,,,,,,,,,,,,,,,,,,,,,,,,,,,,,,,,,,,,,,,,Sample USSB_31 #3 Tube #829239 2022-08-02,,Demo Lab 8890 5977B,1,,Microplastics MMU (AN161) 28July.M,Deconvolution_2023-05-22.m,Success,
,,,,,,,,,,,,,,,,,,,,,,43,,,Cpd 43: 23.566,,,,,,,,,,,,,,,,,,,,,,,,,Find by Chromatogram Deconvolution,839184,,190.8900,,,,C:\Users\55129944\OneDrive - MMU (1)\PhD\Labs\TD_Markes_2022\Groupings\Categories\Plastic_Cups\PC_Sample_9_USSB_31_3.D,23.637,,,250628,,,22,Positive,,,,,,190.8900,,,23.566,,23.528,0.109,,,,,,,,,,,,,,,,,,,,,,,,,,,,,,,,,,,,,,,,,,Sample USSB_31 #3 Tube #829239 2022-08-02,,Demo Lab 8890 5977B,1,,Microplastics MMU (AN161) 28July.M,Deconvolution_2023-05-22.m,Success,
,,,,,,,,,,,,,,,,,,,,,,44,,,Cpd 44: 23.670,,,,,,,,,,,,,,,,,,,,,,,,,Find by Chromatogram Deconvolution,618322,,83.0600,,,,C:\Users\55129944\OneDrive - MMU (1)\PhD\Labs\TD_Markes_2022\Groupings\Categories\Plastic_Cups\PC_Sample_9_USSB_31_3.D,23.755,,,37647,,,33,Positive,,,,,,83.0600,,,23.670,,23.631,0.124,,,,,,,,,,,,,,,,,,,,,,,,,,,,,,,,,,,,,,,,,,Sample USSB_31 #3 Tube #829239 2022-08-02,,Demo Lab 8890 5977B,1,,Microplastics MMU (AN161) 28July.M,Deconvolution_2023-05-22.m,Success,
,,,,,,,,,,,,,,,,,,,,,,45,,,Cpd 45: 23.694,,,,,,,,,,,,,,,,,,,,,,,,,Find by Chromatogram Deconvolution,471834,,57.0700,,,,C:\Users\55129944\OneDrive - MMU (1)\PhD\Labs\TD_Markes_2022\Groupings\Categories\Plastic_Cups\PC_Sample_9_USSB_31_3.D,23.726,,,62940,,,25,Positive,,,,,,57.0700,,,23.694,,23.633,0.093,,,,,,,,,,,,,,,,,,,,,,,,,,,,,,,,,,,,,,,,,,Sample USSB_31 #3 Tube #829239 2022-08-02,,Demo Lab 8890 5977B,1,,Microplastics MMU (AN161) 28July.M,Deconvolution_2023-05-22.m,Success,
,,,,,,,,,,,,,,,,,,,,,,46,,,Cpd 46: 24.179,,,,,,,,,,,,,,,,,,,,,,,,,Find by Chromatogram Deconvolution,349441,,169.0100,,,,C:\Users\55129944\OneDrive - MMU (1)\PhD\Labs\TD_Markes_2022\Groupings\Categories\Plastic_Cups\PC_Sample_9_USSB_31_3.D,24.240,,,73822,,,27,Positive,,,,,,169.0100,,,24.179,,24.144,0.095,,,,,,,,,,,,,,,,,,,,,,,,,,,,,,,,,,,,,,,,,,Sample USSB_31 #3 Tube #829239 2022-08-02,,Demo Lab 8890 5977B,1,,Microplastics MMU (AN161) 28July.M,Deconvolution_2023-05-22.m,Success,
,,,,,,,,,,,,,,,,,,,,,,47,,,Cpd 47: 24.261,,,,,,,,,,,,,,,,,,,,,,,,,Find by Chromatogram Deconvolution,140574,,95.9900,,,,C:\Users\55129944\OneDrive - MMU (1)\PhD\Labs\TD_Markes_2022\Groupings\Categories\Plastic_Cups\PC_Sample_9_USSB_31_3.D,24.310,,,7732,,,31,Positive,,,,,,95.9900,,,24.261,,24.230,0.080,,,,,,,,,,,,,,,,,,,,,,,,,,,,,,,,,,,,,,,,,,Sample USSB_31 #3 Tube #829239 2022-08-02,,Demo Lab 8890 5977B,1,,Microplastics MMU (AN161) 28July.M,Deconvolution_2023-05-22.m,Success,
,,,,,,,,,,,,,,,,,,,,,,48,,,Cpd 48: 24.385,,,,,,,,,,,,,,,,,,,,,,,,,Find by Chromatogram Deconvolution,974194,,144.0000,,,,C:\Users\55129944\OneDrive - MMU (1)\PhD\Labs\TD_Markes_2022\Groupings\Categories\Plastic_Cups\PC_Sample_9_USSB_31_3.D,24.463,,,248647,,,16,Positive,,,,,,144.0000,,,24.385,,24.350,0.113,,,,,,,,,,,,,,,,,,,,,,,,,,,,,,,,,,,,,,,,,,Sample USSB_31 #3 Tube #829239 2022-08-02,,Demo Lab 8890 5977B,1,,Microplastics MMU (AN161) 28July.M,Deconvolution_2023-05-22.m,Success,
,,,,,,,,,,,,,,,,,,,,,,49,,,Cpd 49: 24.499,,,,,,,,,,,,,,,,,,,,,,,,,Find by Chromatogram Deconvolution,177158,,83.0600,,,,C:\Users\55129944\OneDrive - MMU (1)\PhD\Labs\TD_Markes_2022\Groupings\Categories\Plastic_Cups\PC_Sample_9_USSB_31_3.D,24.555,,,10280,,,27,Positive,,,,,,83.0600,,,24.499,,24.446,0.109,,,,,,,,,,,,,,,,,,,,,,,,,,,,,,,,,,,,,,,,,,Sample USSB_31 #3 Tube #829239 2022-08-02,,Demo Lab 8890 5977B,1,,Microplastics MMU (AN161) 28July.M,Deconvolution_2023-05-22.m,Success,
,,,,,,,,,,,,,,,,,,,,,,50,,,Cpd 50: 24.711,,,,,,,,,,,,,,,,,,,,,,,,,Find by Chromatogram Deconvolution,426661,,55.0200,,,,C:\Users\55129944\OneDrive - MMU (1)\PhD\Labs\TD_Markes_2022\Groupings\Categories\Plastic_Cups\PC_Sample_9_USSB_31_3.D,24.789,,,22886,,,40,Positive,,,,,,55.0200,,,24.711,,24.661,0.128,,,,,,,,,,,,,,,,,,,,,,,,,,,,,,,,,,,,,,,,,,Sample USSB_31 #3 Tube #829239 2022-08-02,,Demo Lab 8890 5977B,1,,Microplastics MMU (AN161) 28July.M,Deconvolution_2023-05-22.m,Success,
,,,,,,,,,,,,,,,,,,,,,,51,,,Cpd 51: 24.834,,,,,,,,,,,,,,,,,,,,,,,,,Find by Chromatogram Deconvolution,1346806,,92.1000,,,,C:\Users\55129944\OneDrive - MMU (1)\PhD\Labs\TD_Markes_2022\Groupings\Categories\Plastic_Cups\PC_Sample_9_USSB_31_3.D,24.919,,,212917,,,21,Positive,,,,,,92.1000,,,24.834,,24.789,0.130,,,,,,,,,,,,,,,,,,,,,,,,,,,,,,,,,,,,,,,,,,Sample USSB_31 #3 Tube #829239 2022-08-02,,Demo Lab 8890 5977B,1,,Microplastics MMU (AN161) 28July.M,Deconvolution_2023-05-22.m,Success,
,,,,,,,,,,,,,,,,,,,,,,52,,,Cpd 52: 24.944,,,,,,,,,,,,,,,,,,,,,,,,,Find by Chromatogram Deconvolution,192290,,71.0700,,,,C:\Users\55129944\OneDrive - MMU (1)\PhD\Labs\TD_Markes_2022\Groupings\Categories\Plastic_Cups\PC_Sample_9_USSB_31_3.D,25.036,,,13653,,,22,Positive,,,,,,71.0700,,,24.944,,24.896,0.139,,,,,,,,,,,,,,,,,,,,,,,,,,,,,,,,,,,,,,,,,,Sample USSB_31 #3 Tube #829239 2022-08-02,,Demo Lab 8890 5977B,1,,Microplastics MMU (AN161) 28July.M,Deconvolution_2023-05-22.m,Success,
,,,,,,,,,,,,,,,,,,,,,,53,,,Cpd 53: 25.199,,,,,,,,,,,,,,,,,,,,,,,,,Find by Chromatogram Deconvolution,457646,,97.0700,,,,C:\Users\55129944\OneDrive - MMU (1)\PhD\Labs\TD_Markes_2022\Groupings\Categories\Plastic_Cups\PC_Sample_9_USSB_31_3.D,25.257,,,20887,,,45,Positive,,,,,,97.0700,,,25.199,,25.156,0.101,,,,,,,,,,,,,,,,,,,,,,,,,,,,,,,,,,,,,,,,,,Sample USSB_31 #3 Tube #829239 2022-08-02,,Demo Lab 8890 5977B,1,,Microplastics MMU (AN161) 28July.M,Deconvolution_2023-05-22.m,Success,
,,,,,,,,,,,,,,,,,,,,,,54,,,Cpd 54: 25.328,,,,,,,,,,,,,,,,,,,,,,,,,Find by Chromatogram Deconvolution,328306,,104.1000,,,,C:\Users\55129944\OneDrive - MMU (1)\PhD\Labs\TD_Markes_2022\Groupings\Categories\Plastic_Cups\PC_Sample_9_USSB_31_3.D,25.406,,,104401,,,11,Positive,,,,,,104.1000,,,25.328,,25.278,0.128,,,,,,,,,,,,,,,,,,,,,,,,,,,,,,,,,,,,,,,,,,Sample USSB_31 #3 Tube #829239 2022-08-02,,Demo Lab 8890 5977B,1,,Microplastics MMU (AN161) 28July.M,Deconvolution_2023-05-22.m,Success,
,,,,,,,,,,,,,,,,,,,,,,55,,,Cpd 55: 25.486,,,,,,,,,,,,,,,,,,,,,,,,,Find by Chromatogram Deconvolution,1603162,,91.1000,,,,C:\Users\55129944\OneDrive - MMU (1)\PhD\Labs\TD_Markes_2022\Groupings\Categories\Plastic_Cups\PC_Sample_9_USSB_31_3.D,25.583,,,278176,,,27,Positive,,,,,,91.1000,,,25.486,,25.440,0.143,,,,,,,,,,,,,,,,,,,,,,,,,,,,,,,,,,,,,,,,,,Sample USSB_31 #3 Tube #829239 2022-08-02,,Demo Lab 8890 5977B,1,,Microplastics MMU (AN161) 28July.M,Deconvolution_2023-05-22.m,Success,
,,,,,,,,,,,,,,,,,,,,,,56,,,Cpd 56: 25.674,,,,,,,,,,,,,,,,,,,,,,,,,Find by Chromatogram Deconvolution,143370,,194.1100,,,,C:\Users\55129944\OneDrive - MMU (1)\PhD\Labs\TD_Markes_2022\Groupings\Categories\Plastic_Cups\PC_Sample_9_USSB_31_3.D,25.721,,,7038,,,30,Positive,,,,,,194.1100,,,25.674,,25.620,0.101,,,,,,,,,,,,,,,,,,,,,,,,,,,,,,,,,,,,,,,,,,Sample USSB_31 #3 Tube #829239 2022-08-02,,Demo Lab 8890 5977B,1,,Microplastics MMU (AN161) 28July.M,Deconvolution_2023-05-22.m,Success,
,,,,,,,,,,,,,,,,,,,,,,57,,,Cpd 57: 25.751,,,,,,,,,,,,,,,,,,,,,,,,,Find by Chromatogram Deconvolution,495477,,98.9900,,,,C:\Users\55129944\OneDrive - MMU (1)\PhD\Labs\TD_Markes_2022\Groupings\Categories\Plastic_Cups\PC_Sample_9_USSB_31_3.D,25.824,,,38153,,,42,Positive,,,,,,98.9900,,,25.751,,25.704,0.120,,,,,,,,,,,,,,,,,,,,,,,,,,,,,,,,,,,,,,,,,,Sample USSB_31 #3 Tube #829239 2022-08-02,,Demo Lab 8890 5977B,1,,Microplastics MMU (AN161) 28July.M,Deconvolution_2023-05-22.m,Success,
,,,,,,,,,,,,,,,,,,,,,,58,,,Cpd 58: 25.860,,,,,,,,,,,,,,,,,,,,,,,,,Find by Chromatogram Deconvolution,5828268,,104.1000,,,,C:\Users\55129944\OneDrive - MMU (1)\PhD\Labs\TD_Markes_2022\Groupings\Categories\Plastic_Cups\PC_Sample_9_USSB_31_3.D,25.971,,,1819122,,,15,Positive,,,,,,104.1000,,,25.860,,25.812,0.158,,,,,,,,,,,,,,,,,,,,,,,,,,,,,,,,,,,,,,,,,,Sample USSB_31 #3 Tube #829239 2022-08-02,,Demo Lab 8890 5977B,1,,Microplastics MMU (AN161) 28July.M,Deconvolution_2023-05-22.m,Success,
,,,,,,,,,,,,,,,,,,,,,,59,,,Cpd 59: 26.152,,,,,,,,,,,,,,,,,,,,,,,,,Find by Chromatogram Deconvolution,222742,,129.9600,,,,C:\Users\55129944\OneDrive - MMU (1)\PhD\Labs\TD_Markes_2022\Groupings\Categories\Plastic_Cups\PC_Sample_9_USSB_31_3.D,26.215,,,12310,,,29,Positive,,,,,,129.9600,,,26.152,,26.095,0.120,,,,,,,,,,,,,,,,,,,,,,,,,,,,,,,,,,,,,,,,,,Sample USSB_31 #3 Tube #829239 2022-08-02,,Demo Lab 8890 5977B,1,,Microplastics MMU (AN161) 28July.M,Deconvolution_2023-05-22.m,Success,
,,,,,,,,,,,,,,,,,,,,,,60,,,Cpd 60: 26.319,,,,,,,,,,,,,,,,,,,,,,,,,Find by Chromatogram Deconvolution,6382440,,97.0700,,,,C:\Users\55129944\OneDrive - MMU (1)\PhD\Labs\TD_Markes_2022\Groupings\Categories\Plastic_Cups\PC_Sample_9_USSB_31_3.D,26.435,,,234332,,,62,Positive,,,,,,97.0700,,,26.319,,26.265,0.170,,,,,,,,,,,,,,,,,,,,,,,,,,,,,,,,,,,,,,,,,,Sample USSB_31 #3 Tube #829239 2022-08-02,,Demo Lab 8890 5977B,1,,Microplastics MMU (AN161) 28July.M,Deconvolution_2023-05-22.m,Success,
,,,,,,,,,,,,,,,,,,,,,,61,,,Cpd 61: 26.474,,,,,,,,,,,,,,,,,,,,,,,,,Find by Chromatogram Deconvolution,126440,,91.1000,,,,C:\Users\55129944\OneDrive - MMU (1)\PhD\Labs\TD_Markes_2022\Groupings\Categories\Plastic_Cups\PC_Sample_9_USSB_31_3.D,26.526,,,8830,,,22,Positive,,,,,,91.1000,,,26.474,,26.431,0.095,,,,,,,,,,,,,,,,,,,,,,,,,,,,,,,,,,,,,,,,,,Sample USSB_31 #3 Tube #829239 2022-08-02,,Demo Lab 8890 5977B,1,,Microplastics MMU (AN161) 28July.M,Deconvolution_2023-05-22.m,Success,
,,,,,,,,,,,,,,,,,,,,,,62,,,Cpd 62: 26.505,,,,,,,,,,,,,,,,,,,,,,,,,Find by Chromatogram Deconvolution,349818,,43.0200,,,,C:\Users\55129944\OneDrive - MMU (1)\PhD\Labs\TD_Markes_2022\Groupings\Categories\Plastic_Cups\PC_Sample_9_USSB_31_3.D,26.568,,,10476,,,48,Positive,,,,,,43.0200,,,26.505,,26.439,0.130,,,,,,,,,,,,,,,,,,,,,,,,,,,,,,,,,,,,,,,,,,Sample USSB_31 #3 Tube #829239 2022-08-02,,Demo Lab 8890 5977B,1,,Microplastics MMU (AN161) 28July.M,Deconvolution_2023-05-22.m,Success,
,,,,,,,,,,,,,,,,,,,,,,63,,,Cpd 63: 26.686,,,,,,,,,,,,,,,,,,,,,,,,,Find by Chromatogram Deconvolution,181667,,72.0000,,,,C:\Users\55129944\OneDrive - MMU (1)\PhD\Labs\TD_Markes_2022\Groupings\Categories\Plastic_Cups\PC_Sample_9_USSB_31_3.D,26.868,,,10189,,,15,Positive,,,,,,72.0000,,,26.686,,26.480,0.388,,,,,,,,,,,,,,,,,,,,,,,,,,,,,,,,,,,,,,,,,,Sample USSB_31 #3 Tube #829239 2022-08-02,,Demo Lab 8890 5977B,1,,Microplastics MMU (AN161) 28July.M,Deconvolution_2023-05-22.m,Success,
,,,,,,,,,,,,,,,,,,,,,,64,,,Cpd 64: 26.711,,,,,,,,,,,,,,,,,,,,,,,,,Find by Chromatogram Deconvolution,174963,,59.0000,,,,C:\Users\55129944\OneDrive - MMU (1)\PhD\Labs\TD_Markes_2022\Groupings\Categories\Plastic_Cups\PC_Sample_9_USSB_31_3.D,26.849,,,12105,,,16,Positive,,,,,,59.0000,,,26.711,,26.532,0.317,,,,,,,,,,,,,,,,,,,,,,,,,,,,,,,,,,,,,,,,,,Sample USSB_31 #3 Tube #829239 2022-08-02,,Demo Lab 8890 5977B,1,,Microplastics MMU (AN161) 28July.M,Deconvolution_2023-05-22.m,Success,
,,,,,,,,,,,,,,,,,,,,,,65,,,Cpd 65: 26.765,,,,,,,,,,,,,,,,,,,,,,,,,Find by Chromatogram Deconvolution,811739,,91.1000,,,,C:\Users\55129944\OneDrive - MMU (1)\PhD\Labs\TD_Markes_2022\Groupings\Categories\Plastic_Cups\PC_Sample_9_USSB_31_3.D,26.843,,,153314,,,16,Positive,,,,,,91.1000,,,26.765,,26.708,0.136,,,,,,,,,,,,,,,,,,,,,,,,,,,,,,,,,,,,,,,,,,Sample USSB_31 #3 Tube #829239 2022-08-02,,Demo Lab 8890 5977B,1,,Microplastics MMU (AN161) 28July.M,Deconvolution_2023-05-22.m,Success,
,,,,,,,,,,,,,,,,,,,,,,66,,,Cpd 66: 27.272,,,,,,,,,,,,,,,,,,,,,,,,,Find by Chromatogram Deconvolution,2174582,,57.9600,,,,C:\Users\55129944\OneDrive - MMU (1)\PhD\Labs\TD_Markes_2022\Groupings\Categories\Plastic_Cups\PC_Sample_9_USSB_31_3.D,27.408,,,130750,,,47,Positive,,,,,,57.9600,,,27.272,,27.202,0.206,,,,,,,,,,,,,,,,,,,,,,,,,,,,,,,,,,,,,,,,,,Sample USSB_31 #3 Tube #829239 2022-08-02,,Demo Lab 8890 5977B,1,,Microplastics MMU (AN161) 28July.M,Deconvolution_2023-05-22.m,Success,
,,,,,,,,,,,,,,,,,,,,,,67,,,Cpd 67: 27.279,,,,,,,,,,,,,,,,,,,,,,,,,Find by Chromatogram Deconvolution,410348,,74.0000,,,,C:\Users\55129944\OneDrive - MMU (1)\PhD\Labs\TD_Markes_2022\Groupings\Categories\Plastic_Cups\PC_Sample_9_USSB_31_3.D,27.374,,,32111,,,27,Positive,,,,,,74.0000,,,27.279,,27.210,0.164,,,,,,,,,,,,,,,,,,,,,,,,,,,,,,,,,,,,,,,,,,Sample USSB_31 #3 Tube #829239 2022-08-02,,Demo Lab 8890 5977B,1,,Microplastics MMU (AN161) 28July.M,Deconvolution_2023-05-22.m,Success,
,,,,,,,,,,,,,,,,,,,,,,68,,,Cpd 68: 27.698,,,,,,,,,,,,,,,,,,,,,,,,,Find by Chromatogram Deconvolution,1412556,,97.0700,,,,C:\Users\55129944\OneDrive - MMU (1)\PhD\Labs\TD_Markes_2022\Groupings\Categories\Plastic_Cups\PC_Sample_9_USSB_31_3.D,27.782,,,37969,,,58,Positive,,,,,,97.0700,,,27.698,,27.632,0.151,,,,,,,,,,,,,,,,,,,,,,,,,,,,,,,,,,,,,,,,,,Sample USSB_31 #3 Tube #829239 2022-08-02,,Demo Lab 8890 5977B,1,,Microplastics MMU (AN161) 28July.M,Deconvolution_2023-05-22.m,Success,
,,,,,,,,,,,,,,,,,,,,,,69,,,Cpd 69: 28.277,,,,,,,,,,,,,,,,,,,,,,,,,Find by Chromatogram Deconvolution,299101,,57.0700,,,,C:\Users\55129944\OneDrive - MMU (1)\PhD\Labs\TD_Markes_2022\Groupings\Categories\Plastic_Cups\PC_Sample_9_USSB_31_3.D,28.345,,,12898,,,17,Positive,,,,,,57.0700,,,28.277,,28.134,0.212,,,,,,,,,,,,,,,,,,,,,,,,,,,,,,,,,,,,,,,,,,Sample USSB_31 #3 Tube #829239 2022-08-02,,Demo Lab 8890 5977B,1,,Microplastics MMU (AN161) 28July.M,Deconvolution_2023-05-22.m,Success,
,,,,,,,,,,,,,,,,,,,,,,70,,,Cpd 70: 28.461,,,,,,,,,,,,,,,,,,,,,,,,,Find by Chromatogram Deconvolution,4874285,,72.9900,,,,C:\Users\55129944\OneDrive - MMU (1)\PhD\Labs\TD_Markes_2022\Groupings\Categories\Plastic_Cups\PC_Sample_9_USSB_31_3.D,28.657,,,110505,,,66,Positive,,,,,,72.9900,,,28.461,,28.386,0.271,,,,,,,,,,,,,,,,,,,,,,,,,,,,,,,,,,,,,,,,,,Sample USSB_31 #3 Tube #829239 2022-08-02,,Demo Lab 8890 5977B,1,,Microplastics MMU (AN161) 28July.M,Deconvolution_2023-05-22.m,Success,
,,,,,,,,,,,,,,,,,,,,,,71,,,Cpd 71: 28.731,,,,,,,,,,,,,,,,,,,,,,,,,Find by Chromatogram Deconvolution,148823,,221.0800,,,,C:\Users\55129944\OneDrive - MMU (1)\PhD\Labs\TD_Markes_2022\Groupings\Categories\Plastic_Cups\PC_Sample_9_USSB_31_3.D,28.744,,,12913,,,17,Positive,,,,,,221.0800,,,28.731,,28.704,0.040,,,,,,,,,,,,,,,,,,,,,,,,,,,,,,,,,,,,,,,,,,Sample USSB_31 #3 Tube #829239 2022-08-02,,Demo Lab 8890 5977B,1,,Microplastics MMU (AN161) 28July.M,Deconvolution_2023-05-22.m,Success,
,,,,,,,,,,,,,,,,,,,,,,72,,,Cpd 72: 28.744,,,,,,,,,,,,,,,,,,,,,,,,,Find by Chromatogram Deconvolution,165926,,206.1000,,,,C:\Users\55129944\OneDrive - MMU (1)\PhD\Labs\TD_Markes_2022\Groupings\Categories\Plastic_Cups\PC_Sample_9_USSB_31_3.D,28.762,,,23695,,,17,Positive,,,,,,206.1000,,,28.744,,28.718,0.044,,,,,,,,,,,,,,,,,,,,,,,,,,,,,,,,,,,,,,,,,,Sample USSB_31 #3 Tube #829239 2022-08-02,,Demo Lab 8890 5977B,1,,Microplastics MMU (AN161) 28July.M,Deconvolution_2023-05-22.m,Success,
,,,,,,,,,,,,,,,,,,,,,,73,,,Cpd 73: 28.756,,,,,,,,,,,,,,,,,,,,,,,,,Find by Chromatogram Deconvolution,486554,,128.9600,,,,C:\Users\55129944\OneDrive - MMU (1)\PhD\Labs\TD_Markes_2022\Groupings\Categories\Plastic_Cups\PC_Sample_9_USSB_31_3.D,28.769,,,42285,,,20,Positive,,,,,,128.9600,,,28.756,,28.622,0.147,,,,,,,,,,,,,,,,,,,,,,,,,,,,,,,,,,,,,,,,,,Sample USSB_31 #3 Tube #829239 2022-08-02,,Demo Lab 8890 5977B,1,,Microplastics MMU (AN161) 28July.M,Deconvolution_2023-05-22.m,Success,
,,,,,,,,,,,,,,,,,,,,,,74,,,Cpd 74: 28.773,,,,,,,,,,,,,,,,,,,,,,,,,Find by Chromatogram Deconvolution,4812424,,117.1000,,,,C:\Users\55129944\OneDrive - MMU (1)\PhD\Labs\TD_Markes_2022\Groupings\Categories\Plastic_Cups\PC_Sample_9_USSB_31_3.D,29.120,,,340714,,,15,Positive,,,,,,117.1000,,,28.773,,28.523,0.597,,,,,,,,,,,,,,,,,,,,,,,,,,,,,,,,,,,,,,,,,,Sample USSB_31 #3 Tube #829239 2022-08-02,,Demo Lab 8890 5977B,1,,Microplastics MMU (AN161) 28July.M,Deconvolution_2023-05-22.m,Success,
,,,,,,,,,,,,,,,,,,,,,,75,,,Cpd 75: 28.784,,,,,,,,,,,,,,,,,,,,,,,,,Find by Chromatogram Deconvolution,7493717,,207.0000,,,,C:\Users\55129944\OneDrive - MMU (1)\PhD\Labs\TD_Markes_2022\Groupings\Categories\Plastic_Cups\PC_Sample_9_USSB_31_3.D,28.811,,,209140,,,29,Positive,,,,,,207.0000,,,28.784,,28.767,0.044,,,,,,,,,,,,,,,,,,,,,,,,,,,,,,,,,,,,,,,,,,Sample USSB_31 #3 Tube #829239 2022-08-02,,Demo Lab 8890 5977B,1,,Microplastics MMU (AN161) 28July.M,Deconvolution_2023-05-22.m,Success,
,,,,,,,,,,,,,,,,,,,,,,76,,,Cpd 76: 28.800,,,,,,,,,,,,,,,,,,,,,,,,,Find by Chromatogram Deconvolution,156862,,206.1000,,,,C:\Users\55129944\OneDrive - MMU (1)\PhD\Labs\TD_Markes_2022\Groupings\Categories\Plastic_Cups\PC_Sample_9_USSB_31_3.D,28.805,,,24662,,,17,Positive,,,,,,206.1000,,,28.800,,28.779,0.027,,,,,,,,,,,,,,,,,,,,,,,,,,,,,,,,,,,,,,,,,,Sample USSB_31 #3 Tube #829239 2022-08-02,,Demo Lab 8890 5977B,1,,Microplastics MMU (AN161) 28July.M,Deconvolution_2023-05-22.m,Success,
,,,,,,,,,,,,,,,,,,,,,,77,,,Cpd 77: 28.806,,,,,,,,,,,,,,,,,,,,,,,,,Find by Chromatogram Deconvolution,303268,,128.9600,,,,C:\Users\55129944\OneDrive - MMU (1)\PhD\Labs\TD_Markes_2022\Groupings\Categories\Plastic_Cups\PC_Sample_9_USSB_31_3.D,28.992,,,39261,,,18,Positive,,,,,,128.9600,,,28.806,,28.786,0.206,,,,,,,,,,,,,,,,,,,,,,,,,,,,,,,,,,,,,,,,,,Sample USSB_31 #3 Tube #829239 2022-08-02,,Demo Lab 8890 5977B,1,,Microplastics MMU (AN161) 28July.M,Deconvolution_2023-05-22.m,Success,
,,,,,,,,,,,,,,,,,,,,,,78,,,Cpd 78: 28.818,,,,,,,,,,,,,,,,,,,,,,,,,Find by Chromatogram Deconvolution,136005,,165.0000,,,,C:\Users\55129944\OneDrive - MMU (1)\PhD\Labs\TD_Markes_2022\Groupings\Categories\Plastic_Cups\PC_Sample_9_USSB_31_3.D,28.908,,,12699,,,13,Positive,,,,,,165.0000,,,28.818,,28.786,0.122,,,,,,,,,,,,,,,,,,,,,,,,,,,,,,,,,,,,,,,,,,Sample USSB_31 #3 Tube #829239 2022-08-02,,Demo Lab 8890 5977B,1,,Microplastics MMU (AN161) 28July.M,Deconvolution_2023-05-22.m,Success,
,,,,,,,,,,,,,,,,,,,,,,79,,,Cpd 79: 28.913,,,,,,,,,,,,,,,,,,,,,,,,,Find by Chromatogram Deconvolution,339613,,69.0400,,,,C:\Users\55129944\OneDrive - MMU (1)\PhD\Labs\TD_Markes_2022\Groupings\Categories\Plastic_Cups\PC_Sample_9_USSB_31_3.D,28.987,,,16134,,,34,Positive,,,,,,69.0400,,,28.913,,28.861,0.126,,,,,,,,,,,,,,,,,,,,,,,,,,,,,,,,,,,,,,,,,,Sample USSB_31 #3 Tube #829239 2022-08-02,,Demo Lab 8890 5977B,1,,Microplastics MMU (AN161) 28July.M,Deconvolution_2023-05-22.m,Success,
,,,,,,,,,,,,,,,,,,,,,,80,,,Cpd 80: 28.922,,,,,,,,,,,,,,,,,,,,,,,,,Find by Chromatogram Deconvolution,261889,,69.0400,,,,C:\Users\55129944\OneDrive - MMU (1)\PhD\Labs\TD_Markes_2022\Groupings\Categories\Plastic_Cups\PC_Sample_9_USSB_31_3.D,28.989,,,16134,,,23,Positive,,,,,,69.0400,,,28.922,,28.851,0.137,,,,,,,,,,,,,,,,,,,,,,,,,,,,,,,,,,,,,,,,,,Sample USSB_31 #3 Tube #829239 2022-08-02,,Demo Lab 8890 5977B,1,,Microplastics MMU (AN161) 28July.M,Deconvolution_2023-05-22.m,Success,
,,,,,,,,,,,,,,,,,,,,,,81,,,Cpd 81: 29.445,,,,,,,,,,,,,,,,,,,,,,,,,Find by Chromatogram Deconvolution,6772050,,97.0700,,,,C:\Users\55129944\OneDrive - MMU (1)\PhD\Labs\TD_Markes_2022\Groupings\Categories\Plastic_Cups\PC_Sample_9_USSB_31_3.D,29.620,,,138655,,,62,Positive,,,,,,97.0700,,,29.445,,29.359,0.261,,,,,,,,,,,,,,,,,,,,,,,,,,,,,,,,,,,,,,,,,,Sample USSB_31 #3 Tube #829239 2022-08-02,,Demo Lab 8890 5977B,1,,Microplastics MMU (AN161) 28July.M,Deconvolution_2023-05-22.m,Success,
,,,,,,,,,,,,,,,,,,,,,,82,,,Cpd 82: 29.764,,,,,,,,,,,,,,,,,,,,,,,,,Find by Chromatogram Deconvolution,360683,,43.0200,,,,C:\Users\55129944\OneDrive - MMU (1)\PhD\Labs\TD_Markes_2022\Groupings\Categories\Plastic_Cups\PC_Sample_9_USSB_31_3.D,29.846,,,8346,,,40,Positive,,,,,,43.0200,,,29.764,,29.689,0.157,,,,,,,,,,,,,,,,,,,,,,,,,,,,,,,,,,,,,,,,,,Sample USSB_31 #3 Tube #829239 2022-08-02,,Demo Lab 8890 5977B,1,,Microplastics MMU (AN161) 28July.M,Deconvolution_2023-05-22.m,Success,
