Version 1

Score (Bio),"Diff (Bio, mDa)","Diff (Bio, ppm)",Uncertainty,Fit Score,Enzyme,Hits (Bioconfirm),Links,Seq Loc,Rule,Missed,Mods,Significance,Pred Mods,Sequence,Seq Name,Seq Type,Tgt Seq Mass,AGILENTID,CAS,Compound ID,Name,Cpd,HMP,KEGG,Label,LMP,METLIN,MPPID,NCBI ID,Notes,Swiss-Prot,Hits (DB),Mass (DB),"Diff (DB, mDa)",Formula (DB),"Diff (DB, ppm)",RT (DB),RT Diff (DB),Score (DB),Shared (DB),Unique (DB),"Diff (MFG, mDa)",Mass (MFG),Formula (MFG),"Diff (MFG, ppm)",Score (MFG),Tgt Hit Pos,Score Diff,Abund,Algorithm,Area,Avg Mass,Base Peak,Z Count,CE,MS/MS Count,File,End,Formula,FV,Height,ID Source,ID Techniques Applied,Ions,Polarity,Max Z,Min Z,Modified,Mass,Score,m/z,m/z (prod.),Score (MFE),RT,Saturated,Start,Width,Library,Score (Lib),Cpds/Group,Group,Std Dev,Vol %,Vol,Primary Base,Primary Note,ADC% Area,ADC% Height,EIC/TIC% Area,EIC/TIC% Height,TIC% Area,TIC% Height,TWC% Area,TWC% Height,UVA% Area,UVA% Height,UVB% Area,UVB% Height,UVC% Area,UVC% Height,Purity Comments,Purity Result,Purity Value,Score (Frag),FIs Conf.,FIs Conf. %,FIs Eval.,Source,"Diff (Tgt, mDa)",Formula (Tgt),"Diff (Tgt, ppm)",RT (Tgt),RT Diff (Tgt),Score (Tgt),Flags (Tgt),Flag Severity (Tgt),Flag Severity Code (Tgt),Mass (Tgt),Sample Name,Sample Type,Instrument Name,Position,User Name,Acq Method,DA Method,IRM Calibration status
,,,,,,,,,,,,,,,,,,,,,,1,,,Cpd 1: 1.391,,,,,,,,,,,,,,,,,,,,,,,,,Find by Chromatogram Deconvolution,249983,,44.0000,,,,C:\Users\55129944\OneDrive - MMU (1)\PhD\Labs\TD_Markes_2022\Groupings\Categories\Plastic_Cups\PC_Sample_3_USE_04_3.D,1.538,,,57000,,,2,Positive,,,,,,44.0000,,,1.391,,1.291,0.247,,,,,,,,,,,,,,,,,,,,,,,,,,,,,,,,,,,,,,,,,,Sample USE_04 #3 Tube #829227 2022-07-28,,Demo Lab 8890 5977B,1,,Microplastics MMU (AN161) 28July.M,Deconvolution_2023-05-22.m,Success,
,,,,,,,,,,,,,,,,,,,,,,2,,,Cpd 2: 1.520,,,,,,,,,,,,,,,,,,,,,,,,,Find by Chromatogram Deconvolution,299716,,41.0000,,,,C:\Users\55129944\OneDrive - MMU (1)\PhD\Labs\TD_Markes_2022\Groupings\Categories\Plastic_Cups\PC_Sample_3_USE_04_3.D,1.588,,,61518,,,8,Positive,,,,,,41.0000,,,1.520,,1.487,0.101,,,,,,,,,,,,,,,,,,,,,,,,,,,,,,,,,,,,,,,,,,Sample USE_04 #3 Tube #829227 2022-07-28,,Demo Lab 8890 5977B,1,,Microplastics MMU (AN161) 28July.M,Deconvolution_2023-05-22.m,Success,
,,,,,,,,,,,,,,,,,,,,,,3,,,Cpd 3: 1.659,,,,,,,,,,,,,,,,,,,,,,,,,Find by Chromatogram Deconvolution,88935,,63.7500,,,,C:\Users\55129944\OneDrive - MMU (1)\PhD\Labs\TD_Markes_2022\Groupings\Categories\Plastic_Cups\PC_Sample_3_USE_04_3.D,1.784,,,13869,,,5,Positive,,,,,,63.7500,,,1.659,,1.616,0.167,,,,,,,,,,,,,,,,,,,,,,,,,,,,,,,,,,,,,,,,,,Sample USE_04 #3 Tube #829227 2022-07-28,,Demo Lab 8890 5977B,1,,Microplastics MMU (AN161) 28July.M,Deconvolution_2023-05-22.m,Success,
,,,,,,,,,,,,,,,,,,,,,,4,,,Cpd 4: 1.810,,,,,,,,,,,,,,,,,,,,,,,,,Find by Chromatogram Deconvolution,253229,,41.0000,,,,C:\Users\55129944\OneDrive - MMU (1)\PhD\Labs\TD_Markes_2022\Groupings\Categories\Plastic_Cups\PC_Sample_3_USE_04_3.D,1.871,,,51035,,,10,Positive,,,,,,41.0000,,,1.810,,1.767,0.105,,,,,,,,,,,,,,,,,,,,,,,,,,,,,,,,,,,,,,,,,,Sample USE_04 #3 Tube #829227 2022-07-28,,Demo Lab 8890 5977B,1,,Microplastics MMU (AN161) 28July.M,Deconvolution_2023-05-22.m,Success,
,,,,,,,,,,,,,,,,,,,,,,5,,,Cpd 5: 1.868,,,,,,,,,,,,,,,,,,,,,,,,,Find by Chromatogram Deconvolution,44887,,53.8600,,,,C:\Users\55129944\OneDrive - MMU (1)\PhD\Labs\TD_Markes_2022\Groupings\Categories\Plastic_Cups\PC_Sample_3_USE_04_3.D,1.942,,,6828,,,6,Positive,,,,,,53.8600,,,1.868,,1.824,0.118,,,,,,,,,,,,,,,,,,,,,,,,,,,,,,,,,,,,,,,,,,Sample USE_04 #3 Tube #829227 2022-07-28,,Demo Lab 8890 5977B,1,,Microplastics MMU (AN161) 28July.M,Deconvolution_2023-05-22.m,Success,
,,,,,,,,,,,,,,,,,,,,,,6,,,Cpd 6: 1.911,,,,,,,,,,,,,,,,,,,,,,,,,Find by Chromatogram Deconvolution,304466,,44.0000,,,,C:\Users\55129944\OneDrive - MMU (1)\PhD\Labs\TD_Markes_2022\Groupings\Categories\Plastic_Cups\PC_Sample_3_USE_04_3.D,1.987,,,100032,,,5,Positive,,,,,,44.0000,,,1.911,,1.879,0.108,,,,,,,,,,,,,,,,,,,,,,,,,,,,,,,,,,,,,,,,,,Sample USE_04 #3 Tube #829227 2022-07-28,,Demo Lab 8890 5977B,1,,Microplastics MMU (AN161) 28July.M,Deconvolution_2023-05-22.m,Success,
,,,,,,,,,,,,,,,,,,,,,,7,,,Cpd 7: 2.634,,,,,,,,,,,,,,,,,,,,,,,,,Find by Chromatogram Deconvolution,536714,,44.8600,,,,C:\Users\55129944\OneDrive - MMU (1)\PhD\Labs\TD_Markes_2022\Groupings\Categories\Plastic_Cups\PC_Sample_3_USE_04_3.D,2.744,,,183580,,,3,Positive,,,,,,44.8600,,,2.634,,2.600,0.145,,,,,,,,,,,,,,,,,,,,,,,,,,,,,,,,,,,,,,,,,,Sample USE_04 #3 Tube #829227 2022-07-28,,Demo Lab 8890 5977B,1,,Microplastics MMU (AN161) 28July.M,Deconvolution_2023-05-22.m,Success,
,,,,,,,,,,,,,,,,,,,,,,8,,,Cpd 8: 2.931,,,,,,,,,,,,,,,,,,,,,,,,,Find by Chromatogram Deconvolution,160434,,56.0000,,,,C:\Users\55129944\OneDrive - MMU (1)\PhD\Labs\TD_Markes_2022\Groupings\Categories\Plastic_Cups\PC_Sample_3_USE_04_3.D,3.054,,,36425,,,4,Positive,,,,,,56.0000,,,2.931,,2.885,0.169,,,,,,,,,,,,,,,,,,,,,,,,,,,,,,,,,,,,,,,,,,Sample USE_04 #3 Tube #829227 2022-07-28,,Demo Lab 8890 5977B,1,,Microplastics MMU (AN161) 28July.M,Deconvolution_2023-05-22.m,Success,
,,,,,,,,,,,,,,,,,,,,,,9,,,Cpd 9: 3.086,,,,,,,,,,,,,,,,,,,,,,,,,Find by Chromatogram Deconvolution,169444,,42.9900,,,,C:\Users\55129944\OneDrive - MMU (1)\PhD\Labs\TD_Markes_2022\Groupings\Categories\Plastic_Cups\PC_Sample_3_USE_04_3.D,3.212,,,47378,,,4,Positive,,,,,,42.9900,,,3.086,,3.049,0.164,,,,,,,,,,,,,,,,,,,,,,,,,,,,,,,,,,,,,,,,,,Sample USE_04 #3 Tube #829227 2022-07-28,,Demo Lab 8890 5977B,1,,Microplastics MMU (AN161) 28July.M,Deconvolution_2023-05-22.m,Success,
,,,,,,,,,,,,,,,,,,,,,,10,,,Cpd 10: 3.382,,,,,,,,,,,,,,,,,,,,,,,,,Find by Chromatogram Deconvolution,121367,,42.9900,,,,C:\Users\55129944\OneDrive - MMU (1)\PhD\Labs\TD_Markes_2022\Groupings\Categories\Plastic_Cups\PC_Sample_3_USE_04_3.D,3.475,,,12338,,,5,Positive,,,,,,42.9900,,,3.382,,3.332,0.143,,,,,,,,,,,,,,,,,,,,,,,,,,,,,,,,,,,,,,,,,,Sample USE_04 #3 Tube #829227 2022-07-28,,Demo Lab 8890 5977B,1,,Microplastics MMU (AN161) 28July.M,Deconvolution_2023-05-22.m,Success,
,,,,,,,,,,,,,,,,,,,,,,11,,,Cpd 11: 3.862,,,,,,,,,,,,,,,,,,,,,,,,,Find by Chromatogram Deconvolution,56405,,42.9900,,,,C:\Users\55129944\OneDrive - MMU (1)\PhD\Labs\TD_Markes_2022\Groupings\Categories\Plastic_Cups\PC_Sample_3_USE_04_3.D,3.952,,,5934,,,5,Positive,,,,,,42.9900,,,3.862,,3.754,0.198,,,,,,,,,,,,,,,,,,,,,,,,,,,,,,,,,,,,,,,,,,Sample USE_04 #3 Tube #829227 2022-07-28,,Demo Lab 8890 5977B,1,,Microplastics MMU (AN161) 28July.M,Deconvolution_2023-05-22.m,Success,
,,,,,,,,,,,,,,,,,,,,,,12,,,Cpd 12: 4.509,,,,,,,,,,,,,,,,,,,,,,,,,Find by Chromatogram Deconvolution,1523608,,56.0000,,,,C:\Users\55129944\OneDrive - MMU (1)\PhD\Labs\TD_Markes_2022\Groupings\Categories\Plastic_Cups\PC_Sample_3_USE_04_3.D,4.612,,,105907,,,18,Positive,,,,,,56.0000,,,4.509,,4.429,0.183,,,,,,,,,,,,,,,,,,,,,,,,,,,,,,,,,,,,,,,,,,Sample USE_04 #3 Tube #829227 2022-07-28,,Demo Lab 8890 5977B,1,,Microplastics MMU (AN161) 28July.M,Deconvolution_2023-05-22.m,Success,
,,,,,,,,,,,,,,,,,,,,,,13,,,Cpd 13: 5.679,,,,,,,,,,,,,,,,,,,,,,,,,Find by Chromatogram Deconvolution,41914,,42.9900,,,,C:\Users\55129944\OneDrive - MMU (1)\PhD\Labs\TD_Markes_2022\Groupings\Categories\Plastic_Cups\PC_Sample_3_USE_04_3.D,6.015,,,9322,,,3,Positive,,,,,,42.9900,,,5.679,,5.601,0.415,,,,,,,,,,,,,,,,,,,,,,,,,,,,,,,,,,,,,,,,,,Sample USE_04 #3 Tube #829227 2022-07-28,,Demo Lab 8890 5977B,1,,Microplastics MMU (AN161) 28July.M,Deconvolution_2023-05-22.m,Success,
,,,,,,,,,,,,,,,,,,,,,,14,,,Cpd 14: 5.959,,,,,,,,,,,,,,,,,,,,,,,,,Find by Chromatogram Deconvolution,73942,,42.9900,,,,C:\Users\55129944\OneDrive - MMU (1)\PhD\Labs\TD_Markes_2022\Groupings\Categories\Plastic_Cups\PC_Sample_3_USE_04_3.D,6.057,,,8334,,,4,Positive,,,,,,42.9900,,,5.959,,5.846,0.211,,,,,,,,,,,,,,,,,,,,,,,,,,,,,,,,,,,,,,,,,,Sample USE_04 #3 Tube #829227 2022-07-28,,Demo Lab 8890 5977B,1,,Microplastics MMU (AN161) 28July.M,Deconvolution_2023-05-22.m,Success,
,,,,,,,,,,,,,,,,,,,,,,15,,,Cpd 15: 8.349,,,,,,,,,,,,,,,,,,,,,,,,,Find by Chromatogram Deconvolution,182595,,77.8400,,,,C:\Users\55129944\OneDrive - MMU (1)\PhD\Labs\TD_Markes_2022\Groupings\Categories\Plastic_Cups\PC_Sample_3_USE_04_3.D,8.472,,,20117,,,8,Positive,,,,,,77.8400,,,8.349,,8.253,0.219,,,,,,,,,,,,,,,,,,,,,,,,,,,,,,,,,,,,,,,,,,Sample USE_04 #3 Tube #829227 2022-07-28,,Demo Lab 8890 5977B,1,,Microplastics MMU (AN161) 28July.M,Deconvolution_2023-05-22.m,Success,
,,,,,,,,,,,,,,,,,,,,,,16,,,Cpd 16: 10.334,,,,,,,,,,,,,,,,,,,,,,,,,Find by Chromatogram Deconvolution,171885,,42.9900,,,,C:\Users\55129944\OneDrive - MMU (1)\PhD\Labs\TD_Markes_2022\Groupings\Categories\Plastic_Cups\PC_Sample_3_USE_04_3.D,10.714,,,7582,,,3,Positive,,,,,,42.9900,,,10.334,,10.253,0.460,,,,,,,,,,,,,,,,,,,,,,,,,,,,,,,,,,,,,,,,,,Sample USE_04 #3 Tube #829227 2022-07-28,,Demo Lab 8890 5977B,1,,Microplastics MMU (AN161) 28July.M,Deconvolution_2023-05-22.m,Success,
,,,,,,,,,,,,,,,,,,,,,,17,,,Cpd 17: 11.350,,,,,,,,,,,,,,,,,,,,,,,,,Find by Chromatogram Deconvolution,56152,,42.9900,,,,C:\Users\55129944\OneDrive - MMU (1)\PhD\Labs\TD_Markes_2022\Groupings\Categories\Plastic_Cups\PC_Sample_3_USE_04_3.D,11.455,,,11164,,,4,Positive,,,,,,42.9900,,,11.350,,11.214,0.241,,,,,,,,,,,,,,,,,,,,,,,,,,,,,,,,,,,,,,,,,,Sample USE_04 #3 Tube #829227 2022-07-28,,Demo Lab 8890 5977B,1,,Microplastics MMU (AN161) 28July.M,Deconvolution_2023-05-22.m,Success,
,,,,,,,,,,,,,,,,,,,,,,18,,,Cpd 18: 13.066,,,,,,,,,,,,,,,,,,,,,,,,,Find by Chromatogram Deconvolution,979003,,42.9900,,,,C:\Users\55129944\OneDrive - MMU (1)\PhD\Labs\TD_Markes_2022\Groupings\Categories\Plastic_Cups\PC_Sample_3_USE_04_3.D,13.146,,,117848,,,17,Positive,,,,,,42.9900,,,13.066,,13.005,0.141,,,,,,,,,,,,,,,,,,,,,,,,,,,,,,,,,,,,,,,,,,Sample USE_04 #3 Tube #829227 2022-07-28,,Demo Lab 8890 5977B,1,,Microplastics MMU (AN161) 28July.M,Deconvolution_2023-05-22.m,Success,
,,,,,,,,,,,,,,,,,,,,,,19,,,Cpd 19: 13.438,,,,,,,,,,,,,,,,,,,,,,,,,Find by Chromatogram Deconvolution,3538631,,98.1000,,,,C:\Users\55129944\OneDrive - MMU (1)\PhD\Labs\TD_Markes_2022\Groupings\Categories\Plastic_Cups\PC_Sample_3_USE_04_3.D,13.543,,,709147,,,14,Positive,,,,,,98.1000,,,13.438,,13.391,0.152,,,,,,,,,,,,,,,,,,,,,,,,,,,,,,,,,,,,,,,,,,Sample USE_04 #3 Tube #829227 2022-07-28,,Demo Lab 8890 5977B,1,,Microplastics MMU (AN161) 28July.M,Deconvolution_2023-05-22.m,Success,
,,,,,,,,,,,,,,,,,,,,,,20,,,Cpd 20: 13.824,,,,,,,,,,,,,,,,,,,,,,,,,Find by Chromatogram Deconvolution,56274,,41.0000,,,,C:\Users\55129944\OneDrive - MMU (1)\PhD\Labs\TD_Markes_2022\Groupings\Categories\Plastic_Cups\PC_Sample_3_USE_04_3.D,13.884,,,5607,,,7,Positive,,,,,,41.0000,,,13.824,,13.783,0.101,,,,,,,,,,,,,,,,,,,,,,,,,,,,,,,,,,,,,,,,,,Sample USE_04 #3 Tube #829227 2022-07-28,,Demo Lab 8890 5977B,1,,Microplastics MMU (AN161) 28July.M,Deconvolution_2023-05-22.m,Success,
,,,,,,,,,,,,,,,,,,,,,,21,,,Cpd 21: 14.436,,,,,,,,,,,,,,,,,,,,,,,,,Find by Chromatogram Deconvolution,314135,,206.9000,,,,C:\Users\55129944\OneDrive - MMU (1)\PhD\Labs\TD_Markes_2022\Groupings\Categories\Plastic_Cups\PC_Sample_3_USE_04_3.D,14.542,,,42907,,,30,Positive,,,,,,206.9000,,,14.436,,14.382,0.160,,,,,,,,,,,,,,,,,,,,,,,,,,,,,,,,,,,,,,,,,,Sample USE_04 #3 Tube #829227 2022-07-28,,Demo Lab 8890 5977B,1,,Microplastics MMU (AN161) 28July.M,Deconvolution_2023-05-22.m,Success,
,,,,,,,,,,,,,,,,,,,,,,22,,,Cpd 22: 14.518,,,,,,,,,,,,,,,,,,,,,,,,,Find by Chromatogram Deconvolution,53629,,42.9900,,,,C:\Users\55129944\OneDrive - MMU (1)\PhD\Labs\TD_Markes_2022\Groupings\Categories\Plastic_Cups\PC_Sample_3_USE_04_3.D,14.563,,,10962,,,8,Positive,,,,,,42.9900,,,14.518,,14.460,0.103,,,,,,,,,,,,,,,,,,,,,,,,,,,,,,,,,,,,,,,,,,Sample USE_04 #3 Tube #829227 2022-07-28,,Demo Lab 8890 5977B,1,,Microplastics MMU (AN161) 28July.M,Deconvolution_2023-05-22.m,Success,
,,,,,,,,,,,,,,,,,,,,,,23,,,Cpd 23: 14.723,,,,,,,,,,,,,,,,,,,,,,,,,Find by Chromatogram Deconvolution,80850,,54.9900,,,,C:\Users\55129944\OneDrive - MMU (1)\PhD\Labs\TD_Markes_2022\Groupings\Categories\Plastic_Cups\PC_Sample_3_USE_04_3.D,14.796,,,5874,,,13,Positive,,,,,,54.9900,,,14.723,,14.665,0.131,,,,,,,,,,,,,,,,,,,,,,,,,,,,,,,,,,,,,,,,,,Sample USE_04 #3 Tube #829227 2022-07-28,,Demo Lab 8890 5977B,1,,Microplastics MMU (AN161) 28July.M,Deconvolution_2023-05-22.m,Success,
,,,,,,,,,,,,,,,,,,,,,,24,,,Cpd 24: 15.007,,,,,,,,,,,,,,,,,,,,,,,,,Find by Chromatogram Deconvolution,4078228,,42.9900,,,,C:\Users\55129944\OneDrive - MMU (1)\PhD\Labs\TD_Markes_2022\Groupings\Categories\Plastic_Cups\PC_Sample_3_USE_04_3.D,15.101,,,402271,,,21,Positive,,,,,,42.9900,,,15.007,,14.962,0.139,,,,,,,,,,,,,,,,,,,,,,,,,,,,,,,,,,,,,,,,,,Sample USE_04 #3 Tube #829227 2022-07-28,,Demo Lab 8890 5977B,1,,Microplastics MMU (AN161) 28July.M,Deconvolution_2023-05-22.m,Success,
,,,,,,,,,,,,,,,,,,,,,,25,,,Cpd 25: 15.784,,,,,,,,,,,,,,,,,,,,,,,,,Find by Chromatogram Deconvolution,90839,,95.8900,,,,C:\Users\55129944\OneDrive - MMU (1)\PhD\Labs\TD_Markes_2022\Groupings\Categories\Plastic_Cups\PC_Sample_3_USE_04_3.D,15.865,,,13754,,,9,Positive,,,,,,95.8900,,,15.784,,15.744,0.122,,,,,,,,,,,,,,,,,,,,,,,,,,,,,,,,,,,,,,,,,,Sample USE_04 #3 Tube #829227 2022-07-28,,Demo Lab 8890 5977B,1,,Microplastics MMU (AN161) 28July.M,Deconvolution_2023-05-22.m,Success,
,,,,,,,,,,,,,,,,,,,,,,26,,,Cpd 26: 15.847,,,,,,,,,,,,,,,,,,,,,,,,,Find by Chromatogram Deconvolution,82324,,56.0000,,,,C:\Users\55129944\OneDrive - MMU (1)\PhD\Labs\TD_Markes_2022\Groupings\Categories\Plastic_Cups\PC_Sample_3_USE_04_3.D,15.900,,,14166,,,10,Positive,,,,,,56.0000,,,15.847,,15.806,0.093,,,,,,,,,,,,,,,,,,,,,,,,,,,,,,,,,,,,,,,,,,Sample USE_04 #3 Tube #829227 2022-07-28,,Demo Lab 8890 5977B,1,,Microplastics MMU (AN161) 28July.M,Deconvolution_2023-05-22.m,Success,
,,,,,,,,,,,,,,,,,,,,,,27,,,Cpd 27: 15.937,,,,,,,,,,,,,,,,,,,,,,,,,Find by Chromatogram Deconvolution,79870,,56.0000,,,,C:\Users\55129944\OneDrive - MMU (1)\PhD\Labs\TD_Markes_2022\Groupings\Categories\Plastic_Cups\PC_Sample_3_USE_04_3.D,15.970,,,8712,,,12,Positive,,,,,,56.0000,,,15.937,,15.898,0.072,,,,,,,,,,,,,,,,,,,,,,,,,,,,,,,,,,,,,,,,,,Sample USE_04 #3 Tube #829227 2022-07-28,,Demo Lab 8890 5977B,1,,Microplastics MMU (AN161) 28July.M,Deconvolution_2023-05-22.m,Success,
,,,,,,,,,,,,,,,,,,,,,,28,,,Cpd 28: 15.993,,,,,,,,,,,,,,,,,,,,,,,,,Find by Chromatogram Deconvolution,85244,,42.9900,,,,C:\Users\55129944\OneDrive - MMU (1)\PhD\Labs\TD_Markes_2022\Groupings\Categories\Plastic_Cups\PC_Sample_3_USE_04_3.D,16.073,,,7097,,,10,Positive,,,,,,42.9900,,,15.993,,15.966,0.107,,,,,,,,,,,,,,,,,,,,,,,,,,,,,,,,,,,,,,,,,,Sample USE_04 #3 Tube #829227 2022-07-28,,Demo Lab 8890 5977B,1,,Microplastics MMU (AN161) 28July.M,Deconvolution_2023-05-22.m,Success,
,,,,,,,,,,,,,,,,,,,,,,29,,,Cpd 29: 16.312,,,,,,,,,,,,,,,,,,,,,,,,,Find by Chromatogram Deconvolution,86244,,98.1000,,,,C:\Users\55129944\OneDrive - MMU (1)\PhD\Labs\TD_Markes_2022\Groupings\Categories\Plastic_Cups\PC_Sample_3_USE_04_3.D,16.383,,,6528,,,16,Positive,,,,,,98.1000,,,16.312,,16.265,0.118,,,,,,,,,,,,,,,,,,,,,,,,,,,,,,,,,,,,,,,,,,Sample USE_04 #3 Tube #829227 2022-07-28,,Demo Lab 8890 5977B,1,,Microplastics MMU (AN161) 28July.M,Deconvolution_2023-05-22.m,Success,
,,,,,,,,,,,,,,,,,,,,,,30,,,Cpd 30: 16.339,,,,,,,,,,,,,,,,,,,,,,,,,Find by Chromatogram Deconvolution,71504,,103.7600,,,,C:\Users\55129944\OneDrive - MMU (1)\PhD\Labs\TD_Markes_2022\Groupings\Categories\Plastic_Cups\PC_Sample_3_USE_04_3.D,16.402,,,7023,,,13,Positive,,,,,,103.7600,,,16.339,,16.284,0.118,,,,,,,,,,,,,,,,,,,,,,,,,,,,,,,,,,,,,,,,,,Sample USE_04 #3 Tube #829227 2022-07-28,,Demo Lab 8890 5977B,1,,Microplastics MMU (AN161) 28July.M,Deconvolution_2023-05-22.m,Success,
,,,,,,,,,,,,,,,,,,,,,,31,,,Cpd 31: 16.613,,,,,,,,,,,,,,,,,,,,,,,,,Find by Chromatogram Deconvolution,43279,,44.0000,,,,C:\Users\55129944\OneDrive - MMU (1)\PhD\Labs\TD_Markes_2022\Groupings\Categories\Plastic_Cups\PC_Sample_3_USE_04_3.D,16.661,,,4825,,,10,Positive,,,,,,44.0000,,,16.613,,16.567,0.093,,,,,,,,,,,,,,,,,,,,,,,,,,,,,,,,,,,,,,,,,,Sample USE_04 #3 Tube #829227 2022-07-28,,Demo Lab 8890 5977B,1,,Microplastics MMU (AN161) 28July.M,Deconvolution_2023-05-22.m,Success,
,,,,,,,,,,,,,,,,,,,,,,32,,,Cpd 32: 17.018,,,,,,,,,,,,,,,,,,,,,,,,,Find by Chromatogram Deconvolution,80020,,56.9900,,,,C:\Users\55129944\OneDrive - MMU (1)\PhD\Labs\TD_Markes_2022\Groupings\Categories\Plastic_Cups\PC_Sample_3_USE_04_3.D,17.091,,,14096,,,12,Positive,,,,,,56.9900,,,17.018,,16.980,0.110,,,,,,,,,,,,,,,,,,,,,,,,,,,,,,,,,,,,,,,,,,Sample USE_04 #3 Tube #829227 2022-07-28,,Demo Lab 8890 5977B,1,,Microplastics MMU (AN161) 28July.M,Deconvolution_2023-05-22.m,Success,
,,,,,,,,,,,,,,,,,,,,,,33,,,Cpd 33: 17.231,,,,,,,,,,,,,,,,,,,,,,,,,Find by Chromatogram Deconvolution,67515,,280.8800,,,,C:\Users\55129944\OneDrive - MMU (1)\PhD\Labs\TD_Markes_2022\Groupings\Categories\Plastic_Cups\PC_Sample_3_USE_04_3.D,17.287,,,13132,,,12,Positive,,,,,,280.8800,,,17.231,,17.193,0.093,,,,,,,,,,,,,,,,,,,,,,,,,,,,,,,,,,,,,,,,,,Sample USE_04 #3 Tube #829227 2022-07-28,,Demo Lab 8890 5977B,1,,Microplastics MMU (AN161) 28July.M,Deconvolution_2023-05-22.m,Success,
,,,,,,,,,,,,,,,,,,,,,,34,,,Cpd 34: 17.484,,,,,,,,,,,,,,,,,,,,,,,,,Find by Chromatogram Deconvolution,108439,,54.9900,,,,C:\Users\55129944\OneDrive - MMU (1)\PhD\Labs\TD_Markes_2022\Groupings\Categories\Plastic_Cups\PC_Sample_3_USE_04_3.D,17.545,,,8593,,,17,Positive,,,,,,54.9900,,,17.484,,17.443,0.103,,,,,,,,,,,,,,,,,,,,,,,,,,,,,,,,,,,,,,,,,,Sample USE_04 #3 Tube #829227 2022-07-28,,Demo Lab 8890 5977B,1,,Microplastics MMU (AN161) 28July.M,Deconvolution_2023-05-22.m,Success,
,,,,,,,,,,,,,,,,,,,,,,35,,,Cpd 35: 17.560,,,,,,,,,,,,,,,,,,,,,,,,,Find by Chromatogram Deconvolution,92729,,56.9900,,,,C:\Users\55129944\OneDrive - MMU (1)\PhD\Labs\TD_Markes_2022\Groupings\Categories\Plastic_Cups\PC_Sample_3_USE_04_3.D,17.623,,,5940,,,12,Positive,,,,,,56.9900,,,17.560,,17.498,0.126,,,,,,,,,,,,,,,,,,,,,,,,,,,,,,,,,,,,,,,,,,Sample USE_04 #3 Tube #829227 2022-07-28,,Demo Lab 8890 5977B,1,,Microplastics MMU (AN161) 28July.M,Deconvolution_2023-05-22.m,Success,
,,,,,,,,,,,,,,,,,,,,,,36,,,Cpd 36: 17.655,,,,,,,,,,,,,,,,,,,,,,,,,Find by Chromatogram Deconvolution,77337,,42.0100,,,,C:\Users\55129944\OneDrive - MMU (1)\PhD\Labs\TD_Markes_2022\Groupings\Categories\Plastic_Cups\PC_Sample_3_USE_04_3.D,17.718,,,16055,,,9,Positive,,,,,,42.0100,,,17.655,,17.618,0.101,,,,,,,,,,,,,,,,,,,,,,,,,,,,,,,,,,,,,,,,,,Sample USE_04 #3 Tube #829227 2022-07-28,,Demo Lab 8890 5977B,1,,Microplastics MMU (AN161) 28July.M,Deconvolution_2023-05-22.m,Success,
,,,,,,,,,,,,,,,,,,,,,,37,,,Cpd 37: 17.695,,,,,,,,,,,,,,,,,,,,,,,,,Find by Chromatogram Deconvolution,514480,,71.0400,,,,C:\Users\55129944\OneDrive - MMU (1)\PhD\Labs\TD_Markes_2022\Groupings\Categories\Plastic_Cups\PC_Sample_3_USE_04_3.D,17.728,,,54601,,,20,Positive,,,,,,71.0400,,,17.695,,17.654,0.074,,,,,,,,,,,,,,,,,,,,,,,,,,,,,,,,,,,,,,,,,,Sample USE_04 #3 Tube #829227 2022-07-28,,Demo Lab 8890 5977B,1,,Microplastics MMU (AN161) 28July.M,Deconvolution_2023-05-22.m,Success,
,,,,,,,,,,,,,,,,,,,,,,38,,,Cpd 38: 17.752,,,,,,,,,,,,,,,,,,,,,,,,,Find by Chromatogram Deconvolution,436944,,71.0400,,,,C:\Users\55129944\OneDrive - MMU (1)\PhD\Labs\TD_Markes_2022\Groupings\Categories\Plastic_Cups\PC_Sample_3_USE_04_3.D,17.806,,,60606,,,18,Positive,,,,,,71.0400,,,17.752,,17.724,0.082,,,,,,,,,,,,,,,,,,,,,,,,,,,,,,,,,,,,,,,,,,Sample USE_04 #3 Tube #829227 2022-07-28,,Demo Lab 8890 5977B,1,,Microplastics MMU (AN161) 28July.M,Deconvolution_2023-05-22.m,Success,
,,,,,,,,,,,,,,,,,,,,,,39,,,Cpd 39: 17.792,,,,,,,,,,,,,,,,,,,,,,,,,Find by Chromatogram Deconvolution,71485,,76.8500,,,,C:\Users\55129944\OneDrive - MMU (1)\PhD\Labs\TD_Markes_2022\Groupings\Categories\Plastic_Cups\PC_Sample_3_USE_04_3.D,17.836,,,10901,,,8,Positive,,,,,,76.8500,,,17.792,,17.756,0.080,,,,,,,,,,,,,,,,,,,,,,,,,,,,,,,,,,,,,,,,,,Sample USE_04 #3 Tube #829227 2022-07-28,,Demo Lab 8890 5977B,1,,Microplastics MMU (AN161) 28July.M,Deconvolution_2023-05-22.m,Success,
,,,,,,,,,,,,,,,,,,,,,,40,,,Cpd 40: 18.083,,,,,,,,,,,,,,,,,,,,,,,,,Find by Chromatogram Deconvolution,104641,,56.9900,,,,C:\Users\55129944\OneDrive - MMU (1)\PhD\Labs\TD_Markes_2022\Groupings\Categories\Plastic_Cups\PC_Sample_3_USE_04_3.D,18.137,,,7719,,,18,Positive,,,,,,56.9900,,,18.083,,18.042,0.095,,,,,,,,,,,,,,,,,,,,,,,,,,,,,,,,,,,,,,,,,,Sample USE_04 #3 Tube #829227 2022-07-28,,Demo Lab 8890 5977B,1,,Microplastics MMU (AN161) 28July.M,Deconvolution_2023-05-22.m,Success,
,,,,,,,,,,,,,,,,,,,,,,41,,,Cpd 41: 18.327,,,,,,,,,,,,,,,,,,,,,,,,,Find by Chromatogram Deconvolution,62651,,56.9900,,,,C:\Users\55129944\OneDrive - MMU (1)\PhD\Labs\TD_Markes_2022\Groupings\Categories\Plastic_Cups\PC_Sample_3_USE_04_3.D,18.383,,,6956,,,12,Positive,,,,,,56.9900,,,18.327,,18.251,0.131,,,,,,,,,,,,,,,,,,,,,,,,,,,,,,,,,,,,,,,,,,Sample USE_04 #3 Tube #829227 2022-07-28,,Demo Lab 8890 5977B,1,,Microplastics MMU (AN161) 28July.M,Deconvolution_2023-05-22.m,Success,
,,,,,,,,,,,,,,,,,,,,,,42,,,Cpd 42: 18.458,,,,,,,,,,,,,,,,,,,,,,,,,Find by Chromatogram Deconvolution,79066,,56.9900,,,,C:\Users\55129944\OneDrive - MMU (1)\PhD\Labs\TD_Markes_2022\Groupings\Categories\Plastic_Cups\PC_Sample_3_USE_04_3.D,18.523,,,15967,,,11,Positive,,,,,,56.9900,,,18.458,,18.426,0.097,,,,,,,,,,,,,,,,,,,,,,,,,,,,,,,,,,,,,,,,,,Sample USE_04 #3 Tube #829227 2022-07-28,,Demo Lab 8890 5977B,1,,Microplastics MMU (AN161) 28July.M,Deconvolution_2023-05-22.m,Success,
,,,,,,,,,,,,,,,,,,,,,,43,,,Cpd 43: 18.653,,,,,,,,,,,,,,,,,,,,,,,,,Find by Chromatogram Deconvolution,967384,,68.9900,,,,C:\Users\55129944\OneDrive - MMU (1)\PhD\Labs\TD_Markes_2022\Groupings\Categories\Plastic_Cups\PC_Sample_3_USE_04_3.D,18.679,,,83411,,,32,Positive,,,,,,68.9900,,,18.653,,18.613,0.067,,,,,,,,,,,,,,,,,,,,,,,,,,,,,,,,,,,,,,,,,,Sample USE_04 #3 Tube #829227 2022-07-28,,Demo Lab 8890 5977B,1,,Microplastics MMU (AN161) 28July.M,Deconvolution_2023-05-22.m,Success,
,,,,,,,,,,,,,,,,,,,,,,44,,,Cpd 44: 18.703,,,,,,,,,,,,,,,,,,,,,,,,,Find by Chromatogram Deconvolution,1011303,,68.9900,,,,C:\Users\55129944\OneDrive - MMU (1)\PhD\Labs\TD_Markes_2022\Groupings\Categories\Plastic_Cups\PC_Sample_3_USE_04_3.D,18.754,,,76181,,,35,Positive,,,,,,68.9900,,,18.703,,18.677,0.076,,,,,,,,,,,,,,,,,,,,,,,,,,,,,,,,,,,,,,,,,,Sample USE_04 #3 Tube #829227 2022-07-28,,Demo Lab 8890 5977B,1,,Microplastics MMU (AN161) 28July.M,Deconvolution_2023-05-22.m,Success,
,,,,,,,,,,,,,,,,,,,,,,45,,,Cpd 45: 18.772,,,,,,,,,,,,,,,,,,,,,,,,,Find by Chromatogram Deconvolution,104223,,54.9900,,,,C:\Users\55129944\OneDrive - MMU (1)\PhD\Labs\TD_Markes_2022\Groupings\Categories\Plastic_Cups\PC_Sample_3_USE_04_3.D,18.818,,,8087,,,19,Positive,,,,,,54.9900,,,18.772,,18.717,0.101,,,,,,,,,,,,,,,,,,,,,,,,,,,,,,,,,,,,,,,,,,Sample USE_04 #3 Tube #829227 2022-07-28,,Demo Lab 8890 5977B,1,,Microplastics MMU (AN161) 28July.M,Deconvolution_2023-05-22.m,Success,
,,,,,,,,,,,,,,,,,,,,,,46,,,Cpd 46: 18.866,,,,,,,,,,,,,,,,,,,,,,,,,Find by Chromatogram Deconvolution,62738,,56.9900,,,,C:\Users\55129944\OneDrive - MMU (1)\PhD\Labs\TD_Markes_2022\Groupings\Categories\Plastic_Cups\PC_Sample_3_USE_04_3.D,18.913,,,8371,,,10,Positive,,,,,,56.9900,,,18.866,,18.801,0.112,,,,,,,,,,,,,,,,,,,,,,,,,,,,,,,,,,,,,,,,,,Sample USE_04 #3 Tube #829227 2022-07-28,,Demo Lab 8890 5977B,1,,Microplastics MMU (AN161) 28July.M,Deconvolution_2023-05-22.m,Success,
,,,,,,,,,,,,,,,,,,,,,,47,,,Cpd 47: 19.333,,,,,,,,,,,,,,,,,,,,,,,,,Find by Chromatogram Deconvolution,178673,,56.9900,,,,C:\Users\55129944\OneDrive - MMU (1)\PhD\Labs\TD_Markes_2022\Groupings\Categories\Plastic_Cups\PC_Sample_3_USE_04_3.D,19.395,,,14730,,,23,Positive,,,,,,56.9900,,,19.333,,19.275,0.120,,,,,,,,,,,,,,,,,,,,,,,,,,,,,,,,,,,,,,,,,,Sample USE_04 #3 Tube #829227 2022-07-28,,Demo Lab 8890 5977B,1,,Microplastics MMU (AN161) 28July.M,Deconvolution_2023-05-22.m,Success,
,,,,,,,,,,,,,,,,,,,,,,48,,,Cpd 48: 19.911,,,,,,,,,,,,,,,,,,,,,,,,,Find by Chromatogram Deconvolution,101800,,54.9900,,,,C:\Users\55129944\OneDrive - MMU (1)\PhD\Labs\TD_Markes_2022\Groupings\Categories\Plastic_Cups\PC_Sample_3_USE_04_3.D,19.947,,,8387,,,16,Positive,,,,,,54.9900,,,19.911,,19.863,0.084,,,,,,,,,,,,,,,,,,,,,,,,,,,,,,,,,,,,,,,,,,Sample USE_04 #3 Tube #829227 2022-07-28,,Demo Lab 8890 5977B,1,,Microplastics MMU (AN161) 28July.M,Deconvolution_2023-05-22.m,Success,
,,,,,,,,,,,,,,,,,,,,,,49,,,Cpd 49: 19.961,,,,,,,,,,,,,,,,,,,,,,,,,Find by Chromatogram Deconvolution,59683,,56.9900,,,,C:\Users\55129944\OneDrive - MMU (1)\PhD\Labs\TD_Markes_2022\Groupings\Categories\Plastic_Cups\PC_Sample_3_USE_04_3.D,20.021,,,11270,,,8,Positive,,,,,,56.9900,,,19.961,,19.922,0.099,,,,,,,,,,,,,,,,,,,,,,,,,,,,,,,,,,,,,,,,,,Sample USE_04 #3 Tube #829227 2022-07-28,,Demo Lab 8890 5977B,1,,Microplastics MMU (AN161) 28July.M,Deconvolution_2023-05-22.m,Success,
,,,,,,,,,,,,,,,,,,,,,,50,,,Cpd 50: 20.356,,,,,,,,,,,,,,,,,,,,,,,,,Find by Chromatogram Deconvolution,87585,,56.9900,,,,C:\Users\55129944\OneDrive - MMU (1)\PhD\Labs\TD_Markes_2022\Groupings\Categories\Plastic_Cups\PC_Sample_3_USE_04_3.D,20.419,,,9478,,,13,Positive,,,,,,56.9900,,,20.356,,20.297,0.122,,,,,,,,,,,,,,,,,,,,,,,,,,,,,,,,,,,,,,,,,,Sample USE_04 #3 Tube #829227 2022-07-28,,Demo Lab 8890 5977B,1,,Microplastics MMU (AN161) 28July.M,Deconvolution_2023-05-22.m,Success,
,,,,,,,,,,,,,,,,,,,,,,51,,,Cpd 51: 20.451,,,,,,,,,,,,,,,,,,,,,,,,,Find by Chromatogram Deconvolution,291850,,71.0400,,,,C:\Users\55129944\OneDrive - MMU (1)\PhD\Labs\TD_Markes_2022\Groupings\Categories\Plastic_Cups\PC_Sample_3_USE_04_3.D,20.511,,,21668,,,29,Positive,,,,,,71.0400,,,20.451,,20.410,0.101,,,,,,,,,,,,,,,,,,,,,,,,,,,,,,,,,,,,,,,,,,Sample USE_04 #3 Tube #829227 2022-07-28,,Demo Lab 8890 5977B,1,,Microplastics MMU (AN161) 28July.M,Deconvolution_2023-05-22.m,Success,
,,,,,,,,,,,,,,,,,,,,,,52,,,Cpd 52: 20.524,,,,,,,,,,,,,,,,,,,,,,,,,Find by Chromatogram Deconvolution,73120,,71.0400,,,,C:\Users\55129944\OneDrive - MMU (1)\PhD\Labs\TD_Markes_2022\Groupings\Categories\Plastic_Cups\PC_Sample_3_USE_04_3.D,20.596,,,11565,,,11,Positive,,,,,,71.0400,,,20.524,,20.490,0.107,,,,,,,,,,,,,,,,,,,,,,,,,,,,,,,,,,,,,,,,,,Sample USE_04 #3 Tube #829227 2022-07-28,,Demo Lab 8890 5977B,1,,Microplastics MMU (AN161) 28July.M,Deconvolution_2023-05-22.m,Success,
,,,,,,,,,,,,,,,,,,,,,,53,,,Cpd 53: 20.812,,,,,,,,,,,,,,,,,,,,,,,,,Find by Chromatogram Deconvolution,90382,,56.9900,,,,C:\Users\55129944\OneDrive - MMU (1)\PhD\Labs\TD_Markes_2022\Groupings\Categories\Plastic_Cups\PC_Sample_3_USE_04_3.D,20.861,,,8776,,,12,Positive,,,,,,56.9900,,,20.812,,20.758,0.103,,,,,,,,,,,,,,,,,,,,,,,,,,,,,,,,,,,,,,,,,,Sample USE_04 #3 Tube #829227 2022-07-28,,Demo Lab 8890 5977B,1,,Microplastics MMU (AN161) 28July.M,Deconvolution_2023-05-22.m,Success,
,,,,,,,,,,,,,,,,,,,,,,54,,,Cpd 54: 20.922,,,,,,,,,,,,,,,,,,,,,,,,,Find by Chromatogram Deconvolution,76253,,68.9900,,,,C:\Users\55129944\OneDrive - MMU (1)\PhD\Labs\TD_Markes_2022\Groupings\Categories\Plastic_Cups\PC_Sample_3_USE_04_3.D,21.025,,,6697,,,12,Positive,,,,,,68.9900,,,20.922,,20.870,0.154,,,,,,,,,,,,,,,,,,,,,,,,,,,,,,,,,,,,,,,,,,Sample USE_04 #3 Tube #829227 2022-07-28,,Demo Lab 8890 5977B,1,,Microplastics MMU (AN161) 28July.M,Deconvolution_2023-05-22.m,Success,
,,,,,,,,,,,,,,,,,,,,,,55,,,Cpd 55: 20.966,,,,,,,,,,,,,,,,,,,,,,,,,Find by Chromatogram Deconvolution,996969,,132.8700,,,,C:\Users\55129944\OneDrive - MMU (1)\PhD\Labs\TD_Markes_2022\Groupings\Categories\Plastic_Cups\PC_Sample_3_USE_04_3.D,21.038,,,133608,,,25,Positive,,,,,,132.8700,,,20.966,,20.927,0.110,,,,,,,,,,,,,,,,,,,,,,,,,,,,,,,,,,,,,,,,,,Sample USE_04 #3 Tube #829227 2022-07-28,,Demo Lab 8890 5977B,1,,Microplastics MMU (AN161) 28July.M,Deconvolution_2023-05-22.m,Success,
,,,,,,,,,,,,,,,,,,,,,,56,,,Cpd 56: 20.996,,,,,,,,,,,,,,,,,,,,,,,,,Find by Chromatogram Deconvolution,106670,,56.9900,,,,C:\Users\55129944\OneDrive - MMU (1)\PhD\Labs\TD_Markes_2022\Groupings\Categories\Plastic_Cups\PC_Sample_3_USE_04_3.D,21.072,,,11953,,,17,Positive,,,,,,56.9900,,,20.996,,20.962,0.110,,,,,,,,,,,,,,,,,,,,,,,,,,,,,,,,,,,,,,,,,,Sample USE_04 #3 Tube #829227 2022-07-28,,Demo Lab 8890 5977B,1,,Microplastics MMU (AN161) 28July.M,Deconvolution_2023-05-22.m,Success,
,,,,,,,,,,,,,,,,,,,,,,57,,,Cpd 57: 21.008,,,,,,,,,,,,,,,,,,,,,,,,,Find by Chromatogram Deconvolution,85893,,87.8300,,,,C:\Users\55129944\OneDrive - MMU (1)\PhD\Labs\TD_Markes_2022\Groupings\Categories\Plastic_Cups\PC_Sample_3_USE_04_3.D,21.076,,,10812,,,15,Positive,,,,,,87.8300,,,21.008,,20.973,0.103,,,,,,,,,,,,,,,,,,,,,,,,,,,,,,,,,,,,,,,,,,Sample USE_04 #3 Tube #829227 2022-07-28,,Demo Lab 8890 5977B,1,,Microplastics MMU (AN161) 28July.M,Deconvolution_2023-05-22.m,Success,
,,,,,,,,,,,,,,,,,,,,,,58,,,Cpd 58: 21.121,,,,,,,,,,,,,,,,,,,,,,,,,Find by Chromatogram Deconvolution,1570190,,68.9900,,,,C:\Users\55129944\OneDrive - MMU (1)\PhD\Labs\TD_Markes_2022\Groupings\Categories\Plastic_Cups\PC_Sample_3_USE_04_3.D,21.171,,,137857,,,36,Positive,,,,,,68.9900,,,21.121,,21.084,0.088,,,,,,,,,,,,,,,,,,,,,,,,,,,,,,,,,,,,,,,,,,Sample USE_04 #3 Tube #829227 2022-07-28,,Demo Lab 8890 5977B,1,,Microplastics MMU (AN161) 28July.M,Deconvolution_2023-05-22.m,Success,
,,,,,,,,,,,,,,,,,,,,,,59,,,Cpd 59: 21.205,,,,,,,,,,,,,,,,,,,,,,,,,Find by Chromatogram Deconvolution,1475723,,68.9900,,,,C:\Users\55129944\OneDrive - MMU (1)\PhD\Labs\TD_Markes_2022\Groupings\Categories\Plastic_Cups\PC_Sample_3_USE_04_3.D,21.251,,,116982,,,35,Positive,,,,,,68.9900,,,21.205,,21.167,0.084,,,,,,,,,,,,,,,,,,,,,,,,,,,,,,,,,,,,,,,,,,Sample USE_04 #3 Tube #829227 2022-07-28,,Demo Lab 8890 5977B,1,,Microplastics MMU (AN161) 28July.M,Deconvolution_2023-05-22.m,Success,
,,,,,,,,,,,,,,,,,,,,,,60,,,Cpd 60: 21.292,,,,,,,,,,,,,,,,,,,,,,,,,Find by Chromatogram Deconvolution,1617264,,68.9900,,,,C:\Users\55129944\OneDrive - MMU (1)\PhD\Labs\TD_Markes_2022\Groupings\Categories\Plastic_Cups\PC_Sample_3_USE_04_3.D,21.344,,,121088,,,35,Positive,,,,,,68.9900,,,21.292,,21.238,0.107,,,,,,,,,,,,,,,,,,,,,,,,,,,,,,,,,,,,,,,,,,Sample USE_04 #3 Tube #829227 2022-07-28,,Demo Lab 8890 5977B,1,,Microplastics MMU (AN161) 28July.M,Deconvolution_2023-05-22.m,Success,
,,,,,,,,,,,,,,,,,,,,,,61,,,Cpd 61: 21.368,,,,,,,,,,,,,,,,,,,,,,,,,Find by Chromatogram Deconvolution,64473,,71.0400,,,,C:\Users\55129944\OneDrive - MMU (1)\PhD\Labs\TD_Markes_2022\Groupings\Categories\Plastic_Cups\PC_Sample_3_USE_04_3.D,21.423,,,6032,,,15,Positive,,,,,,71.0400,,,21.368,,21.327,0.095,,,,,,,,,,,,,,,,,,,,,,,,,,,,,,,,,,,,,,,,,,Sample USE_04 #3 Tube #829227 2022-07-28,,Demo Lab 8890 5977B,1,,Microplastics MMU (AN161) 28July.M,Deconvolution_2023-05-22.m,Success,
,,,,,,,,,,,,,,,,,,,,,,62,,,Cpd 62: 21.429,,,,,,,,,,,,,,,,,,,,,,,,,Find by Chromatogram Deconvolution,66022,,71.0400,,,,C:\Users\55129944\OneDrive - MMU (1)\PhD\Labs\TD_Markes_2022\Groupings\Categories\Plastic_Cups\PC_Sample_3_USE_04_3.D,21.487,,,5886,,,9,Positive,,,,,,71.0400,,,21.429,,21.365,0.122,,,,,,,,,,,,,,,,,,,,,,,,,,,,,,,,,,,,,,,,,,Sample USE_04 #3 Tube #829227 2022-07-28,,Demo Lab 8890 5977B,1,,Microplastics MMU (AN161) 28July.M,Deconvolution_2023-05-22.m,Success,
,,,,,,,,,,,,,,,,,,,,,,63,,,Cpd 63: 21.484,,,,,,,,,,,,,,,,,,,,,,,,,Find by Chromatogram Deconvolution,46335,,56.9900,,,,C:\Users\55129944\OneDrive - MMU (1)\PhD\Labs\TD_Markes_2022\Groupings\Categories\Plastic_Cups\PC_Sample_3_USE_04_3.D,21.544,,,5134,,,16,Positive,,,,,,56.9900,,,21.484,,21.436,0.109,,,,,,,,,,,,,,,,,,,,,,,,,,,,,,,,,,,,,,,,,,Sample USE_04 #3 Tube #829227 2022-07-28,,Demo Lab 8890 5977B,1,,Microplastics MMU (AN161) 28July.M,Deconvolution_2023-05-22.m,Success,
,,,,,,,,,,,,,,,,,,,,,,64,,,Cpd 64: 21.747,,,,,,,,,,,,,,,,,,,,,,,,,Find by Chromatogram Deconvolution,87707,,54.9900,,,,C:\Users\55129944\OneDrive - MMU (1)\PhD\Labs\TD_Markes_2022\Groupings\Categories\Plastic_Cups\PC_Sample_3_USE_04_3.D,21.815,,,10288,,,8,Positive,,,,,,54.9900,,,21.747,,21.714,0.101,,,,,,,,,,,,,,,,,,,,,,,,,,,,,,,,,,,,,,,,,,Sample USE_04 #3 Tube #829227 2022-07-28,,Demo Lab 8890 5977B,1,,Microplastics MMU (AN161) 28July.M,Deconvolution_2023-05-22.m,Success,
,,,,,,,,,,,,,,,,,,,,,,65,,,Cpd 65: 21.915,,,,,,,,,,,,,,,,,,,,,,,,,Find by Chromatogram Deconvolution,386440,,56.9900,,,,C:\Users\55129944\OneDrive - MMU (1)\PhD\Labs\TD_Markes_2022\Groupings\Categories\Plastic_Cups\PC_Sample_3_USE_04_3.D,21.992,,,22589,,,31,Positive,,,,,,56.9900,,,21.915,,21.870,0.122,,,,,,,,,,,,,,,,,,,,,,,,,,,,,,,,,,,,,,,,,,Sample USE_04 #3 Tube #829227 2022-07-28,,Demo Lab 8890 5977B,1,,Microplastics MMU (AN161) 28July.M,Deconvolution_2023-05-22.m,Success,
,,,,,,,,,,,,,,,,,,,,,,66,,,Cpd 66: 21.951,,,,,,,,,,,,,,,,,,,,,,,,,Find by Chromatogram Deconvolution,220660,,56.9900,,,,C:\Users\55129944\OneDrive - MMU (1)\PhD\Labs\TD_Markes_2022\Groupings\Categories\Plastic_Cups\PC_Sample_3_USE_04_3.D,22.017,,,34459,,,22,Positive,,,,,,56.9900,,,21.951,,21.900,0.116,,,,,,,,,,,,,,,,,,,,,,,,,,,,,,,,,,,,,,,,,,Sample USE_04 #3 Tube #829227 2022-07-28,,Demo Lab 8890 5977B,1,,Microplastics MMU (AN161) 28July.M,Deconvolution_2023-05-22.m,Success,
,,,,,,,,,,,,,,,,,,,,,,67,,,Cpd 67: 22.245,,,,,,,,,,,,,,,,,,,,,,,,,Find by Chromatogram Deconvolution,181821,,87.8300,,,,C:\Users\55129944\OneDrive - MMU (1)\PhD\Labs\TD_Markes_2022\Groupings\Categories\Plastic_Cups\PC_Sample_3_USE_04_3.D,22.297,,,23166,,,25,Positive,,,,,,87.8300,,,22.245,,22.209,0.088,,,,,,,,,,,,,,,,,,,,,,,,,,,,,,,,,,,,,,,,,,Sample USE_04 #3 Tube #829227 2022-07-28,,Demo Lab 8890 5977B,1,,Microplastics MMU (AN161) 28July.M,Deconvolution_2023-05-22.m,Success,
,,,,,,,,,,,,,,,,,,,,,,68,,,Cpd 68: 22.443,,,,,,,,,,,,,,,,,,,,,,,,,Find by Chromatogram Deconvolution,159657,,56.9900,,,,C:\Users\55129944\OneDrive - MMU (1)\PhD\Labs\TD_Markes_2022\Groupings\Categories\Plastic_Cups\PC_Sample_3_USE_04_3.D,22.508,,,8277,,,26,Positive,,,,,,56.9900,,,22.443,,22.390,0.118,,,,,,,,,,,,,,,,,,,,,,,,,,,,,,,,,,,,,,,,,,Sample USE_04 #3 Tube #829227 2022-07-28,,Demo Lab 8890 5977B,1,,Microplastics MMU (AN161) 28July.M,Deconvolution_2023-05-22.m,Success,
,,,,,,,,,,,,,,,,,,,,,,69,,,Cpd 69: 22.539,,,,,,,,,,,,,,,,,,,,,,,,,Find by Chromatogram Deconvolution,106767,,56.9900,,,,C:\Users\55129944\OneDrive - MMU (1)\PhD\Labs\TD_Markes_2022\Groupings\Categories\Plastic_Cups\PC_Sample_3_USE_04_3.D,22.588,,,11862,,,14,Positive,,,,,,56.9900,,,22.539,,22.504,0.084,,,,,,,,,,,,,,,,,,,,,,,,,,,,,,,,,,,,,,,,,,Sample USE_04 #3 Tube #829227 2022-07-28,,Demo Lab 8890 5977B,1,,Microplastics MMU (AN161) 28July.M,Deconvolution_2023-05-22.m,Success,
,,,,,,,,,,,,,,,,,,,,,,70,,,Cpd 70: 22.615,,,,,,,,,,,,,,,,,,,,,,,,,Find by Chromatogram Deconvolution,67462,,71.0400,,,,C:\Users\55129944\OneDrive - MMU (1)\PhD\Labs\TD_Markes_2022\Groupings\Categories\Plastic_Cups\PC_Sample_3_USE_04_3.D,22.656,,,9722,,,11,Positive,,,,,,71.0400,,,22.615,,22.584,0.072,,,,,,,,,,,,,,,,,,,,,,,,,,,,,,,,,,,,,,,,,,Sample USE_04 #3 Tube #829227 2022-07-28,,Demo Lab 8890 5977B,1,,Microplastics MMU (AN161) 28July.M,Deconvolution_2023-05-22.m,Success,
,,,,,,,,,,,,,,,,,,,,,,71,,,Cpd 71: 22.703,,,,,,,,,,,,,,,,,,,,,,,,,Find by Chromatogram Deconvolution,72907,,71.0400,,,,C:\Users\55129944\OneDrive - MMU (1)\PhD\Labs\TD_Markes_2022\Groupings\Categories\Plastic_Cups\PC_Sample_3_USE_04_3.D,22.735,,,10608,,,13,Positive,,,,,,71.0400,,,22.703,,22.668,0.067,,,,,,,,,,,,,,,,,,,,,,,,,,,,,,,,,,,,,,,,,,Sample USE_04 #3 Tube #829227 2022-07-28,,Demo Lab 8890 5977B,1,,Microplastics MMU (AN161) 28July.M,Deconvolution_2023-05-22.m,Success,
,,,,,,,,,,,,,,,,,,,,,,72,,,Cpd 72: 22.784,,,,,,,,,,,,,,,,,,,,,,,,,Find by Chromatogram Deconvolution,44381,,71.0400,,,,C:\Users\55129944\OneDrive - MMU (1)\PhD\Labs\TD_Markes_2022\Groupings\Categories\Plastic_Cups\PC_Sample_3_USE_04_3.D,22.834,,,6941,,,9,Positive,,,,,,71.0400,,,22.784,,22.744,0.090,,,,,,,,,,,,,,,,,,,,,,,,,,,,,,,,,,,,,,,,,,Sample USE_04 #3 Tube #829227 2022-07-28,,Demo Lab 8890 5977B,1,,Microplastics MMU (AN161) 28July.M,Deconvolution_2023-05-22.m,Success,
,,,,,,,,,,,,,,,,,,,,,,73,,,Cpd 73: 22.820,,,,,,,,,,,,,,,,,,,,,,,,,Find by Chromatogram Deconvolution,136067,,54.9900,,,,C:\Users\55129944\OneDrive - MMU (1)\PhD\Labs\TD_Markes_2022\Groupings\Categories\Plastic_Cups\PC_Sample_3_USE_04_3.D,22.900,,,9036,,,18,Positive,,,,,,54.9900,,,22.820,,22.759,0.141,,,,,,,,,,,,,,,,,,,,,,,,,,,,,,,,,,,,,,,,,,Sample USE_04 #3 Tube #829227 2022-07-28,,Demo Lab 8890 5977B,1,,Microplastics MMU (AN161) 28July.M,Deconvolution_2023-05-22.m,Success,
,,,,,,,,,,,,,,,,,,,,,,74,,,Cpd 74: 22.848,,,,,,,,,,,,,,,,,,,,,,,,,Find by Chromatogram Deconvolution,330766,,56.9900,,,,C:\Users\55129944\OneDrive - MMU (1)\PhD\Labs\TD_Markes_2022\Groupings\Categories\Plastic_Cups\PC_Sample_3_USE_04_3.D,22.929,,,41201,,,25,Positive,,,,,,56.9900,,,22.848,,22.803,0.126,,,,,,,,,,,,,,,,,,,,,,,,,,,,,,,,,,,,,,,,,,Sample USE_04 #3 Tube #829227 2022-07-28,,Demo Lab 8890 5977B,1,,Microplastics MMU (AN161) 28July.M,Deconvolution_2023-05-22.m,Success,
,,,,,,,,,,,,,,,,,,,,,,75,,,Cpd 75: 22.994,,,,,,,,,,,,,,,,,,,,,,,,,Find by Chromatogram Deconvolution,113887,,54.9900,,,,C:\Users\55129944\OneDrive - MMU (1)\PhD\Labs\TD_Markes_2022\Groupings\Categories\Plastic_Cups\PC_Sample_3_USE_04_3.D,23.064,,,6806,,,20,Positive,,,,,,54.9900,,,22.994,,22.952,0.112,,,,,,,,,,,,,,,,,,,,,,,,,,,,,,,,,,,,,,,,,,Sample USE_04 #3 Tube #829227 2022-07-28,,Demo Lab 8890 5977B,1,,Microplastics MMU (AN161) 28July.M,Deconvolution_2023-05-22.m,Success,
,,,,,,,,,,,,,,,,,,,,,,76,,,Cpd 76: 23.133,,,,,,,,,,,,,,,,,,,,,,,,,Find by Chromatogram Deconvolution,410908,,68.9900,,,,C:\Users\55129944\OneDrive - MMU (1)\PhD\Labs\TD_Markes_2022\Groupings\Categories\Plastic_Cups\PC_Sample_3_USE_04_3.D,23.175,,,32715,,,34,Positive,,,,,,68.9900,,,23.133,,23.083,0.091,,,,,,,,,,,,,,,,,,,,,,,,,,,,,,,,,,,,,,,,,,Sample USE_04 #3 Tube #829227 2022-07-28,,Demo Lab 8890 5977B,1,,Microplastics MMU (AN161) 28July.M,Deconvolution_2023-05-22.m,Success,
,,,,,,,,,,,,,,,,,,,,,,77,,,Cpd 77: 23.214,,,,,,,,,,,,,,,,,,,,,,,,,Find by Chromatogram Deconvolution,624651,,56.9900,,,,C:\Users\55129944\OneDrive - MMU (1)\PhD\Labs\TD_Markes_2022\Groupings\Categories\Plastic_Cups\PC_Sample_3_USE_04_3.D,23.249,,,40818,,,38,Positive,,,,,,56.9900,,,23.214,,23.177,0.072,,,,,,,,,,,,,,,,,,,,,,,,,,,,,,,,,,,,,,,,,,Sample USE_04 #3 Tube #829227 2022-07-28,,Demo Lab 8890 5977B,1,,Microplastics MMU (AN161) 28July.M,Deconvolution_2023-05-22.m,Success,
,,,,,,,,,,,,,,,,,,,,,,78,,,Cpd 78: 23.278,,,,,,,,,,,,,,,,,,,,,,,,,Find by Chromatogram Deconvolution,410180,,68.9900,,,,C:\Users\55129944\OneDrive - MMU (1)\PhD\Labs\TD_Markes_2022\Groupings\Categories\Plastic_Cups\PC_Sample_3_USE_04_3.D,23.327,,,22233,,,31,Positive,,,,,,68.9900,,,23.278,,23.239,0.088,,,,,,,,,,,,,,,,,,,,,,,,,,,,,,,,,,,,,,,,,,Sample USE_04 #3 Tube #829227 2022-07-28,,Demo Lab 8890 5977B,1,,Microplastics MMU (AN161) 28July.M,Deconvolution_2023-05-22.m,Success,
,,,,,,,,,,,,,,,,,,,,,,79,,,Cpd 79: 23.362,,,,,,,,,,,,,,,,,,,,,,,,,Find by Chromatogram Deconvolution,664882,,68.9900,,,,C:\Users\55129944\OneDrive - MMU (1)\PhD\Labs\TD_Markes_2022\Groupings\Categories\Plastic_Cups\PC_Sample_3_USE_04_3.D,23.422,,,40271,,,37,Positive,,,,,,68.9900,,,23.362,,23.312,0.110,,,,,,,,,,,,,,,,,,,,,,,,,,,,,,,,,,,,,,,,,,Sample USE_04 #3 Tube #829227 2022-07-28,,Demo Lab 8890 5977B,1,,Microplastics MMU (AN161) 28July.M,Deconvolution_2023-05-22.m,Success,
,,,,,,,,,,,,,,,,,,,,,,80,,,Cpd 80: 23.451,,,,,,,,,,,,,,,,,,,,,,,,,Find by Chromatogram Deconvolution,385776,,68.9900,,,,C:\Users\55129944\OneDrive - MMU (1)\PhD\Labs\TD_Markes_2022\Groupings\Categories\Plastic_Cups\PC_Sample_3_USE_04_3.D,23.535,,,24667,,,32,Positive,,,,,,68.9900,,,23.451,,23.411,0.124,,,,,,,,,,,,,,,,,,,,,,,,,,,,,,,,,,,,,,,,,,Sample USE_04 #3 Tube #829227 2022-07-28,,Demo Lab 8890 5977B,1,,Microplastics MMU (AN161) 28July.M,Deconvolution_2023-05-22.m,Success,
,,,,,,,,,,,,,,,,,,,,,,81,,,Cpd 81: 23.568,,,,,,,,,,,,,,,,,,,,,,,,,Find by Chromatogram Deconvolution,3905289,,191.1000,,,,C:\Users\55129944\OneDrive - MMU (1)\PhD\Labs\TD_Markes_2022\Groupings\Categories\Plastic_Cups\PC_Sample_3_USE_04_3.D,23.638,,,1128244,,,22,Positive,,,,,,191.1000,,,23.568,,23.533,0.105,,,,,,,,,,,,,,,,,,,,,,,,,,,,,,,,,,,,,,,,,,Sample USE_04 #3 Tube #829227 2022-07-28,,Demo Lab 8890 5977B,1,,Microplastics MMU (AN161) 28July.M,Deconvolution_2023-05-22.m,Success,
,,,,,,,,,,,,,,,,,,,,,,82,,,Cpd 82: 23.670,,,,,,,,,,,,,,,,,,,,,,,,,Find by Chromatogram Deconvolution,370627,,54.9900,,,,C:\Users\55129944\OneDrive - MMU (1)\PhD\Labs\TD_Markes_2022\Groupings\Categories\Plastic_Cups\PC_Sample_3_USE_04_3.D,23.758,,,22380,,,25,Positive,,,,,,54.9900,,,23.670,,23.632,0.126,,,,,,,,,,,,,,,,,,,,,,,,,,,,,,,,,,,,,,,,,,Sample USE_04 #3 Tube #829227 2022-07-28,,Demo Lab 8890 5977B,1,,Microplastics MMU (AN161) 28July.M,Deconvolution_2023-05-22.m,Success,
,,,,,,,,,,,,,,,,,,,,,,83,,,Cpd 83: 23.694,,,,,,,,,,,,,,,,,,,,,,,,,Find by Chromatogram Deconvolution,319392,,56.9900,,,,C:\Users\55129944\OneDrive - MMU (1)\PhD\Labs\TD_Markes_2022\Groupings\Categories\Plastic_Cups\PC_Sample_3_USE_04_3.D,23.737,,,48018,,,17,Positive,,,,,,56.9900,,,23.694,,23.645,0.091,,,,,,,,,,,,,,,,,,,,,,,,,,,,,,,,,,,,,,,,,,Sample USE_04 #3 Tube #829227 2022-07-28,,Demo Lab 8890 5977B,1,,Microplastics MMU (AN161) 28July.M,Deconvolution_2023-05-22.m,Success,
,,,,,,,,,,,,,,,,,,,,,,84,,,Cpd 84: 24.121,,,,,,,,,,,,,,,,,,,,,,,,,Find by Chromatogram Deconvolution,277064,,71.0400,,,,C:\Users\55129944\OneDrive - MMU (1)\PhD\Labs\TD_Markes_2022\Groupings\Categories\Plastic_Cups\PC_Sample_3_USE_04_3.D,24.175,,,85596,,,17,Positive,,,,,,71.0400,,,24.121,,24.080,0.095,,,,,,,,,,,,,,,,,,,,,,,,,,,,,,,,,,,,,,,,,,Sample USE_04 #3 Tube #829227 2022-07-28,,Demo Lab 8890 5977B,1,,Microplastics MMU (AN161) 28July.M,Deconvolution_2023-05-22.m,Success,
,,,,,,,,,,,,,,,,,,,,,,85,,,Cpd 85: 24.183,,,,,,,,,,,,,,,,,,,,,,,,,Find by Chromatogram Deconvolution,88758,,90.8600,,,,C:\Users\55129944\OneDrive - MMU (1)\PhD\Labs\TD_Markes_2022\Groupings\Categories\Plastic_Cups\PC_Sample_3_USE_04_3.D,24.238,,,5080,,,20,Positive,,,,,,90.8600,,,24.183,,24.118,0.120,,,,,,,,,,,,,,,,,,,,,,,,,,,,,,,,,,,,,,,,,,Sample USE_04 #3 Tube #829227 2022-07-28,,Demo Lab 8890 5977B,1,,Microplastics MMU (AN161) 28July.M,Deconvolution_2023-05-22.m,Success,
,,,,,,,,,,,,,,,,,,,,,,86,,,Cpd 86: 24.518,,,,,,,,,,,,,,,,,,,,,,,,,Find by Chromatogram Deconvolution,194709,,71.0400,,,,C:\Users\55129944\OneDrive - MMU (1)\PhD\Labs\TD_Markes_2022\Groupings\Categories\Plastic_Cups\PC_Sample_3_USE_04_3.D,24.550,,,22564,,,23,Positive,,,,,,71.0400,,,24.518,,24.470,0.080,,,,,,,,,,,,,,,,,,,,,,,,,,,,,,,,,,,,,,,,,,Sample USE_04 #3 Tube #829227 2022-07-28,,Demo Lab 8890 5977B,1,,Microplastics MMU (AN161) 28July.M,Deconvolution_2023-05-22.m,Success,
,,,,,,,,,,,,,,,,,,,,,,87,,,Cpd 87: 24.520,,,,,,,,,,,,,,,,,,,,,,,,,Find by Chromatogram Deconvolution,248727,,56.9900,,,,C:\Users\55129944\OneDrive - MMU (1)\PhD\Labs\TD_Markes_2022\Groupings\Categories\Plastic_Cups\PC_Sample_3_USE_04_3.D,24.562,,,31315,,,18,Positive,,,,,,56.9900,,,24.520,,24.468,0.093,,,,,,,,,,,,,,,,,,,,,,,,,,,,,,,,,,,,,,,,,,Sample USE_04 #3 Tube #829227 2022-07-28,,Demo Lab 8890 5977B,1,,Microplastics MMU (AN161) 28July.M,Deconvolution_2023-05-22.m,Success,
,,,,,,,,,,,,,,,,,,,,,,88,,,Cpd 88: 24.661,,,,,,,,,,,,,,,,,,,,,,,,,Find by Chromatogram Deconvolution,65300,,56.9900,,,,C:\Users\55129944\OneDrive - MMU (1)\PhD\Labs\TD_Markes_2022\Groupings\Categories\Plastic_Cups\PC_Sample_3_USE_04_3.D,24.691,,,9625,,,12,Positive,,,,,,56.9900,,,24.661,,24.609,0.082,,,,,,,,,,,,,,,,,,,,,,,,,,,,,,,,,,,,,,,,,,Sample USE_04 #3 Tube #829227 2022-07-28,,Demo Lab 8890 5977B,1,,Microplastics MMU (AN161) 28July.M,Deconvolution_2023-05-22.m,Success,
,,,,,,,,,,,,,,,,,,,,,,89,,,Cpd 89: 24.710,,,,,,,,,,,,,,,,,,,,,,,,,Find by Chromatogram Deconvolution,229018,,54.9900,,,,C:\Users\55129944\OneDrive - MMU (1)\PhD\Labs\TD_Markes_2022\Groupings\Categories\Plastic_Cups\PC_Sample_3_USE_04_3.D,24.770,,,13679,,,27,Positive,,,,,,54.9900,,,24.710,,24.663,0.107,,,,,,,,,,,,,,,,,,,,,,,,,,,,,,,,,,,,,,,,,,Sample USE_04 #3 Tube #829227 2022-07-28,,Demo Lab 8890 5977B,1,,Microplastics MMU (AN161) 28July.M,Deconvolution_2023-05-22.m,Success,
,,,,,,,,,,,,,,,,,,,,,,90,,,Cpd 90: 24.869,,,,,,,,,,,,,,,,,,,,,,,,,Find by Chromatogram Deconvolution,56729,,104.8400,,,,C:\Users\55129944\OneDrive - MMU (1)\PhD\Labs\TD_Markes_2022\Groupings\Categories\Plastic_Cups\PC_Sample_3_USE_04_3.D,24.926,,,9038,,,15,Positive,,,,,,104.8400,,,24.869,,24.819,0.107,,,,,,,,,,,,,,,,,,,,,,,,,,,,,,,,,,,,,,,,,,Sample USE_04 #3 Tube #829227 2022-07-28,,Demo Lab 8890 5977B,1,,Microplastics MMU (AN161) 28July.M,Deconvolution_2023-05-22.m,Success,
,,,,,,,,,,,,,,,,,,,,,,91,,,Cpd 91: 24.892,,,,,,,,,,,,,,,,,,,,,,,,,Find by Chromatogram Deconvolution,57486,,56.9900,,,,C:\Users\55129944\OneDrive - MMU (1)\PhD\Labs\TD_Markes_2022\Groupings\Categories\Plastic_Cups\PC_Sample_3_USE_04_3.D,24.926,,,5104,,,11,Positive,,,,,,56.9900,,,24.892,,24.836,0.090,,,,,,,,,,,,,,,,,,,,,,,,,,,,,,,,,,,,,,,,,,Sample USE_04 #3 Tube #829227 2022-07-28,,Demo Lab 8890 5977B,1,,Microplastics MMU (AN161) 28July.M,Deconvolution_2023-05-22.m,Success,
,,,,,,,,,,,,,,,,,,,,,,92,,,Cpd 92: 24.976,,,,,,,,,,,,,,,,,,,,,,,,,Find by Chromatogram Deconvolution,780216,,68.9900,,,,C:\Users\55129944\OneDrive - MMU (1)\PhD\Labs\TD_Markes_2022\Groupings\Categories\Plastic_Cups\PC_Sample_3_USE_04_3.D,25.015,,,49427,,,37,Positive,,,,,,68.9900,,,24.976,,24.926,0.090,,,,,,,,,,,,,,,,,,,,,,,,,,,,,,,,,,,,,,,,,,Sample USE_04 #3 Tube #829227 2022-07-28,,Demo Lab 8890 5977B,1,,Microplastics MMU (AN161) 28July.M,Deconvolution_2023-05-22.m,Success,
,,,,,,,,,,,,,,,,,,,,,,93,,,Cpd 93: 25.050,,,,,,,,,,,,,,,,,,,,,,,,,Find by Chromatogram Deconvolution,522797,,56.9900,,,,C:\Users\55129944\OneDrive - MMU (1)\PhD\Labs\TD_Markes_2022\Groupings\Categories\Plastic_Cups\PC_Sample_3_USE_04_3.D,25.092,,,31838,,,32,Positive,,,,,,56.9900,,,25.050,,25.004,0.088,,,,,,,,,,,,,,,,,,,,,,,,,,,,,,,,,,,,,,,,,,Sample USE_04 #3 Tube #829227 2022-07-28,,Demo Lab 8890 5977B,1,,Microplastics MMU (AN161) 28July.M,Deconvolution_2023-05-22.m,Success,
,,,,,,,,,,,,,,,,,,,,,,94,,,Cpd 94: 25.103,,,,,,,,,,,,,,,,,,,,,,,,,Find by Chromatogram Deconvolution,112119,,81.9500,,,,C:\Users\55129944\OneDrive - MMU (1)\PhD\Labs\TD_Markes_2022\Groupings\Categories\Plastic_Cups\PC_Sample_3_USE_04_3.D,25.174,,,10109,,,16,Positive,,,,,,81.9500,,,25.103,,25.055,0.118,,,,,,,,,,,,,,,,,,,,,,,,,,,,,,,,,,,,,,,,,,Sample USE_04 #3 Tube #829227 2022-07-28,,Demo Lab 8890 5977B,1,,Microplastics MMU (AN161) 28July.M,Deconvolution_2023-05-22.m,Success,
,,,,,,,,,,,,,,,,,,,,,,95,,,Cpd 95: 25.129,,,,,,,,,,,,,,,,,,,,,,,,,Find by Chromatogram Deconvolution,571747,,68.9900,,,,C:\Users\55129944\OneDrive - MMU (1)\PhD\Labs\TD_Markes_2022\Groupings\Categories\Plastic_Cups\PC_Sample_3_USE_04_3.D,25.187,,,28368,,,24,Positive,,,,,,68.9900,,,25.129,,25.082,0.105,,,,,,,,,,,,,,,,,,,,,,,,,,,,,,,,,,,,,,,,,,Sample USE_04 #3 Tube #829227 2022-07-28,,Demo Lab 8890 5977B,1,,Microplastics MMU (AN161) 28July.M,Deconvolution_2023-05-22.m,Success,
,,,,,,,,,,,,,,,,,,,,,,96,,,Cpd 96: 25.205,,,,,,,,,,,,,,,,,,,,,,,,,Find by Chromatogram Deconvolution,43280,,109.8700,,,,C:\Users\55129944\OneDrive - MMU (1)\PhD\Labs\TD_Markes_2022\Groupings\Categories\Plastic_Cups\PC_Sample_3_USE_04_3.D,25.265,,,6962,,,8,Positive,,,,,,109.8700,,,25.205,,25.168,0.097,,,,,,,,,,,,,,,,,,,,,,,,,,,,,,,,,,,,,,,,,,Sample USE_04 #3 Tube #829227 2022-07-28,,Demo Lab 8890 5977B,1,,Microplastics MMU (AN161) 28July.M,Deconvolution_2023-05-22.m,Success,
,,,,,,,,,,,,,,,,,,,,,,97,,,Cpd 97: 25.234,,,,,,,,,,,,,,,,,,,,,,,,,Find by Chromatogram Deconvolution,1596298,,68.9900,,,,C:\Users\55129944\OneDrive - MMU (1)\PhD\Labs\TD_Markes_2022\Groupings\Categories\Plastic_Cups\PC_Sample_3_USE_04_3.D,25.282,,,77408,,,39,Positive,,,,,,68.9900,,,25.234,,25.170,0.112,,,,,,,,,,,,,,,,,,,,,,,,,,,,,,,,,,,,,,,,,,Sample USE_04 #3 Tube #829227 2022-07-28,,Demo Lab 8890 5977B,1,,Microplastics MMU (AN161) 28July.M,Deconvolution_2023-05-22.m,Success,
,,,,,,,,,,,,,,,,,,,,,,98,,,Cpd 98: 25.321,,,,,,,,,,,,,,,,,,,,,,,,,Find by Chromatogram Deconvolution,467328,,68.9900,,,,C:\Users\55129944\OneDrive - MMU (1)\PhD\Labs\TD_Markes_2022\Groupings\Categories\Plastic_Cups\PC_Sample_3_USE_04_3.D,25.393,,,26624,,,34,Positive,,,,,,68.9900,,,25.321,,25.278,0.114,,,,,,,,,,,,,,,,,,,,,,,,,,,,,,,,,,,,,,,,,,Sample USE_04 #3 Tube #829227 2022-07-28,,Demo Lab 8890 5977B,1,,Microplastics MMU (AN161) 28July.M,Deconvolution_2023-05-22.m,Success,
,,,,,,,,,,,,,,,,,,,,,,99,,,Cpd 99: 25.447,,,,,,,,,,,,,,,,,,,,,,,,,Find by Chromatogram Deconvolution,304550,,68.9900,,,,C:\Users\55129944\OneDrive - MMU (1)\PhD\Labs\TD_Markes_2022\Groupings\Categories\Plastic_Cups\PC_Sample_3_USE_04_3.D,25.494,,,19056,,,25,Positive,,,,,,68.9900,,,25.447,,25.383,0.111,,,,,,,,,,,,,,,,,,,,,,,,,,,,,,,,,,,,,,,,,,Sample USE_04 #3 Tube #829227 2022-07-28,,Demo Lab 8890 5977B,1,,Microplastics MMU (AN161) 28July.M,Deconvolution_2023-05-22.m,Success,
,,,,,,,,,,,,,,,,,,,,,,100,,,Cpd 100: 25.562,,,,,,,,,,,,,,,,,,,,,,,,,Find by Chromatogram Deconvolution,531904,,68.9900,,,,C:\Users\55129944\OneDrive - MMU (1)\PhD\Labs\TD_Markes_2022\Groupings\Categories\Plastic_Cups\PC_Sample_3_USE_04_3.D,25.612,,,31419,,,34,Positive,,,,,,68.9900,,,25.562,,25.509,0.103,,,,,,,,,,,,,,,,,,,,,,,,,,,,,,,,,,,,,,,,,,Sample USE_04 #3 Tube #829227 2022-07-28,,Demo Lab 8890 5977B,1,,Microplastics MMU (AN161) 28July.M,Deconvolution_2023-05-22.m,Success,
,,,,,,,,,,,,,,,,,,,,,,101,,,Cpd 101: 25.755,,,,,,,,,,,,,,,,,,,,,,,,,Find by Chromatogram Deconvolution,74715,,99.0000,,,,C:\Users\55129944\OneDrive - MMU (1)\PhD\Labs\TD_Markes_2022\Groupings\Categories\Plastic_Cups\PC_Sample_3_USE_04_3.D,25.806,,,9101,,,11,Positive,,,,,,99.0000,,,25.755,,25.707,0.099,,,,,,,,,,,,,,,,,,,,,,,,,,,,,,,,,,,,,,,,,,Sample USE_04 #3 Tube #829227 2022-07-28,,Demo Lab 8890 5977B,1,,Microplastics MMU (AN161) 28July.M,Deconvolution_2023-05-22.m,Success,
,,,,,,,,,,,,,,,,,,,,,,102,,,Cpd 102: 25.824,,,,,,,,,,,,,,,,,,,,,,,,,Find by Chromatogram Deconvolution,53350,,44.0000,,,,C:\Users\55129944\OneDrive - MMU (1)\PhD\Labs\TD_Markes_2022\Groupings\Categories\Plastic_Cups\PC_Sample_3_USE_04_3.D,25.854,,,8654,,,5,Positive,,,,,,44.0000,,,25.824,,25.789,0.065,,,,,,,,,,,,,,,,,,,,,,,,,,,,,,,,,,,,,,,,,,Sample USE_04 #3 Tube #829227 2022-07-28,,Demo Lab 8890 5977B,1,,Microplastics MMU (AN161) 28July.M,Deconvolution_2023-05-22.m,Success,
,,,,,,,,,,,,,,,,,,,,,,103,,,Cpd 103: 25.840,,,,,,,,,,,,,,,,,,,,,,,,,Find by Chromatogram Deconvolution,43733,,44.0000,,,,C:\Users\55129944\OneDrive - MMU (1)\PhD\Labs\TD_Markes_2022\Groupings\Categories\Plastic_Cups\PC_Sample_3_USE_04_3.D,25.864,,,8654,,,2,Positive,,,,,,44.0000,,,25.840,,25.801,0.063,,,,,,,,,,,,,,,,,,,,,,,,,,,,,,,,,,,,,,,,,,Sample USE_04 #3 Tube #829227 2022-07-28,,Demo Lab 8890 5977B,1,,Microplastics MMU (AN161) 28July.M,Deconvolution_2023-05-22.m,Success,
,,,,,,,,,,,,,,,,,,,,,,104,,,Cpd 104: 25.952,,,,,,,,,,,,,,,,,,,,,,,,,Find by Chromatogram Deconvolution,137289,,42.9900,,,,C:\Users\55129944\OneDrive - MMU (1)\PhD\Labs\TD_Markes_2022\Groupings\Categories\Plastic_Cups\PC_Sample_3_USE_04_3.D,26.010,,,6494,,,19,Positive,,,,,,42.9900,,,25.952,,25.906,0.105,,,,,,,,,,,,,,,,,,,,,,,,,,,,,,,,,,,,,,,,,,Sample USE_04 #3 Tube #829227 2022-07-28,,Demo Lab 8890 5977B,1,,Microplastics MMU (AN161) 28July.M,Deconvolution_2023-05-22.m,Success,
,,,,,,,,,,,,,,,,,,,,,,105,,,Cpd 105: 26.187,,,,,,,,,,,,,,,,,,,,,,,,,Find by Chromatogram Deconvolution,230846,,56.9900,,,,C:\Users\55129944\OneDrive - MMU (1)\PhD\Labs\TD_Markes_2022\Groupings\Categories\Plastic_Cups\PC_Sample_3_USE_04_3.D,26.249,,,9531,,,29,Positive,,,,,,56.9900,,,26.187,,26.136,0.112,,,,,,,,,,,,,,,,,,,,,,,,,,,,,,,,,,,,,,,,,,Sample USE_04 #3 Tube #829227 2022-07-28,,Demo Lab 8890 5977B,1,,Microplastics MMU (AN161) 28July.M,Deconvolution_2023-05-22.m,Success,
,,,,,,,,,,,,,,,,,,,,,,106,,,Cpd 106: 26.319,,,,,,,,,,,,,,,,,,,,,,,,,Find by Chromatogram Deconvolution,1782542,,97.0300,,,,C:\Users\55129944\OneDrive - MMU (1)\PhD\Labs\TD_Markes_2022\Groupings\Categories\Plastic_Cups\PC_Sample_3_USE_04_3.D,26.435,,,58201,,,66,Positive,,,,,,97.0300,,,26.319,,26.262,0.173,,,,,,,,,,,,,,,,,,,,,,,,,,,,,,,,,,,,,,,,,,Sample USE_04 #3 Tube #829227 2022-07-28,,Demo Lab 8890 5977B,1,,Microplastics MMU (AN161) 28July.M,Deconvolution_2023-05-22.m,Success,
,,,,,,,,,,,,,,,,,,,,,,107,,,Cpd 107: 26.510,,,,,,,,,,,,,,,,,,,,,,,,,Find by Chromatogram Deconvolution,87630,,42.9900,,,,C:\Users\55129944\OneDrive - MMU (1)\PhD\Labs\TD_Markes_2022\Groupings\Categories\Plastic_Cups\PC_Sample_3_USE_04_3.D,26.580,,,4813,,,23,Positive,,,,,,42.9900,,,26.510,,26.458,0.122,,,,,,,,,,,,,,,,,,,,,,,,,,,,,,,,,,,,,,,,,,Sample USE_04 #3 Tube #829227 2022-07-28,,Demo Lab 8890 5977B,1,,Microplastics MMU (AN161) 28July.M,Deconvolution_2023-05-22.m,Success,
,,,,,,,,,,,,,,,,,,,,,,108,,,Cpd 108: 26.575,,,,,,,,,,,,,,,,,,,,,,,,,Find by Chromatogram Deconvolution,63582,,118.7900,,,,C:\Users\55129944\OneDrive - MMU (1)\PhD\Labs\TD_Markes_2022\Groupings\Categories\Plastic_Cups\PC_Sample_3_USE_04_3.D,26.643,,,5532,,,10,Positive,,,,,,118.7900,,,26.575,,26.519,0.124,,,,,,,,,,,,,,,,,,,,,,,,,,,,,,,,,,,,,,,,,,Sample USE_04 #3 Tube #829227 2022-07-28,,Demo Lab 8890 5977B,1,,Microplastics MMU (AN161) 28July.M,Deconvolution_2023-05-22.m,Success,
,,,,,,,,,,,,,,,,,,,,,,109,,,Cpd 109: 26.983,,,,,,,,,,,,,,,,,,,,,,,,,Find by Chromatogram Deconvolution,83186,,56.9900,,,,C:\Users\55129944\OneDrive - MMU (1)\PhD\Labs\TD_Markes_2022\Groupings\Categories\Plastic_Cups\PC_Sample_3_USE_04_3.D,27.066,,,6446,,,8,Positive,,,,,,56.9900,,,26.983,,26.923,0.143,,,,,,,,,,,,,,,,,,,,,,,,,,,,,,,,,,,,,,,,,,Sample USE_04 #3 Tube #829227 2022-07-28,,Demo Lab 8890 5977B,1,,Microplastics MMU (AN161) 28July.M,Deconvolution_2023-05-22.m,Success,
,,,,,,,,,,,,,,,,,,,,,,110,,,Cpd 110: 27.276,,,,,,,,,,,,,,,,,,,,,,,,,Find by Chromatogram Deconvolution,490841,,57.8600,,,,C:\Users\55129944\OneDrive - MMU (1)\PhD\Labs\TD_Markes_2022\Groupings\Categories\Plastic_Cups\PC_Sample_3_USE_04_3.D,27.369,,,34643,,,33,Positive,,,,,,57.8600,,,27.276,,27.213,0.156,,,,,,,,,,,,,,,,,,,,,,,,,,,,,,,,,,,,,,,,,,Sample USE_04 #3 Tube #829227 2022-07-28,,Demo Lab 8890 5977B,1,,Microplastics MMU (AN161) 28July.M,Deconvolution_2023-05-22.m,Success,
,,,,,,,,,,,,,,,,,,,,,,111,,,Cpd 111: 27.282,,,,,,,,,,,,,,,,,,,,,,,,,Find by Chromatogram Deconvolution,53428,,73.8300,,,,C:\Users\55129944\OneDrive - MMU (1)\PhD\Labs\TD_Markes_2022\Groupings\Categories\Plastic_Cups\PC_Sample_3_USE_04_3.D,27.340,,,6991,,,10,Positive,,,,,,73.8300,,,27.282,,27.230,0.111,,,,,,,,,,,,,,,,,,,,,,,,,,,,,,,,,,,,,,,,,,Sample USE_04 #3 Tube #829227 2022-07-28,,Demo Lab 8890 5977B,1,,Microplastics MMU (AN161) 28July.M,Deconvolution_2023-05-22.m,Success,
,,,,,,,,,,,,,,,,,,,,,,112,,,Cpd 112: 27.527,,,,,,,,,,,,,,,,,,,,,,,,,Find by Chromatogram Deconvolution,140062,,76.8500,,,,C:\Users\55129944\OneDrive - MMU (1)\PhD\Labs\TD_Markes_2022\Groupings\Categories\Plastic_Cups\PC_Sample_3_USE_04_3.D,27.617,,,16134,,,12,Positive,,,,,,76.8500,,,27.527,,27.453,0.164,,,,,,,,,,,,,,,,,,,,,,,,,,,,,,,,,,,,,,,,,,Sample USE_04 #3 Tube #829227 2022-07-28,,Demo Lab 8890 5977B,1,,Microplastics MMU (AN161) 28July.M,Deconvolution_2023-05-22.m,Success,
,,,,,,,,,,,,,,,,,,,,,,113,,,Cpd 113: 27.567,,,,,,,,,,,,,,,,,,,,,,,,,Find by Chromatogram Deconvolution,137679,,56.9900,,,,C:\Users\55129944\OneDrive - MMU (1)\PhD\Labs\TD_Markes_2022\Groupings\Categories\Plastic_Cups\PC_Sample_3_USE_04_3.D,27.624,,,7681,,,12,Positive,,,,,,56.9900,,,27.567,,27.502,0.122,,,,,,,,,,,,,,,,,,,,,,,,,,,,,,,,,,,,,,,,,,Sample USE_04 #3 Tube #829227 2022-07-28,,Demo Lab 8890 5977B,1,,Microplastics MMU (AN161) 28July.M,Deconvolution_2023-05-22.m,Success,
,,,,,,,,,,,,,,,,,,,,,,114,,,Cpd 114: 27.697,,,,,,,,,,,,,,,,,,,,,,,,,Find by Chromatogram Deconvolution,374494,,56.9900,,,,C:\Users\55129944\OneDrive - MMU (1)\PhD\Labs\TD_Markes_2022\Groupings\Categories\Plastic_Cups\PC_Sample_3_USE_04_3.D,27.763,,,10479,,,36,Positive,,,,,,56.9900,,,27.697,,27.626,0.137,,,,,,,,,,,,,,,,,,,,,,,,,,,,,,,,,,,,,,,,,,Sample USE_04 #3 Tube #829227 2022-07-28,,Demo Lab 8890 5977B,1,,Microplastics MMU (AN161) 28July.M,Deconvolution_2023-05-22.m,Success,
,,,,,,,,,,,,,,,,,,,,,,115,,,Cpd 115: 27.834,,,,,,,,,,,,,,,,,,,,,,,,,Find by Chromatogram Deconvolution,85877,,71.0400,,,,C:\Users\55129944\OneDrive - MMU (1)\PhD\Labs\TD_Markes_2022\Groupings\Categories\Plastic_Cups\PC_Sample_3_USE_04_3.D,27.889,,,7274,,,12,Positive,,,,,,71.0400,,,27.834,,27.748,0.141,,,,,,,,,,,,,,,,,,,,,,,,,,,,,,,,,,,,,,,,,,Sample USE_04 #3 Tube #829227 2022-07-28,,Demo Lab 8890 5977B,1,,Microplastics MMU (AN161) 28July.M,Deconvolution_2023-05-22.m,Success,
,,,,,,,,,,,,,,,,,,,,,,116,,,Cpd 116: 27.967,,,,,,,,,,,,,,,,,,,,,,,,,Find by Chromatogram Deconvolution,112098,,68.9900,,,,C:\Users\55129944\OneDrive - MMU (1)\PhD\Labs\TD_Markes_2022\Groupings\Categories\Plastic_Cups\PC_Sample_3_USE_04_3.D,28.059,,,8772,,,9,Positive,,,,,,68.9900,,,27.967,,27.914,0.145,,,,,,,,,,,,,,,,,,,,,,,,,,,,,,,,,,,,,,,,,,Sample USE_04 #3 Tube #829227 2022-07-28,,Demo Lab 8890 5977B,1,,Microplastics MMU (AN161) 28July.M,Deconvolution_2023-05-22.m,Success,
,,,,,,,,,,,,,,,,,,,,,,117,,,Cpd 117: 27.988,,,,,,,,,,,,,,,,,,,,,,,,,Find by Chromatogram Deconvolution,234660,,56.9900,,,,C:\Users\55129944\OneDrive - MMU (1)\PhD\Labs\TD_Markes_2022\Groupings\Categories\Plastic_Cups\PC_Sample_3_USE_04_3.D,28.059,,,10452,,,15,Positive,,,,,,56.9900,,,27.988,,27.906,0.152,,,,,,,,,,,,,,,,,,,,,,,,,,,,,,,,,,,,,,,,,,Sample USE_04 #3 Tube #829227 2022-07-28,,Demo Lab 8890 5977B,1,,Microplastics MMU (AN161) 28July.M,Deconvolution_2023-05-22.m,Success,
,,,,,,,,,,,,,,,,,,,,,,118,,,Cpd 118: 28.457,,,,,,,,,,,,,,,,,,,,,,,,,Find by Chromatogram Deconvolution,278030,,73.0000,,,,C:\Users\55129944\OneDrive - MMU (1)\PhD\Labs\TD_Markes_2022\Groupings\Categories\Plastic_Cups\PC_Sample_3_USE_04_3.D,28.525,,,11631,,,22,Positive,,,,,,73.0000,,,28.457,,28.400,0.126,,,,,,,,,,,,,,,,,,,,,,,,,,,,,,,,,,,,,,,,,,Sample USE_04 #3 Tube #829227 2022-07-28,,Demo Lab 8890 5977B,1,,Microplastics MMU (AN161) 28July.M,Deconvolution_2023-05-22.m,Success,
,,,,,,,,,,,,,,,,,,,,,,119,,,Cpd 119: 28.467,,,,,,,,,,,,,,,,,,,,,,,,,Find by Chromatogram Deconvolution,329508,,73.0000,,,,C:\Users\55129944\OneDrive - MMU (1)\PhD\Labs\TD_Markes_2022\Groupings\Categories\Plastic_Cups\PC_Sample_3_USE_04_3.D,28.537,,,11631,,,31,Positive,,,,,,73.0000,,,28.467,,28.400,0.137,,,,,,,,,,,,,,,,,,,,,,,,,,,,,,,,,,,,,,,,,,Sample USE_04 #3 Tube #829227 2022-07-28,,Demo Lab 8890 5977B,1,,Microplastics MMU (AN161) 28July.M,Deconvolution_2023-05-22.m,Success,
,,,,,,,,,,,,,,,,,,,,,,120,,,Cpd 120: 28.527,,,,,,,,,,,,,,,,,,,,,,,,,Find by Chromatogram Deconvolution,42085,,99.0000,,,,C:\Users\55129944\OneDrive - MMU (1)\PhD\Labs\TD_Markes_2022\Groupings\Categories\Plastic_Cups\PC_Sample_3_USE_04_3.D,28.592,,,4790,,,8,Positive,,,,,,99.0000,,,28.527,,28.483,0.109,,,,,,,,,,,,,,,,,,,,,,,,,,,,,,,,,,,,,,,,,,Sample USE_04 #3 Tube #829227 2022-07-28,,Demo Lab 8890 5977B,1,,Microplastics MMU (AN161) 28July.M,Deconvolution_2023-05-22.m,Success,
,,,,,,,,,,,,,,,,,,,,,,121,,,Cpd 121: 28.546,,,,,,,,,,,,,,,,,,,,,,,,,Find by Chromatogram Deconvolution,93049,,71.0400,,,,C:\Users\55129944\OneDrive - MMU (1)\PhD\Labs\TD_Markes_2022\Groupings\Categories\Plastic_Cups\PC_Sample_3_USE_04_3.D,28.666,,,7159,,,7,Positive,,,,,,71.0400,,,28.546,,28.502,0.164,,,,,,,,,,,,,,,,,,,,,,,,,,,,,,,,,,,,,,,,,,Sample USE_04 #3 Tube #829227 2022-07-28,,Demo Lab 8890 5977B,1,,Microplastics MMU (AN161) 28July.M,Deconvolution_2023-05-22.m,Success,
,,,,,,,,,,,,,,,,,,,,,,122,,,Cpd 122: 28.565,,,,,,,,,,,,,,,,,,,,,,,,,Find by Chromatogram Deconvolution,167863,,56.9900,,,,C:\Users\55129944\OneDrive - MMU (1)\PhD\Labs\TD_Markes_2022\Groupings\Categories\Plastic_Cups\PC_Sample_3_USE_04_3.D,28.666,,,9802,,,12,Positive,,,,,,56.9900,,,28.565,,28.508,0.158,,,,,,,,,,,,,,,,,,,,,,,,,,,,,,,,,,,,,,,,,,Sample USE_04 #3 Tube #829227 2022-07-28,,Demo Lab 8890 5977B,1,,Microplastics MMU (AN161) 28July.M,Deconvolution_2023-05-22.m,Success,
,,,,,,,,,,,,,,,,,,,,,,123,,,Cpd 123: 28.577,,,,,,,,,,,,,,,,,,,,,,,,,Find by Chromatogram Deconvolution,44695,,56.9900,,,,C:\Users\55129944\OneDrive - MMU (1)\PhD\Labs\TD_Markes_2022\Groupings\Categories\Plastic_Cups\PC_Sample_3_USE_04_3.D,28.647,,,9641,,,6,Positive,,,,,,56.9900,,,28.577,,28.544,0.103,,,,,,,,,,,,,,,,,,,,,,,,,,,,,,,,,,,,,,,,,,Sample USE_04 #3 Tube #829227 2022-07-28,,Demo Lab 8890 5977B,1,,Microplastics MMU (AN161) 28July.M,Deconvolution_2023-05-22.m,Success,
,,,,,,,,,,,,,,,,,,,,,,124,,,Cpd 124: 28.737,,,,,,,,,,,,,,,,,,,,,,,,,Find by Chromatogram Deconvolution,57614,,148.7600,,,,C:\Users\55129944\OneDrive - MMU (1)\PhD\Labs\TD_Markes_2022\Groupings\Categories\Plastic_Cups\PC_Sample_3_USE_04_3.D,28.805,,,10260,,,5,Positive,,,,,,148.7600,,,28.737,,28.682,0.124,,,,,,,,,,,,,,,,,,,,,,,,,,,,,,,,,,,,,,,,,,Sample USE_04 #3 Tube #829227 2022-07-28,,Demo Lab 8890 5977B,1,,Microplastics MMU (AN161) 28July.M,Deconvolution_2023-05-22.m,Success,
,,,,,,,,,,,,,,,,,,,,,,125,,,Cpd 125: 28.764,,,,,,,,,,,,,,,,,,,,,,,,,Find by Chromatogram Deconvolution,41833,,56.9900,,,,C:\Users\55129944\OneDrive - MMU (1)\PhD\Labs\TD_Markes_2022\Groupings\Categories\Plastic_Cups\PC_Sample_3_USE_04_3.D,28.809,,,3831,,,7,Positive,,,,,,56.9900,,,28.764,,28.687,0.122,,,,,,,,,,,,,,,,,,,,,,,,,,,,,,,,,,,,,,,,,,Sample USE_04 #3 Tube #829227 2022-07-28,,Demo Lab 8890 5977B,1,,Microplastics MMU (AN161) 28July.M,Deconvolution_2023-05-22.m,Success,
,,,,,,,,,,,,,,,,,,,,,,126,,,Cpd 126: 29.441,,,,,,,,,,,,,,,,,,,,,,,,,Find by Chromatogram Deconvolution,51851,,151.8500,,,,C:\Users\55129944\OneDrive - MMU (1)\PhD\Labs\TD_Markes_2022\Groupings\Categories\Plastic_Cups\PC_Sample_3_USE_04_3.D,29.512,,,5916,,,13,Positive,,,,,,151.8500,,,29.441,,29.385,0.128,,,,,,,,,,,,,,,,,,,,,,,,,,,,,,,,,,,,,,,,,,Sample USE_04 #3 Tube #829227 2022-07-28,,Demo Lab 8890 5977B,1,,Microplastics MMU (AN161) 28July.M,Deconvolution_2023-05-22.m,Success,
,,,,,,,,,,,,,,,,,,,,,,127,,,Cpd 127: 29.450,,,,,,,,,,,,,,,,,,,,,,,,,Find by Chromatogram Deconvolution,1759530,,56.9900,,,,C:\Users\55129944\OneDrive - MMU (1)\PhD\Labs\TD_Markes_2022\Groupings\Categories\Plastic_Cups\PC_Sample_3_USE_04_3.D,29.579,,,41592,,,58,Positive,,,,,,56.9900,,,29.450,,29.366,0.213,,,,,,,,,,,,,,,,,,,,,,,,,,,,,,,,,,,,,,,,,,Sample USE_04 #3 Tube #829227 2022-07-28,,Demo Lab 8890 5977B,1,,Microplastics MMU (AN161) 28July.M,Deconvolution_2023-05-22.m,Success,
,,,,,,,,,,,,,,,,,,,,,,128,,,Cpd 128: 29.575,,,,,,,,,,,,,,,,,,,,,,,,,Find by Chromatogram Deconvolution,51994,,73.0000,,,,C:\Users\55129944\OneDrive - MMU (1)\PhD\Labs\TD_Markes_2022\Groupings\Categories\Plastic_Cups\PC_Sample_3_USE_04_3.D,29.669,,,8707,,,6,Positive,,,,,,73.0000,,,29.575,,29.484,0.185,,,,,,,,,,,,,,,,,,,,,,,,,,,,,,,,,,,,,,,,,,Sample USE_04 #3 Tube #829227 2022-07-28,,Demo Lab 8890 5977B,1,,Microplastics MMU (AN161) 28July.M,Deconvolution_2023-05-22.m,Success,
,,,,,,,,,,,,,,,,,,,,,,129,,,Cpd 129: 29.780,,,,,,,,,,,,,,,,,,,,,,,,,Find by Chromatogram Deconvolution,86056,,56.9900,,,,C:\Users\55129944\OneDrive - MMU (1)\PhD\Labs\TD_Markes_2022\Groupings\Categories\Plastic_Cups\PC_Sample_3_USE_04_3.D,29.844,,,5767,,,14,Positive,,,,,,56.9900,,,29.780,,29.705,0.139,,,,,,,,,,,,,,,,,,,,,,,,,,,,,,,,,,,,,,,,,,Sample USE_04 #3 Tube #829227 2022-07-28,,Demo Lab 8890 5977B,1,,Microplastics MMU (AN161) 28July.M,Deconvolution_2023-05-22.m,Success,
,,,,,,,,,,,,,,,,,,,,,,130,,,Cpd 130: 29.794,,,,,,,,,,,,,,,,,,,,,,,,,Find by Chromatogram Deconvolution,64064,,56.9900,,,,C:\Users\55129944\OneDrive - MMU (1)\PhD\Labs\TD_Markes_2022\Groupings\Categories\Plastic_Cups\PC_Sample_3_USE_04_3.D,29.865,,,5767,,,8,Positive,,,,,,56.9900,,,29.794,,29.712,0.152,,,,,,,,,,,,,,,,,,,,,,,,,,,,,,,,,,,,,,,,,,Sample USE_04 #3 Tube #829227 2022-07-28,,Demo Lab 8890 5977B,1,,Microplastics MMU (AN161) 28July.M,Deconvolution_2023-05-22.m,Success,
