Version 1

Score (Bio),"Diff (Bio, mDa)","Diff (Bio, ppm)",Uncertainty,Fit Score,Enzyme,Hits (Bioconfirm),Links,Seq Loc,Rule,Missed,Mods,Significance,Pred Mods,Sequence,Seq Name,Seq Type,Tgt Seq Mass,AGILENTID,CAS,Compound ID,Name,Cpd,HMP,KEGG,Label,LMP,METLIN,MPPID,NCBI ID,Notes,Swiss-Prot,Hits (DB),Mass (DB),"Diff (DB, mDa)",Formula (DB),"Diff (DB, ppm)",RT (DB),RT Diff (DB),Score (DB),Shared (DB),Unique (DB),"Diff (MFG, mDa)",Mass (MFG),Formula (MFG),"Diff (MFG, ppm)",Score (MFG),Tgt Hit Pos,Score Diff,Abund,Algorithm,Area,Avg Mass,Base Peak,Z Count,CE,MS/MS Count,File,End,Formula,FV,Height,ID Source,ID Techniques Applied,Ions,Polarity,Max Z,Min Z,Modified,Mass,Score,m/z,m/z (prod.),Score (MFE),RT,Saturated,Start,Width,Library,Score (Lib),Cpds/Group,Group,Std Dev,Vol %,Vol,Primary Base,Primary Note,ADC% Area,ADC% Height,EIC/TIC% Area,EIC/TIC% Height,TIC% Area,TIC% Height,TWC% Area,TWC% Height,UVA% Area,UVA% Height,UVB% Area,UVB% Height,UVC% Area,UVC% Height,Purity Comments,Purity Result,Purity Value,Score (Frag),FIs Conf.,FIs Conf. %,FIs Eval.,Source,"Diff (Tgt, mDa)",Formula (Tgt),"Diff (Tgt, ppm)",RT (Tgt),RT Diff (Tgt),Score (Tgt),Flags (Tgt),Flag Severity (Tgt),Flag Severity Code (Tgt),Mass (Tgt),Sample Name,Sample Type,Instrument Name,Position,User Name,Acq Method,DA Method,IRM Calibration status
,,,,,,,,,,,,,,,,,,,,,,1,,,Cpd 1: 1.392,,,,,,,,,,,,,,,,,,,,,,,,,Find by Chromatogram Deconvolution,441737,,44.0000,,,,C:\Users\55129944\OneDrive - MMU (1)\PhD\Labs\TD_Markes_2022\Groupings\Categories\Plastic_Cups\PC_Sample_7_USSB_31_1.D,1.672,,,85707,,,2,Positive,,,,,,44.0000,,,1.392,,1.351,0.321,,,,,,,,,,,,,,,,,,,,,,,,,,,,,,,,,,,,,,,,,,Sample USSB_31 #1 Tube #829237 2022-08-02,,Demo Lab 8890 5977B,1,,Microplastics MMU (AN161) 28July.M,Deconvolution_2023-05-22.m,Success,
,,,,,,,,,,,,,,,,,,,,,,2,,,Cpd 2: 1.809,,,,,,,,,,,,,,,,,,,,,,,,,Find by Chromatogram Deconvolution,132949,,40.9700,,,,C:\Users\55129944\OneDrive - MMU (1)\PhD\Labs\TD_Markes_2022\Groupings\Categories\Plastic_Cups\PC_Sample_7_USSB_31_1.D,1.880,,,27332,,,9,Positive,,,,,,40.9700,,,1.809,,1.771,0.108,,,,,,,,,,,,,,,,,,,,,,,,,,,,,,,,,,,,,,,,,,Sample USSB_31 #1 Tube #829237 2022-08-02,,Demo Lab 8890 5977B,1,,Microplastics MMU (AN161) 28July.M,Deconvolution_2023-05-22.m,Success,
,,,,,,,,,,,,,,,,,,,,,,3,,,Cpd 3: 1.870,,,,,,,,,,,,,,,,,,,,,,,,,Find by Chromatogram Deconvolution,380067,,53.9400,,,,C:\Users\55129944\OneDrive - MMU (1)\PhD\Labs\TD_Markes_2022\Groupings\Categories\Plastic_Cups\PC_Sample_7_USSB_31_1.D,1.940,,,66650,,,10,Positive,,,,,,53.9400,,,1.870,,1.832,0.108,,,,,,,,,,,,,,,,,,,,,,,,,,,,,,,,,,,,,,,,,,Sample USSB_31 #1 Tube #829237 2022-08-02,,Demo Lab 8890 5977B,1,,Microplastics MMU (AN161) 28July.M,Deconvolution_2023-05-22.m,Success,
,,,,,,,,,,,,,,,,,,,,,,4,,,Cpd 4: 1.910,,,,,,,,,,,,,,,,,,,,,,,,,Find by Chromatogram Deconvolution,199451,,44.0000,,,,C:\Users\55129944\OneDrive - MMU (1)\PhD\Labs\TD_Markes_2022\Groupings\Categories\Plastic_Cups\PC_Sample_7_USSB_31_1.D,1.967,,,63118,,,6,Positive,,,,,,44.0000,,,1.910,,1.880,0.088,,,,,,,,,,,,,,,,,,,,,,,,,,,,,,,,,,,,,,,,,,Sample USSB_31 #1 Tube #829237 2022-08-02,,Demo Lab 8890 5977B,1,,Microplastics MMU (AN161) 28July.M,Deconvolution_2023-05-22.m,Success,
,,,,,,,,,,,,,,,,,,,,,,5,,,Cpd 5: 2.638,,,,,,,,,,,,,,,,,,,,,,,,,Find by Chromatogram Deconvolution,109909,,44.8700,,,,C:\Users\55129944\OneDrive - MMU (1)\PhD\Labs\TD_Markes_2022\Groupings\Categories\Plastic_Cups\PC_Sample_7_USSB_31_1.D,2.745,,,27631,,,5,Positive,,,,,,44.8700,,,2.638,,2.604,0.141,,,,,,,,,,,,,,,,,,,,,,,,,,,,,,,,,,,,,,,,,,Sample USSB_31 #1 Tube #829237 2022-08-02,,Demo Lab 8890 5977B,1,,Microplastics MMU (AN161) 28July.M,Deconvolution_2023-05-22.m,Success,
,,,,,,,,,,,,,,,,,,,,,,6,,,Cpd 6: 3.083,,,,,,,,,,,,,,,,,,,,,,,,,Find by Chromatogram Deconvolution,117159,,42.9900,,,,C:\Users\55129944\OneDrive - MMU (1)\PhD\Labs\TD_Markes_2022\Groupings\Categories\Plastic_Cups\PC_Sample_7_USSB_31_1.D,3.211,,,34163,,,4,Positive,,,,,,42.9900,,,3.083,,3.046,0.166,,,,,,,,,,,,,,,,,,,,,,,,,,,,,,,,,,,,,,,,,,Sample USSB_31 #1 Tube #829237 2022-08-02,,Demo Lab 8890 5977B,1,,Microplastics MMU (AN161) 28July.M,Deconvolution_2023-05-22.m,Success,
,,,,,,,,,,,,,,,,,,,,,,7,,,Cpd 7: 3.375,,,,,,,,,,,,,,,,,,,,,,,,,Find by Chromatogram Deconvolution,257960,,42.9900,,,,C:\Users\55129944\OneDrive - MMU (1)\PhD\Labs\TD_Markes_2022\Groupings\Categories\Plastic_Cups\PC_Sample_7_USSB_31_1.D,3.632,,,28252,,,8,Positive,,,,,,42.9900,,,3.375,,3.293,0.339,,,,,,,,,,,,,,,,,,,,,,,,,,,,,,,,,,,,,,,,,,Sample USSB_31 #1 Tube #829237 2022-08-02,,Demo Lab 8890 5977B,1,,Microplastics MMU (AN161) 28July.M,Deconvolution_2023-05-22.m,Success,
,,,,,,,,,,,,,,,,,,,,,,8,,,Cpd 8: 6.112,,,,,,,,,,,,,,,,,,,,,,,,,Find by Chromatogram Deconvolution,139627,,131.8400,,,,C:\Users\55129944\OneDrive - MMU (1)\PhD\Labs\TD_Markes_2022\Groupings\Categories\Plastic_Cups\PC_Sample_7_USSB_31_1.D,6.247,,,22735,,,6,Positive,,,,,,131.8400,,,6.112,,6.024,0.223,,,,,,,,,,,,,,,,,,,,,,,,,,,,,,,,,,,,,,,,,,Sample USSB_31 #1 Tube #829237 2022-08-02,,Demo Lab 8890 5977B,1,,Microplastics MMU (AN161) 28July.M,Deconvolution_2023-05-22.m,Success,
,,,,,,,,,,,,,,,,,,,,,,9,,,Cpd 9: 8.351,,,,,,,,,,,,,,,,,,,,,,,,,Find by Chromatogram Deconvolution,193352,,77.9800,,,,C:\Users\55129944\OneDrive - MMU (1)\PhD\Labs\TD_Markes_2022\Groupings\Categories\Plastic_Cups\PC_Sample_7_USSB_31_1.D,8.550,,,16169,,,7,Positive,,,,,,77.9800,,,8.351,,8.238,0.312,,,,,,,,,,,,,,,,,,,,,,,,,,,,,,,,,,,,,,,,,,Sample USSB_31 #1 Tube #829237 2022-08-02,,Demo Lab 8890 5977B,1,,Microplastics MMU (AN161) 28July.M,Deconvolution_2023-05-22.m,Success,
,,,,,,,,,,,,,,,,,,,,,,10,,,Cpd 10: 10.229,,,,,,,,,,,,,,,,,,,,,,,,,Find by Chromatogram Deconvolution,273718,,42.9900,,,,C:\Users\55129944\OneDrive - MMU (1)\PhD\Labs\TD_Markes_2022\Groupings\Categories\Plastic_Cups\PC_Sample_7_USSB_31_1.D,10.721,,,15116,,,4,Positive,,,,,,42.9900,,,10.229,,10.102,0.618,,,,,,,,,,,,,,,,,,,,,,,,,,,,,,,,,,,,,,,,,,Sample USSB_31 #1 Tube #829237 2022-08-02,,Demo Lab 8890 5977B,1,,Microplastics MMU (AN161) 28July.M,Deconvolution_2023-05-22.m,Success,
,,,,,,,,,,,,,,,,,,,,,,11,,,Cpd 11: 13.431,,,,,,,,,,,,,,,,,,,,,,,,,Find by Chromatogram Deconvolution,3755033,,98.1000,,,,C:\Users\55129944\OneDrive - MMU (1)\PhD\Labs\TD_Markes_2022\Groupings\Categories\Plastic_Cups\PC_Sample_7_USSB_31_1.D,13.540,,,810885,,,11,Positive,,,,,,98.1000,,,13.431,,13.380,0.160,,,,,,,,,,,,,,,,,,,,,,,,,,,,,,,,,,,,,,,,,,Sample USSB_31 #1 Tube #829237 2022-08-02,,Demo Lab 8890 5977B,1,,Microplastics MMU (AN161) 28July.M,Deconvolution_2023-05-22.m,Success,
,,,,,,,,,,,,,,,,,,,,,,12,,,Cpd 12: 13.538,,,,,,,,,,,,,,,,,,,,,,,,,Find by Chromatogram Deconvolution,421035,,91.0500,,,,C:\Users\55129944\OneDrive - MMU (1)\PhD\Labs\TD_Markes_2022\Groupings\Categories\Plastic_Cups\PC_Sample_7_USSB_31_1.D,13.618,,,92126,,,11,Positive,,,,,,91.0500,,,13.538,,13.488,0.129,,,,,,,,,,,,,,,,,,,,,,,,,,,,,,,,,,,,,,,,,,Sample USSB_31 #1 Tube #829237 2022-08-02,,Demo Lab 8890 5977B,1,,Microplastics MMU (AN161) 28July.M,Deconvolution_2023-05-22.m,Success,
,,,,,,,,,,,,,,,,,,,,,,13,,,Cpd 13: 13.972,,,,,,,,,,,,,,,,,,,,,,,,,Find by Chromatogram Deconvolution,114674,,42.9900,,,,C:\Users\55129944\OneDrive - MMU (1)\PhD\Labs\TD_Markes_2022\Groupings\Categories\Plastic_Cups\PC_Sample_7_USSB_31_1.D,14.059,,,12530,,,12,Positive,,,,,,42.9900,,,13.972,,13.926,0.133,,,,,,,,,,,,,,,,,,,,,,,,,,,,,,,,,,,,,,,,,,Sample USSB_31 #1 Tube #829237 2022-08-02,,Demo Lab 8890 5977B,1,,Microplastics MMU (AN161) 28July.M,Deconvolution_2023-05-22.m,Success,
,,,,,,,,,,,,,,,,,,,,,,14,,,Cpd 14: 14.433,,,,,,,,,,,,,,,,,,,,,,,,,Find by Chromatogram Deconvolution,585253,,207.0000,,,,C:\Users\55129944\OneDrive - MMU (1)\PhD\Labs\TD_Markes_2022\Groupings\Categories\Plastic_Cups\PC_Sample_7_USSB_31_1.D,14.502,,,128560,,,17,Positive,,,,,,207.0000,,,14.433,,14.379,0.124,,,,,,,,,,,,,,,,,,,,,,,,,,,,,,,,,,,,,,,,,,Sample USSB_31 #1 Tube #829237 2022-08-02,,Demo Lab 8890 5977B,1,,Microplastics MMU (AN161) 28July.M,Deconvolution_2023-05-22.m,Success,
,,,,,,,,,,,,,,,,,,,,,,15,,,Cpd 15: 14.757,,,,,,,,,,,,,,,,,,,,,,,,,Find by Chromatogram Deconvolution,133819,,55.0100,,,,C:\Users\55129944\OneDrive - MMU (1)\PhD\Labs\TD_Markes_2022\Groupings\Categories\Plastic_Cups\PC_Sample_7_USSB_31_1.D,14.830,,,17060,,,14,Positive,,,,,,55.0100,,,14.757,,14.670,0.160,,,,,,,,,,,,,,,,,,,,,,,,,,,,,,,,,,,,,,,,,,Sample USSB_31 #1 Tube #829237 2022-08-02,,Demo Lab 8890 5977B,1,,Microplastics MMU (AN161) 28July.M,Deconvolution_2023-05-22.m,Success,
,,,,,,,,,,,,,,,,,,,,,,16,,,Cpd 16: 14.989,,,,,,,,,,,,,,,,,,,,,,,,,Find by Chromatogram Deconvolution,1257608,,78.8800,,,,C:\Users\55129944\OneDrive - MMU (1)\PhD\Labs\TD_Markes_2022\Groupings\Categories\Plastic_Cups\PC_Sample_7_USSB_31_1.D,15.079,,,107150,,,30,Positive,,,,,,78.8800,,,14.989,,14.942,0.137,,,,,,,,,,,,,,,,,,,,,,,,,,,,,,,,,,,,,,,,,,Sample USSB_31 #1 Tube #829237 2022-08-02,,Demo Lab 8890 5977B,1,,Microplastics MMU (AN161) 28July.M,Deconvolution_2023-05-22.m,Success,
,,,,,,,,,,,,,,,,,,,,,,17,,,Cpd 17: 15.570,,,,,,,,,,,,,,,,,,,,,,,,,Find by Chromatogram Deconvolution,445633,,39.9000,,,,C:\Users\55129944\OneDrive - MMU (1)\PhD\Labs\TD_Markes_2022\Groupings\Categories\Plastic_Cups\PC_Sample_7_USSB_31_1.D,15.619,,,300532,,,2,Positive,,,,,,39.9000,,,15.570,,15.533,0.086,,,,,,,,,,,,,,,,,,,,,,,,,,,,,,,,,,,,,,,,,,Sample USSB_31 #1 Tube #829237 2022-08-02,,Demo Lab 8890 5977B,1,,Microplastics MMU (AN161) 28July.M,Deconvolution_2023-05-22.m,Success,
,,,,,,,,,,,,,,,,,,,,,,18,,,Cpd 18: 15.785,,,,,,,,,,,,,,,,,,,,,,,,,Find by Chromatogram Deconvolution,158481,,94.9800,,,,C:\Users\55129944\OneDrive - MMU (1)\PhD\Labs\TD_Markes_2022\Groupings\Categories\Plastic_Cups\PC_Sample_7_USSB_31_1.D,15.878,,,25479,,,13,Positive,,,,,,94.9800,,,15.785,,15.747,0.131,,,,,,,,,,,,,,,,,,,,,,,,,,,,,,,,,,,,,,,,,,Sample USSB_31 #1 Tube #829237 2022-08-02,,Demo Lab 8890 5977B,1,,Microplastics MMU (AN161) 28July.M,Deconvolution_2023-05-22.m,Success,
,,,,,,,,,,,,,,,,,,,,,,19,,,Cpd 19: 16.311,,,,,,,,,,,,,,,,,,,,,,,,,Find by Chromatogram Deconvolution,120705,,98.1000,,,,C:\Users\55129944\OneDrive - MMU (1)\PhD\Labs\TD_Markes_2022\Groupings\Categories\Plastic_Cups\PC_Sample_7_USSB_31_1.D,16.376,,,16312,,,14,Positive,,,,,,98.1000,,,16.311,,16.275,0.101,,,,,,,,,,,,,,,,,,,,,,,,,,,,,,,,,,,,,,,,,,Sample USSB_31 #1 Tube #829237 2022-08-02,,Demo Lab 8890 5977B,1,,Microplastics MMU (AN161) 28July.M,Deconvolution_2023-05-22.m,Success,
,,,,,,,,,,,,,,,,,,,,,,20,,,Cpd 20: 16.347,,,,,,,,,,,,,,,,,,,,,,,,,Find by Chromatogram Deconvolution,10803240,,104.1000,,,,C:\Users\55129944\OneDrive - MMU (1)\PhD\Labs\TD_Markes_2022\Groupings\Categories\Plastic_Cups\PC_Sample_7_USSB_31_1.D,16.437,,,2476947,,,15,Positive,,,,,,104.1000,,,16.347,,16.308,0.129,,,,,,,,,,,,,,,,,,,,,,,,,,,,,,,,,,,,,,,,,,Sample USSB_31 #1 Tube #829237 2022-08-02,,Demo Lab 8890 5977B,1,,Microplastics MMU (AN161) 28July.M,Deconvolution_2023-05-22.m,Success,
,,,,,,,,,,,,,,,,,,,,,,21,,,Cpd 21: 17.235,,,,,,,,,,,,,,,,,,,,,,,,,Find by Chromatogram Deconvolution,167882,,280.9900,,,,C:\Users\55129944\OneDrive - MMU (1)\PhD\Labs\TD_Markes_2022\Groupings\Categories\Plastic_Cups\PC_Sample_7_USSB_31_1.D,17.315,,,33232,,,21,Positive,,,,,,280.9900,,,17.235,,17.191,0.124,,,,,,,,,,,,,,,,,,,,,,,,,,,,,,,,,,,,,,,,,,Sample USSB_31 #1 Tube #829237 2022-08-02,,Demo Lab 8890 5977B,1,,Microplastics MMU (AN161) 28July.M,Deconvolution_2023-05-22.m,Success,
,,,,,,,,,,,,,,,,,,,,,,22,,,Cpd 22: 17.692,,,,,,,,,,,,,,,,,,,,,,,,,Find by Chromatogram Deconvolution,241048,,55.0100,,,,C:\Users\55129944\OneDrive - MMU (1)\PhD\Labs\TD_Markes_2022\Groupings\Categories\Plastic_Cups\PC_Sample_7_USSB_31_1.D,17.777,,,41702,,,22,Positive,,,,,,55.0100,,,17.692,,17.648,0.129,,,,,,,,,,,,,,,,,,,,,,,,,,,,,,,,,,,,,,,,,,Sample USSB_31 #1 Tube #829237 2022-08-02,,Demo Lab 8890 5977B,1,,Microplastics MMU (AN161) 28July.M,Deconvolution_2023-05-22.m,Success,
,,,,,,,,,,,,,,,,,,,,,,23,,,Cpd 23: 17.794,,,,,,,,,,,,,,,,,,,,,,,,,Find by Chromatogram Deconvolution,124816,,105.9400,,,,C:\Users\55129944\OneDrive - MMU (1)\PhD\Labs\TD_Markes_2022\Groupings\Categories\Plastic_Cups\PC_Sample_7_USSB_31_1.D,17.853,,,20722,,,11,Positive,,,,,,105.9400,,,17.794,,17.762,0.091,,,,,,,,,,,,,,,,,,,,,,,,,,,,,,,,,,,,,,,,,,Sample USSB_31 #1 Tube #829237 2022-08-02,,Demo Lab 8890 5977B,1,,Microplastics MMU (AN161) 28July.M,Deconvolution_2023-05-22.m,Success,
,,,,,,,,,,,,,,,,,,,,,,24,,,Cpd 24: 18.459,,,,,,,,,,,,,,,,,,,,,,,,,Find by Chromatogram Deconvolution,174681,,57.0400,,,,C:\Users\55129944\OneDrive - MMU (1)\PhD\Labs\TD_Markes_2022\Groupings\Categories\Plastic_Cups\PC_Sample_7_USSB_31_1.D,18.517,,,33155,,,16,Positive,,,,,,57.0400,,,18.459,,18.424,0.093,,,,,,,,,,,,,,,,,,,,,,,,,,,,,,,,,,,,,,,,,,Sample USSB_31 #1 Tube #829237 2022-08-02,,Demo Lab 8890 5977B,1,,Microplastics MMU (AN161) 28July.M,Deconvolution_2023-05-22.m,Success,
,,,,,,,,,,,,,,,,,,,,,,25,,,Cpd 25: 18.635,,,,,,,,,,,,,,,,,,,,,,,,,Find by Chromatogram Deconvolution,127104,,93.8700,,,,C:\Users\55129944\OneDrive - MMU (1)\PhD\Labs\TD_Markes_2022\Groupings\Categories\Plastic_Cups\PC_Sample_7_USSB_31_1.D,18.727,,,31440,,,15,Positive,,,,,,93.8700,,,18.635,,18.599,0.128,,,,,,,,,,,,,,,,,,,,,,,,,,,,,,,,,,,,,,,,,,Sample USSB_31 #1 Tube #829237 2022-08-02,,Demo Lab 8890 5977B,1,,Microplastics MMU (AN161) 28July.M,Deconvolution_2023-05-22.m,Success,
,,,,,,,,,,,,,,,,,,,,,,26,,,Cpd 26: 19.328,,,,,,,,,,,,,,,,,,,,,,,,,Find by Chromatogram Deconvolution,905462,,105.9400,,,,C:\Users\55129944\OneDrive - MMU (1)\PhD\Labs\TD_Markes_2022\Groupings\Categories\Plastic_Cups\PC_Sample_7_USSB_31_1.D,19.424,,,98955,,,36,Positive,,,,,,105.9400,,,19.328,,19.290,0.133,,,,,,,,,,,,,,,,,,,,,,,,,,,,,,,,,,,,,,,,,,Sample USSB_31 #1 Tube #829237 2022-08-02,,Demo Lab 8890 5977B,1,,Microplastics MMU (AN161) 28July.M,Deconvolution_2023-05-22.m,Success,
,,,,,,,,,,,,,,,,,,,,,,27,,,Cpd 27: 19.842,,,,,,,,,,,,,,,,,,,,,,,,,Find by Chromatogram Deconvolution,130856,,58.8500,,,,C:\Users\55129944\OneDrive - MMU (1)\PhD\Labs\TD_Markes_2022\Groupings\Categories\Plastic_Cups\PC_Sample_7_USSB_31_1.D,19.886,,,8846,,,24,Positive,,,,,,58.8500,,,19.842,,19.774,0.112,,,,,,,,,,,,,,,,,,,,,,,,,,,,,,,,,,,,,,,,,,Sample USSB_31 #1 Tube #829237 2022-08-02,,Demo Lab 8890 5977B,1,,Microplastics MMU (AN161) 28July.M,Deconvolution_2023-05-22.m,Success,
,,,,,,,,,,,,,,,,,,,,,,28,,,Cpd 28: 19.913,,,,,,,,,,,,,,,,,,,,,,,,,Find by Chromatogram Deconvolution,121754,,55.0100,,,,C:\Users\55129944\OneDrive - MMU (1)\PhD\Labs\TD_Markes_2022\Groupings\Categories\Plastic_Cups\PC_Sample_7_USSB_31_1.D,19.972,,,6418,,,28,Positive,,,,,,55.0100,,,19.913,,19.869,0.103,,,,,,,,,,,,,,,,,,,,,,,,,,,,,,,,,,,,,,,,,,Sample USSB_31 #1 Tube #829237 2022-08-02,,Demo Lab 8890 5977B,1,,Microplastics MMU (AN161) 28July.M,Deconvolution_2023-05-22.m,Success,
,,,,,,,,,,,,,,,,,,,,,,29,,,Cpd 29: 20.950,,,,,,,,,,,,,,,,,,,,,,,,,Find by Chromatogram Deconvolution,165677,,56.0000,,,,C:\Users\55129944\OneDrive - MMU (1)\PhD\Labs\TD_Markes_2022\Groupings\Categories\Plastic_Cups\PC_Sample_7_USSB_31_1.D,21.023,,,8501,,,37,Positive,,,,,,56.0000,,,20.950,,20.898,0.126,,,,,,,,,,,,,,,,,,,,,,,,,,,,,,,,,,,,,,,,,,Sample USSB_31 #1 Tube #829237 2022-08-02,,Demo Lab 8890 5977B,1,,Microplastics MMU (AN161) 28July.M,Deconvolution_2023-05-22.m,Success,
,,,,,,,,,,,,,,,,,,,,,,30,,,Cpd 30: 21.001,,,,,,,,,,,,,,,,,,,,,,,,,Find by Chromatogram Deconvolution,397250,,78.8800,,,,C:\Users\55129944\OneDrive - MMU (1)\PhD\Labs\TD_Markes_2022\Groupings\Categories\Plastic_Cups\PC_Sample_7_USSB_31_1.D,21.077,,,16389,,,39,Positive,,,,,,78.8800,,,21.001,,20.917,0.160,,,,,,,,,,,,,,,,,,,,,,,,,,,,,,,,,,,,,,,,,,Sample USSB_31 #1 Tube #829237 2022-08-02,,Demo Lab 8890 5977B,1,,Microplastics MMU (AN161) 28July.M,Deconvolution_2023-05-22.m,Success,
,,,,,,,,,,,,,,,,,,,,,,31,,,Cpd 31: 21.037,,,,,,,,,,,,,,,,,,,,,,,,,Find by Chromatogram Deconvolution,115593,,93.8700,,,,C:\Users\55129944\OneDrive - MMU (1)\PhD\Labs\TD_Markes_2022\Groupings\Categories\Plastic_Cups\PC_Sample_7_USSB_31_1.D,21.101,,,8363,,,23,Positive,,,,,,93.8700,,,21.037,,20.936,0.166,,,,,,,,,,,,,,,,,,,,,,,,,,,,,,,,,,,,,,,,,,Sample USSB_31 #1 Tube #829237 2022-08-02,,Demo Lab 8890 5977B,1,,Microplastics MMU (AN161) 28July.M,Deconvolution_2023-05-22.m,Success,
,,,,,,,,,,,,,,,,,,,,,,32,,,Cpd 32: 21.746,,,,,,,,,,,,,,,,,,,,,,,,,Find by Chromatogram Deconvolution,153824,,113.0200,,,,C:\Users\55129944\OneDrive - MMU (1)\PhD\Labs\TD_Markes_2022\Groupings\Categories\Plastic_Cups\PC_Sample_7_USSB_31_1.D,21.812,,,14513,,,22,Positive,,,,,,113.0200,,,21.746,,21.713,0.099,,,,,,,,,,,,,,,,,,,,,,,,,,,,,,,,,,,,,,,,,,Sample USSB_31 #1 Tube #829237 2022-08-02,,Demo Lab 8890 5977B,1,,Microplastics MMU (AN161) 28July.M,Deconvolution_2023-05-22.m,Success,
,,,,,,,,,,,,,,,,,,,,,,33,,,Cpd 33: 21.915,,,,,,,,,,,,,,,,,,,,,,,,,Find by Chromatogram Deconvolution,285303,,57.0400,,,,C:\Users\55129944\OneDrive - MMU (1)\PhD\Labs\TD_Markes_2022\Groupings\Categories\Plastic_Cups\PC_Sample_7_USSB_31_1.D,21.979,,,15270,,,32,Positive,,,,,,57.0400,,,21.915,,21.861,0.118,,,,,,,,,,,,,,,,,,,,,,,,,,,,,,,,,,,,,,,,,,Sample USSB_31 #1 Tube #829237 2022-08-02,,Demo Lab 8890 5977B,1,,Microplastics MMU (AN161) 28July.M,Deconvolution_2023-05-22.m,Success,
,,,,,,,,,,,,,,,,,,,,,,34,,,Cpd 34: 21.950,,,,,,,,,,,,,,,,,,,,,,,,,Find by Chromatogram Deconvolution,130152,,57.0400,,,,C:\Users\55129944\OneDrive - MMU (1)\PhD\Labs\TD_Markes_2022\Groupings\Categories\Plastic_Cups\PC_Sample_7_USSB_31_1.D,22.002,,,20944,,,20,Positive,,,,,,57.0400,,,21.950,,21.899,0.103,,,,,,,,,,,,,,,,,,,,,,,,,,,,,,,,,,,,,,,,,,Sample USSB_31 #1 Tube #829237 2022-08-02,,Demo Lab 8890 5977B,1,,Microplastics MMU (AN161) 28July.M,Deconvolution_2023-05-22.m,Success,
,,,,,,,,,,,,,,,,,,,,,,35,,,Cpd 35: 22.244,,,,,,,,,,,,,,,,,,,,,,,,,Find by Chromatogram Deconvolution,114238,,87.8500,,,,C:\Users\55129944\OneDrive - MMU (1)\PhD\Labs\TD_Markes_2022\Groupings\Categories\Plastic_Cups\PC_Sample_7_USSB_31_1.D,22.319,,,16130,,,18,Positive,,,,,,87.8500,,,22.244,,22.199,0.120,,,,,,,,,,,,,,,,,,,,,,,,,,,,,,,,,,,,,,,,,,Sample USSB_31 #1 Tube #829237 2022-08-02,,Demo Lab 8890 5977B,1,,Microplastics MMU (AN161) 28July.M,Deconvolution_2023-05-22.m,Success,
,,,,,,,,,,,,,,,,,,,,,,36,,,Cpd 36: 22.819,,,,,,,,,,,,,,,,,,,,,,,,,Find by Chromatogram Deconvolution,112984,,83.0200,,,,C:\Users\55129944\OneDrive - MMU (1)\PhD\Labs\TD_Markes_2022\Groupings\Categories\Plastic_Cups\PC_Sample_7_USSB_31_1.D,22.858,,,7642,,,24,Positive,,,,,,83.0200,,,22.819,,22.783,0.074,,,,,,,,,,,,,,,,,,,,,,,,,,,,,,,,,,,,,,,,,,Sample USSB_31 #1 Tube #829237 2022-08-02,,Demo Lab 8890 5977B,1,,Microplastics MMU (AN161) 28July.M,Deconvolution_2023-05-22.m,Success,
,,,,,,,,,,,,,,,,,,,,,,37,,,Cpd 37: 22.874,,,,,,,,,,,,,,,,,,,,,,,,,Find by Chromatogram Deconvolution,195958,,134.9200,,,,C:\Users\55129944\OneDrive - MMU (1)\PhD\Labs\TD_Markes_2022\Groupings\Categories\Plastic_Cups\PC_Sample_7_USSB_31_1.D,22.940,,,18896,,,23,Positive,,,,,,134.9200,,,22.874,,22.841,0.099,,,,,,,,,,,,,,,,,,,,,,,,,,,,,,,,,,,,,,,,,,Sample USSB_31 #1 Tube #829237 2022-08-02,,Demo Lab 8890 5977B,1,,Microplastics MMU (AN161) 28July.M,Deconvolution_2023-05-22.m,Success,
,,,,,,,,,,,,,,,,,,,,,,38,,,Cpd 38: 22.994,,,,,,,,,,,,,,,,,,,,,,,,,Find by Chromatogram Deconvolution,221182,,69.0100,,,,C:\Users\55129944\OneDrive - MMU (1)\PhD\Labs\TD_Markes_2022\Groupings\Categories\Plastic_Cups\PC_Sample_7_USSB_31_1.D,23.065,,,11980,,,25,Positive,,,,,,69.0100,,,22.994,,22.924,0.141,,,,,,,,,,,,,,,,,,,,,,,,,,,,,,,,,,,,,,,,,,Sample USSB_31 #1 Tube #829237 2022-08-02,,Demo Lab 8890 5977B,1,,Microplastics MMU (AN161) 28July.M,Deconvolution_2023-05-22.m,Success,
,,,,,,,,,,,,,,,,,,,,,,39,,,Cpd 39: 23.567,,,,,,,,,,,,,,,,,,,,,,,,,Find by Chromatogram Deconvolution,691476,,190.8900,,,,C:\Users\55129944\OneDrive - MMU (1)\PhD\Labs\TD_Markes_2022\Groupings\Categories\Plastic_Cups\PC_Sample_7_USSB_31_1.D,23.614,,,197304,,,23,Positive,,,,,,190.8900,,,23.567,,23.532,0.082,,,,,,,,,,,,,,,,,,,,,,,,,,,,,,,,,,,,,,,,,,Sample USSB_31 #1 Tube #829237 2022-08-02,,Demo Lab 8890 5977B,1,,Microplastics MMU (AN161) 28July.M,Deconvolution_2023-05-22.m,Success,
,,,,,,,,,,,,,,,,,,,,,,40,,,Cpd 40: 23.669,,,,,,,,,,,,,,,,,,,,,,,,,Find by Chromatogram Deconvolution,249601,,83.0200,,,,C:\Users\55129944\OneDrive - MMU (1)\PhD\Labs\TD_Markes_2022\Groupings\Categories\Plastic_Cups\PC_Sample_7_USSB_31_1.D,23.733,,,15588,,,24,Positive,,,,,,83.0200,,,23.669,,23.624,0.109,,,,,,,,,,,,,,,,,,,,,,,,,,,,,,,,,,,,,,,,,,Sample USSB_31 #1 Tube #829237 2022-08-02,,Demo Lab 8890 5977B,1,,Microplastics MMU (AN161) 28July.M,Deconvolution_2023-05-22.m,Success,
,,,,,,,,,,,,,,,,,,,,,,41,,,Cpd 41: 23.693,,,,,,,,,,,,,,,,,,,,,,,,,Find by Chromatogram Deconvolution,150245,,57.0400,,,,C:\Users\55129944\OneDrive - MMU (1)\PhD\Labs\TD_Markes_2022\Groupings\Categories\Plastic_Cups\PC_Sample_7_USSB_31_1.D,23.744,,,18714,,,17,Positive,,,,,,57.0400,,,23.693,,23.637,0.107,,,,,,,,,,,,,,,,,,,,,,,,,,,,,,,,,,,,,,,,,,Sample USSB_31 #1 Tube #829237 2022-08-02,,Demo Lab 8890 5977B,1,,Microplastics MMU (AN161) 28July.M,Deconvolution_2023-05-22.m,Success,
,,,,,,,,,,,,,,,,,,,,,,42,,,Cpd 42: 24.120,,,,,,,,,,,,,,,,,,,,,,,,,Find by Chromatogram Deconvolution,109125,,71.0400,,,,C:\Users\55129944\OneDrive - MMU (1)\PhD\Labs\TD_Markes_2022\Groupings\Categories\Plastic_Cups\PC_Sample_7_USSB_31_1.D,24.162,,,34888,,,15,Positive,,,,,,71.0400,,,24.120,,24.080,0.082,,,,,,,,,,,,,,,,,,,,,,,,,,,,,,,,,,,,,,,,,,Sample USSB_31 #1 Tube #829237 2022-08-02,,Demo Lab 8890 5977B,1,,Microplastics MMU (AN161) 28July.M,Deconvolution_2023-05-22.m,Success,
,,,,,,,,,,,,,,,,,,,,,,43,,,Cpd 43: 24.181,,,,,,,,,,,,,,,,,,,,,,,,,Find by Chromatogram Deconvolution,210891,,169.0000,,,,C:\Users\55129944\OneDrive - MMU (1)\PhD\Labs\TD_Markes_2022\Groupings\Categories\Plastic_Cups\PC_Sample_7_USSB_31_1.D,24.242,,,41064,,,27,Positive,,,,,,169.0000,,,24.181,,24.143,0.099,,,,,,,,,,,,,,,,,,,,,,,,,,,,,,,,,,,,,,,,,,Sample USSB_31 #1 Tube #829237 2022-08-02,,Demo Lab 8890 5977B,1,,Microplastics MMU (AN161) 28July.M,Deconvolution_2023-05-22.m,Success,
,,,,,,,,,,,,,,,,,,,,,,44,,,Cpd 44: 24.386,,,,,,,,,,,,,,,,,,,,,,,,,Find by Chromatogram Deconvolution,858808,,144.0200,,,,C:\Users\55129944\OneDrive - MMU (1)\PhD\Labs\TD_Markes_2022\Groupings\Categories\Plastic_Cups\PC_Sample_7_USSB_31_1.D,24.467,,,212918,,,16,Positive,,,,,,144.0200,,,24.386,,24.347,0.120,,,,,,,,,,,,,,,,,,,,,,,,,,,,,,,,,,,,,,,,,,Sample USSB_31 #1 Tube #829237 2022-08-02,,Demo Lab 8890 5977B,1,,Microplastics MMU (AN161) 28July.M,Deconvolution_2023-05-22.m,Success,
,,,,,,,,,,,,,,,,,,,,,,45,,,Cpd 45: 24.710,,,,,,,,,,,,,,,,,,,,,,,,,Find by Chromatogram Deconvolution,177620,,55.0100,,,,C:\Users\55129944\OneDrive - MMU (1)\PhD\Labs\TD_Markes_2022\Groupings\Categories\Plastic_Cups\PC_Sample_7_USSB_31_1.D,24.770,,,13451,,,31,Positive,,,,,,55.0100,,,24.710,,24.667,0.103,,,,,,,,,,,,,,,,,,,,,,,,,,,,,,,,,,,,,,,,,,Sample USSB_31 #1 Tube #829237 2022-08-02,,Demo Lab 8890 5977B,1,,Microplastics MMU (AN161) 28July.M,Deconvolution_2023-05-22.m,Success,
,,,,,,,,,,,,,,,,,,,,,,46,,,Cpd 46: 24.835,,,,,,,,,,,,,,,,,,,,,,,,,Find by Chromatogram Deconvolution,1057734,,92.0600,,,,C:\Users\55129944\OneDrive - MMU (1)\PhD\Labs\TD_Markes_2022\Groupings\Categories\Plastic_Cups\PC_Sample_7_USSB_31_1.D,24.928,,,167223,,,20,Positive,,,,,,92.0600,,,24.835,,24.791,0.137,,,,,,,,,,,,,,,,,,,,,,,,,,,,,,,,,,,,,,,,,,Sample USSB_31 #1 Tube #829237 2022-08-02,,Demo Lab 8890 5977B,1,,Microplastics MMU (AN161) 28July.M,Deconvolution_2023-05-22.m,Success,
,,,,,,,,,,,,,,,,,,,,,,47,,,Cpd 47: 25.200,,,,,,,,,,,,,,,,,,,,,,,,,Find by Chromatogram Deconvolution,148803,,96.9900,,,,C:\Users\55129944\OneDrive - MMU (1)\PhD\Labs\TD_Markes_2022\Groupings\Categories\Plastic_Cups\PC_Sample_7_USSB_31_1.D,25.274,,,5592,,,22,Positive,,,,,,96.9900,,,25.200,,25.161,0.113,,,,,,,,,,,,,,,,,,,,,,,,,,,,,,,,,,,,,,,,,,Sample USSB_31 #1 Tube #829237 2022-08-02,,Demo Lab 8890 5977B,1,,Microplastics MMU (AN161) 28July.M,Deconvolution_2023-05-22.m,Success,
,,,,,,,,,,,,,,,,,,,,,,48,,,Cpd 48: 25.326,,,,,,,,,,,,,,,,,,,,,,,,,Find by Chromatogram Deconvolution,305692,,104.1000,,,,C:\Users\55129944\OneDrive - MMU (1)\PhD\Labs\TD_Markes_2022\Groupings\Categories\Plastic_Cups\PC_Sample_7_USSB_31_1.D,25.384,,,103119,,,11,Positive,,,,,,104.1000,,,25.326,,25.283,0.101,,,,,,,,,,,,,,,,,,,,,,,,,,,,,,,,,,,,,,,,,,Sample USSB_31 #1 Tube #829237 2022-08-02,,Demo Lab 8890 5977B,1,,Microplastics MMU (AN161) 28July.M,Deconvolution_2023-05-22.m,Success,
,,,,,,,,,,,,,,,,,,,,,,49,,,Cpd 49: 25.487,,,,,,,,,,,,,,,,,,,,,,,,,Find by Chromatogram Deconvolution,1293725,,91.0500,,,,C:\Users\55129944\OneDrive - MMU (1)\PhD\Labs\TD_Markes_2022\Groupings\Categories\Plastic_Cups\PC_Sample_7_USSB_31_1.D,25.571,,,217485,,,28,Positive,,,,,,91.0500,,,25.487,,25.440,0.132,,,,,,,,,,,,,,,,,,,,,,,,,,,,,,,,,,,,,,,,,,Sample USSB_31 #1 Tube #829237 2022-08-02,,Demo Lab 8890 5977B,1,,Microplastics MMU (AN161) 28July.M,Deconvolution_2023-05-22.m,Success,
,,,,,,,,,,,,,,,,,,,,,,50,,,Cpd 50: 25.861,,,,,,,,,,,,,,,,,,,,,,,,,Find by Chromatogram Deconvolution,5562836,,104.1000,,,,C:\Users\55129944\OneDrive - MMU (1)\PhD\Labs\TD_Markes_2022\Groupings\Categories\Plastic_Cups\PC_Sample_7_USSB_31_1.D,25.966,,,1597376,,,15,Positive,,,,,,104.1000,,,25.861,,25.812,0.155,,,,,,,,,,,,,,,,,,,,,,,,,,,,,,,,,,,,,,,,,,Sample USSB_31 #1 Tube #829237 2022-08-02,,Demo Lab 8890 5977B,1,,Microplastics MMU (AN161) 28July.M,Deconvolution_2023-05-22.m,Success,
,,,,,,,,,,,,,,,,,,,,,,51,,,Cpd 51: 26.149,,,,,,,,,,,,,,,,,,,,,,,,,Find by Chromatogram Deconvolution,180947,,129.9500,,,,C:\Users\55129944\OneDrive - MMU (1)\PhD\Labs\TD_Markes_2022\Groupings\Categories\Plastic_Cups\PC_Sample_7_USSB_31_1.D,26.201,,,10074,,,21,Positive,,,,,,129.9500,,,26.149,,26.086,0.114,,,,,,,,,,,,,,,,,,,,,,,,,,,,,,,,,,,,,,,,,,Sample USSB_31 #1 Tube #829237 2022-08-02,,Demo Lab 8890 5977B,1,,Microplastics MMU (AN161) 28July.M,Deconvolution_2023-05-22.m,Success,
,,,,,,,,,,,,,,,,,,,,,,52,,,Cpd 52: 26.317,,,,,,,,,,,,,,,,,,,,,,,,,Find by Chromatogram Deconvolution,1128823,,96.9900,,,,C:\Users\55129944\OneDrive - MMU (1)\PhD\Labs\TD_Markes_2022\Groupings\Categories\Plastic_Cups\PC_Sample_7_USSB_31_1.D,26.433,,,39410,,,58,Positive,,,,,,96.9900,,,26.317,,26.262,0.172,,,,,,,,,,,,,,,,,,,,,,,,,,,,,,,,,,,,,,,,,,Sample USSB_31 #1 Tube #829237 2022-08-02,,Demo Lab 8890 5977B,1,,Microplastics MMU (AN161) 28July.M,Deconvolution_2023-05-22.m,Success,
,,,,,,,,,,,,,,,,,,,,,,53,,,Cpd 53: 26.475,,,,,,,,,,,,,,,,,,,,,,,,,Find by Chromatogram Deconvolution,134255,,206.1300,,,,C:\Users\55129944\OneDrive - MMU (1)\PhD\Labs\TD_Markes_2022\Groupings\Categories\Plastic_Cups\PC_Sample_7_USSB_31_1.D,26.542,,,10625,,,24,Positive,,,,,,206.1300,,,26.475,,26.428,0.114,,,,,,,,,,,,,,,,,,,,,,,,,,,,,,,,,,,,,,,,,,Sample USSB_31 #1 Tube #829237 2022-08-02,,Demo Lab 8890 5977B,1,,Microplastics MMU (AN161) 28July.M,Deconvolution_2023-05-22.m,Success,
,,,,,,,,,,,,,,,,,,,,,,54,,,Cpd 54: 26.764,,,,,,,,,,,,,,,,,,,,,,,,,Find by Chromatogram Deconvolution,612787,,91.0500,,,,C:\Users\55129944\OneDrive - MMU (1)\PhD\Labs\TD_Markes_2022\Groupings\Categories\Plastic_Cups\PC_Sample_7_USSB_31_1.D,26.874,,,118607,,,14,Positive,,,,,,91.0500,,,26.764,,26.710,0.164,,,,,,,,,,,,,,,,,,,,,,,,,,,,,,,,,,,,,,,,,,Sample USSB_31 #1 Tube #829237 2022-08-02,,Demo Lab 8890 5977B,1,,Microplastics MMU (AN161) 28July.M,Deconvolution_2023-05-22.m,Success,
,,,,,,,,,,,,,,,,,,,,,,55,,,Cpd 55: 27.269,,,,,,,,,,,,,,,,,,,,,,,,,Find by Chromatogram Deconvolution,423153,,57.8600,,,,C:\Users\55129944\OneDrive - MMU (1)\PhD\Labs\TD_Markes_2022\Groupings\Categories\Plastic_Cups\PC_Sample_7_USSB_31_1.D,27.349,,,30026,,,32,Positive,,,,,,57.8600,,,27.269,,27.208,0.141,,,,,,,,,,,,,,,,,,,,,,,,,,,,,,,,,,,,,,,,,,Sample USSB_31 #1 Tube #829237 2022-08-02,,Demo Lab 8890 5977B,1,,Microplastics MMU (AN161) 28July.M,Deconvolution_2023-05-22.m,Success,
,,,,,,,,,,,,,,,,,,,,,,56,,,Cpd 56: 27.276,,,,,,,,,,,,,,,,,,,,,,,,,Find by Chromatogram Deconvolution,286480,,42.9900,,,,C:\Users\55129944\OneDrive - MMU (1)\PhD\Labs\TD_Markes_2022\Groupings\Categories\Plastic_Cups\PC_Sample_7_USSB_31_1.D,27.358,,,19220,,,29,Positive,,,,,,42.9900,,,27.276,,27.208,0.151,,,,,,,,,,,,,,,,,,,,,,,,,,,,,,,,,,,,,,,,,,Sample USSB_31 #1 Tube #829237 2022-08-02,,Demo Lab 8890 5977B,1,,Microplastics MMU (AN161) 28July.M,Deconvolution_2023-05-22.m,Success,
,,,,,,,,,,,,,,,,,,,,,,57,,,Cpd 57: 27.695,,,,,,,,,,,,,,,,,,,,,,,,,Find by Chromatogram Deconvolution,492882,,96.9900,,,,C:\Users\55129944\OneDrive - MMU (1)\PhD\Labs\TD_Markes_2022\Groupings\Categories\Plastic_Cups\PC_Sample_7_USSB_31_1.D,27.786,,,14983,,,43,Positive,,,,,,96.9900,,,27.695,,27.635,0.151,,,,,,,,,,,,,,,,,,,,,,,,,,,,,,,,,,,,,,,,,,Sample USSB_31 #1 Tube #829237 2022-08-02,,Demo Lab 8890 5977B,1,,Microplastics MMU (AN161) 28July.M,Deconvolution_2023-05-22.m,Success,
,,,,,,,,,,,,,,,,,,,,,,58,,,Cpd 58: 28.461,,,,,,,,,,,,,,,,,,,,,,,,,Find by Chromatogram Deconvolution,2663674,,72.9800,,,,C:\Users\55129944\OneDrive - MMU (1)\PhD\Labs\TD_Markes_2022\Groupings\Categories\Plastic_Cups\PC_Sample_7_USSB_31_1.D,28.692,,,61976,,,64,Positive,,,,,,72.9800,,,28.461,,28.386,0.305,,,,,,,,,,,,,,,,,,,,,,,,,,,,,,,,,,,,,,,,,,Sample USSB_31 #1 Tube #829237 2022-08-02,,Demo Lab 8890 5977B,1,,Microplastics MMU (AN161) 28July.M,Deconvolution_2023-05-22.m,Success,
,,,,,,,,,,,,,,,,,,,,,,59,,,Cpd 59: 29.448,,,,,,,,,,,,,,,,,,,,,,,,,Find by Chromatogram Deconvolution,1068841,,96.9900,,,,C:\Users\55129944\OneDrive - MMU (1)\PhD\Labs\TD_Markes_2022\Groupings\Categories\Plastic_Cups\PC_Sample_7_USSB_31_1.D,29.590,,,23574,,,50,Positive,,,,,,96.9900,,,29.448,,29.355,0.235,,,,,,,,,,,,,,,,,,,,,,,,,,,,,,,,,,,,,,,,,,Sample USSB_31 #1 Tube #829237 2022-08-02,,Demo Lab 8890 5977B,1,,Microplastics MMU (AN161) 28July.M,Deconvolution_2023-05-22.m,Success,
