Version 1

Score (Bio),"Diff (Bio, mDa)","Diff (Bio, ppm)",Uncertainty,Fit Score,Enzyme,Hits (Bioconfirm),Links,Seq Loc,Rule,Missed,Mods,Significance,Pred Mods,Sequence,Seq Name,Seq Type,Tgt Seq Mass,AGILENTID,CAS,Compound ID,Name,Cpd,HMP,KEGG,Label,LMP,METLIN,MPPID,NCBI ID,Notes,Swiss-Prot,Hits (DB),Mass (DB),"Diff (DB, mDa)",Formula (DB),"Diff (DB, ppm)",RT (DB),RT Diff (DB),Score (DB),Shared (DB),Unique (DB),"Diff (MFG, mDa)",Mass (MFG),Formula (MFG),"Diff (MFG, ppm)",Score (MFG),Tgt Hit Pos,Score Diff,Abund,Algorithm,Area,Avg Mass,Base Peak,Z Count,CE,MS/MS Count,File,End,Formula,FV,Height,ID Source,ID Techniques Applied,Ions,Polarity,Max Z,Min Z,Modified,Mass,Score,m/z,m/z (prod.),Score (MFE),RT,Saturated,Start,Width,Library,Score (Lib),Cpds/Group,Group,Std Dev,Vol %,Vol,Primary Base,Primary Note,ADC% Area,ADC% Height,EIC/TIC% Area,EIC/TIC% Height,TIC% Area,TIC% Height,TWC% Area,TWC% Height,UVA% Area,UVA% Height,UVB% Area,UVB% Height,UVC% Area,UVC% Height,Purity Comments,Purity Result,Purity Value,Score (Frag),FIs Conf.,FIs Conf. %,FIs Eval.,Source,"Diff (Tgt, mDa)",Formula (Tgt),"Diff (Tgt, ppm)",RT (Tgt),RT Diff (Tgt),Score (Tgt),Flags (Tgt),Flag Severity (Tgt),Flag Severity Code (Tgt),Mass (Tgt),Sample Name,Sample Type,Instrument Name,Position,User Name,Acq Method,DA Method,IRM Calibration status
,,,,,,,,,,,,,,,,,,,,,,1,,,Cpd 1: 1.156,,,,,,,,,,,,,,,,,,,,,,,,,Find by Chromatogram Deconvolution,102508,,39.9600,,,,C:\Users\55129944\OneDrive - MMU (1)\PhD\Labs\TD_Markes_2022\Groupings\Categories\Plastic_Cups\PC_Sample_4_USSB_29_1.D,1.239,,,24312,,,2,Positive,,,,,,39.9600,,,1.156,,1.111,0.127,,,,,,,,,,,,,,,,,,,,,,,,,,,,,,,,,,,,,,,,,,Sample USSB_29 #1 Tube #829232 2022-08-01,,Demo Lab 8890 5977B,1,,Microplastics MMU (AN161) 28July.M,Deconvolution_2023-05-22.m,Success,
,,,,,,,,,,,,,,,,,,,,,,2,,,Cpd 2: 1.392,,,,,,,,,,,,,,,,,,,,,,,,,Find by Chromatogram Deconvolution,480203,,44.0000,,,,C:\Users\55129944\OneDrive - MMU (1)\PhD\Labs\TD_Markes_2022\Groupings\Categories\Plastic_Cups\PC_Sample_4_USSB_29_1.D,1.659,,,93336,,,2,Positive,,,,,,44.0000,,,1.392,,1.347,0.312,,,,,,,,,,,,,,,,,,,,,,,,,,,,,,,,,,,,,,,,,,Sample USSB_29 #1 Tube #829232 2022-08-01,,Demo Lab 8890 5977B,1,,Microplastics MMU (AN161) 28July.M,Deconvolution_2023-05-22.m,Success,
,,,,,,,,,,,,,,,,,,,,,,3,,,Cpd 3: 1.809,,,,,,,,,,,,,,,,,,,,,,,,,Find by Chromatogram Deconvolution,158278,,41.0000,,,,C:\Users\55129944\OneDrive - MMU (1)\PhD\Labs\TD_Markes_2022\Groupings\Categories\Plastic_Cups\PC_Sample_4_USSB_29_1.D,1.876,,,30458,,,11,Positive,,,,,,41.0000,,,1.809,,1.769,0.107,,,,,,,,,,,,,,,,,,,,,,,,,,,,,,,,,,,,,,,,,,Sample USSB_29 #1 Tube #829232 2022-08-01,,Demo Lab 8890 5977B,1,,Microplastics MMU (AN161) 28July.M,Deconvolution_2023-05-22.m,Success,
,,,,,,,,,,,,,,,,,,,,,,4,,,Cpd 4: 1.869,,,,,,,,,,,,,,,,,,,,,,,,,Find by Chromatogram Deconvolution,248336,,53.8800,,,,C:\Users\55129944\OneDrive - MMU (1)\PhD\Labs\TD_Markes_2022\Groupings\Categories\Plastic_Cups\PC_Sample_4_USSB_29_1.D,1.948,,,42977,,,10,Positive,,,,,,53.8800,,,1.869,,1.834,0.114,,,,,,,,,,,,,,,,,,,,,,,,,,,,,,,,,,,,,,,,,,Sample USSB_29 #1 Tube #829232 2022-08-01,,Demo Lab 8890 5977B,1,,Microplastics MMU (AN161) 28July.M,Deconvolution_2023-05-22.m,Success,
,,,,,,,,,,,,,,,,,,,,,,5,,,Cpd 5: 1.911,,,,,,,,,,,,,,,,,,,,,,,,,Find by Chromatogram Deconvolution,268785,,44.0000,,,,C:\Users\55129944\OneDrive - MMU (1)\PhD\Labs\TD_Markes_2022\Groupings\Categories\Plastic_Cups\PC_Sample_4_USSB_29_1.D,1.969,,,86592,,,5,Positive,,,,,,44.0000,,,1.911,,1.880,0.089,,,,,,,,,,,,,,,,,,,,,,,,,,,,,,,,,,,,,,,,,,Sample USSB_29 #1 Tube #829232 2022-08-01,,Demo Lab 8890 5977B,1,,Microplastics MMU (AN161) 28July.M,Deconvolution_2023-05-22.m,Success,
,,,,,,,,,,,,,,,,,,,,,,6,,,Cpd 6: 2.054,,,,,,,,,,,,,,,,,,,,,,,,,Find by Chromatogram Deconvolution,112523,,47.0000,,,,C:\Users\55129944\OneDrive - MMU (1)\PhD\Labs\TD_Markes_2022\Groupings\Categories\Plastic_Cups\PC_Sample_4_USSB_29_1.D,2.159,,,21449,,,4,Positive,,,,,,47.0000,,,2.054,,2.017,0.143,,,,,,,,,,,,,,,,,,,,,,,,,,,,,,,,,,,,,,,,,,Sample USSB_29 #1 Tube #829232 2022-08-01,,Demo Lab 8890 5977B,1,,Microplastics MMU (AN161) 28July.M,Deconvolution_2023-05-22.m,Success,
,,,,,,,,,,,,,,,,,,,,,,7,,,Cpd 7: 2.635,,,,,,,,,,,,,,,,,,,,,,,,,Find by Chromatogram Deconvolution,251679,,44.9400,,,,C:\Users\55129944\OneDrive - MMU (1)\PhD\Labs\TD_Markes_2022\Groupings\Categories\Plastic_Cups\PC_Sample_4_USSB_29_1.D,2.751,,,66883,,,5,Positive,,,,,,44.9400,,,2.635,,2.597,0.154,,,,,,,,,,,,,,,,,,,,,,,,,,,,,,,,,,,,,,,,,,Sample USSB_29 #1 Tube #829232 2022-08-01,,Demo Lab 8890 5977B,1,,Microplastics MMU (AN161) 28July.M,Deconvolution_2023-05-22.m,Success,
,,,,,,,,,,,,,,,,,,,,,,8,,,Cpd 8: 3.083,,,,,,,,,,,,,,,,,,,,,,,,,Find by Chromatogram Deconvolution,141738,,43.0200,,,,C:\Users\55129944\OneDrive - MMU (1)\PhD\Labs\TD_Markes_2022\Groupings\Categories\Plastic_Cups\PC_Sample_4_USSB_29_1.D,3.170,,,39474,,,4,Positive,,,,,,43.0200,,,3.083,,3.048,0.122,,,,,,,,,,,,,,,,,,,,,,,,,,,,,,,,,,,,,,,,,,Sample USSB_29 #1 Tube #829232 2022-08-01,,Demo Lab 8890 5977B,1,,Microplastics MMU (AN161) 28July.M,Deconvolution_2023-05-22.m,Success,
,,,,,,,,,,,,,,,,,,,,,,9,,,Cpd 9: 3.378,,,,,,,,,,,,,,,,,,,,,,,,,Find by Chromatogram Deconvolution,146209,,41.0000,,,,C:\Users\55129944\OneDrive - MMU (1)\PhD\Labs\TD_Markes_2022\Groupings\Categories\Plastic_Cups\PC_Sample_4_USSB_29_1.D,3.470,,,23453,,,6,Positive,,,,,,41.0000,,,3.378,,3.333,0.137,,,,,,,,,,,,,,,,,,,,,,,,,,,,,,,,,,,,,,,,,,Sample USSB_29 #1 Tube #829232 2022-08-01,,Demo Lab 8890 5977B,1,,Microplastics MMU (AN161) 28July.M,Deconvolution_2023-05-22.m,Success,
,,,,,,,,,,,,,,,,,,,,,,10,,,Cpd 10: 5.578,,,,,,,,,,,,,,,,,,,,,,,,,Find by Chromatogram Deconvolution,201625,,43.0200,,,,C:\Users\55129944\OneDrive - MMU (1)\PhD\Labs\TD_Markes_2022\Groupings\Categories\Plastic_Cups\PC_Sample_4_USSB_29_1.D,5.772,,,15828,,,9,Positive,,,,,,43.0200,,,5.578,,5.504,0.268,,,,,,,,,,,,,,,,,,,,,,,,,,,,,,,,,,,,,,,,,,Sample USSB_29 #1 Tube #829232 2022-08-01,,Demo Lab 8890 5977B,1,,Microplastics MMU (AN161) 28July.M,Deconvolution_2023-05-22.m,Success,
,,,,,,,,,,,,,,,,,,,,,,11,,,Cpd 11: 6.110,,,,,,,,,,,,,,,,,,,,,,,,,Find by Chromatogram Deconvolution,134561,,131.8500,,,,C:\Users\55129944\OneDrive - MMU (1)\PhD\Labs\TD_Markes_2022\Groupings\Categories\Plastic_Cups\PC_Sample_4_USSB_29_1.D,6.214,,,22652,,,8,Positive,,,,,,131.8500,,,6.110,,6.025,0.188,,,,,,,,,,,,,,,,,,,,,,,,,,,,,,,,,,,,,,,,,,Sample USSB_29 #1 Tube #829232 2022-08-01,,Demo Lab 8890 5977B,1,,Microplastics MMU (AN161) 28July.M,Deconvolution_2023-05-22.m,Success,
,,,,,,,,,,,,,,,,,,,,,,12,,,Cpd 12: 8.353,,,,,,,,,,,,,,,,,,,,,,,,,Find by Chromatogram Deconvolution,161698,,77.9800,,,,C:\Users\55129944\OneDrive - MMU (1)\PhD\Labs\TD_Markes_2022\Groupings\Categories\Plastic_Cups\PC_Sample_4_USSB_29_1.D,8.515,,,15543,,,8,Positive,,,,,,77.9800,,,8.353,,8.239,0.276,,,,,,,,,,,,,,,,,,,,,,,,,,,,,,,,,,,,,,,,,,Sample USSB_29 #1 Tube #829232 2022-08-01,,Demo Lab 8890 5977B,1,,Microplastics MMU (AN161) 28July.M,Deconvolution_2023-05-22.m,Success,
,,,,,,,,,,,,,,,,,,,,,,13,,,Cpd 13: 10.230,,,,,,,,,,,,,,,,,,,,,,,,,Find by Chromatogram Deconvolution,402485,,43.0200,,,,C:\Users\55129944\OneDrive - MMU (1)\PhD\Labs\TD_Markes_2022\Groupings\Categories\Plastic_Cups\PC_Sample_4_USSB_29_1.D,10.530,,,15358,,,3,Positive,,,,,,43.0200,,,10.230,,10.189,0.341,,,,,,,,,,,,,,,,,,,,,,,,,,,,,,,,,,,,,,,,,,Sample USSB_29 #1 Tube #829232 2022-08-01,,Demo Lab 8890 5977B,1,,Microplastics MMU (AN161) 28July.M,Deconvolution_2023-05-22.m,Success,
,,,,,,,,,,,,,,,,,,,,,,14,,,Cpd 14: 13.432,,,,,,,,,,,,,,,,,,,,,,,,,Find by Chromatogram Deconvolution,3949788,,98.0800,,,,C:\Users\55129944\OneDrive - MMU (1)\PhD\Labs\TD_Markes_2022\Groupings\Categories\Plastic_Cups\PC_Sample_4_USSB_29_1.D,13.530,,,842530,,,11,Positive,,,,,,98.0800,,,13.432,,13.377,0.152,,,,,,,,,,,,,,,,,,,,,,,,,,,,,,,,,,,,,,,,,,Sample USSB_29 #1 Tube #829232 2022-08-01,,Demo Lab 8890 5977B,1,,Microplastics MMU (AN161) 28July.M,Deconvolution_2023-05-22.m,Success,
,,,,,,,,,,,,,,,,,,,,,,15,,,Cpd 15: 13.539,,,,,,,,,,,,,,,,,,,,,,,,,Find by Chromatogram Deconvolution,429734,,90.9600,,,,C:\Users\55129944\OneDrive - MMU (1)\PhD\Labs\TD_Markes_2022\Groupings\Categories\Plastic_Cups\PC_Sample_4_USSB_29_1.D,13.634,,,93716,,,12,Positive,,,,,,90.9600,,,13.539,,13.488,0.147,,,,,,,,,,,,,,,,,,,,,,,,,,,,,,,,,,,,,,,,,,Sample USSB_29 #1 Tube #829232 2022-08-01,,Demo Lab 8890 5977B,1,,Microplastics MMU (AN161) 28July.M,Deconvolution_2023-05-22.m,Success,
,,,,,,,,,,,,,,,,,,,,,,16,,,Cpd 16: 14.431,,,,,,,,,,,,,,,,,,,,,,,,,Find by Chromatogram Deconvolution,720206,,207.0000,,,,C:\Users\55129944\OneDrive - MMU (1)\PhD\Labs\TD_Markes_2022\Groupings\Categories\Plastic_Cups\PC_Sample_4_USSB_29_1.D,14.509,,,153140,,,19,Positive,,,,,,207.0000,,,14.431,,14.378,0.131,,,,,,,,,,,,,,,,,,,,,,,,,,,,,,,,,,,,,,,,,,Sample USSB_29 #1 Tube #829232 2022-08-01,,Demo Lab 8890 5977B,1,,Microplastics MMU (AN161) 28July.M,Deconvolution_2023-05-22.m,Success,
,,,,,,,,,,,,,,,,,,,,,,17,,,Cpd 17: 14.640,,,,,,,,,,,,,,,,,,,,,,,,,Find by Chromatogram Deconvolution,200607,,44.9400,,,,C:\Users\55129944\OneDrive - MMU (1)\PhD\Labs\TD_Markes_2022\Groupings\Categories\Plastic_Cups\PC_Sample_4_USSB_29_1.D,14.734,,,73147,,,8,Positive,,,,,,44.9400,,,14.640,,14.612,0.122,,,,,,,,,,,,,,,,,,,,,,,,,,,,,,,,,,,,,,,,,,Sample USSB_29 #1 Tube #829232 2022-08-01,,Demo Lab 8890 5977B,1,,Microplastics MMU (AN161) 28July.M,Deconvolution_2023-05-22.m,Success,
,,,,,,,,,,,,,,,,,,,,,,18,,,Cpd 18: 14.757,,,,,,,,,,,,,,,,,,,,,,,,,Find by Chromatogram Deconvolution,159354,,55.0100,,,,C:\Users\55129944\OneDrive - MMU (1)\PhD\Labs\TD_Markes_2022\Groupings\Categories\Plastic_Cups\PC_Sample_4_USSB_29_1.D,14.827,,,29511,,,7,Positive,,,,,,55.0100,,,14.757,,14.694,0.133,,,,,,,,,,,,,,,,,,,,,,,,,,,,,,,,,,,,,,,,,,Sample USSB_29 #1 Tube #829232 2022-08-01,,Demo Lab 8890 5977B,1,,Microplastics MMU (AN161) 28July.M,Deconvolution_2023-05-22.m,Success,
,,,,,,,,,,,,,,,,,,,,,,19,,,Cpd 19: 14.988,,,,,,,,,,,,,,,,,,,,,,,,,Find by Chromatogram Deconvolution,847505,,78.9500,,,,C:\Users\55129944\OneDrive - MMU (1)\PhD\Labs\TD_Markes_2022\Groupings\Categories\Plastic_Cups\PC_Sample_4_USSB_29_1.D,15.086,,,67044,,,30,Positive,,,,,,78.9500,,,14.988,,14.941,0.145,,,,,,,,,,,,,,,,,,,,,,,,,,,,,,,,,,,,,,,,,,Sample USSB_29 #1 Tube #829232 2022-08-01,,Demo Lab 8890 5977B,1,,Microplastics MMU (AN161) 28July.M,Deconvolution_2023-05-22.m,Success,
,,,,,,,,,,,,,,,,,,,,,,20,,,Cpd 20: 15.698,,,,,,,,,,,,,,,,,,,,,,,,,Find by Chromatogram Deconvolution,1364059,,90.9600,,,,C:\Users\55129944\OneDrive - MMU (1)\PhD\Labs\TD_Markes_2022\Groupings\Categories\Plastic_Cups\PC_Sample_4_USSB_29_1.D,15.792,,,374092,,,16,Positive,,,,,,90.9600,,,15.698,,15.657,0.135,,,,,,,,,,,,,,,,,,,,,,,,,,,,,,,,,,,,,,,,,,Sample USSB_29 #1 Tube #829232 2022-08-01,,Demo Lab 8890 5977B,1,,Microplastics MMU (AN161) 28July.M,Deconvolution_2023-05-22.m,Success,
,,,,,,,,,,,,,,,,,,,,,,21,,,Cpd 21: 15.779,,,,,,,,,,,,,,,,,,,,,,,,,Find by Chromatogram Deconvolution,207508,,96.0200,,,,C:\Users\55129944\OneDrive - MMU (1)\PhD\Labs\TD_Markes_2022\Groupings\Categories\Plastic_Cups\PC_Sample_4_USSB_29_1.D,15.868,,,33734,,,14,Positive,,,,,,96.0200,,,15.779,,15.742,0.126,,,,,,,,,,,,,,,,,,,,,,,,,,,,,,,,,,,,,,,,,,Sample USSB_29 #1 Tube #829232 2022-08-01,,Demo Lab 8890 5977B,1,,Microplastics MMU (AN161) 28July.M,Deconvolution_2023-05-22.m,Success,
,,,,,,,,,,,,,,,,,,,,,,22,,,Cpd 22: 16.305,,,,,,,,,,,,,,,,,,,,,,,,,Find by Chromatogram Deconvolution,148232,,98.0800,,,,C:\Users\55129944\OneDrive - MMU (1)\PhD\Labs\TD_Markes_2022\Groupings\Categories\Plastic_Cups\PC_Sample_4_USSB_29_1.D,16.387,,,22460,,,13,Positive,,,,,,98.0800,,,16.305,,16.269,0.118,,,,,,,,,,,,,,,,,,,,,,,,,,,,,,,,,,,,,,,,,,Sample USSB_29 #1 Tube #829232 2022-08-01,,Demo Lab 8890 5977B,1,,Microplastics MMU (AN161) 28July.M,Deconvolution_2023-05-22.m,Success,
,,,,,,,,,,,,,,,,,,,,,,23,,,Cpd 23: 16.342,,,,,,,,,,,,,,,,,,,,,,,,,Find by Chromatogram Deconvolution,9923852,,104.1000,,,,C:\Users\55129944\OneDrive - MMU (1)\PhD\Labs\TD_Markes_2022\Groupings\Categories\Plastic_Cups\PC_Sample_4_USSB_29_1.D,16.423,,,2248198,,,15,Positive,,,,,,104.1000,,,16.342,,16.302,0.122,,,,,,,,,,,,,,,,,,,,,,,,,,,,,,,,,,,,,,,,,,Sample USSB_29 #1 Tube #829232 2022-08-01,,Demo Lab 8890 5977B,1,,Microplastics MMU (AN161) 28July.M,Deconvolution_2023-05-22.m,Success,
,,,,,,,,,,,,,,,,,,,,,,24,,,Cpd 24: 16.937,,,,,,,,,,,,,,,,,,,,,,,,,Find by Chromatogram Deconvolution,1347950,,39.9600,,,,C:\Users\55129944\OneDrive - MMU (1)\PhD\Labs\TD_Markes_2022\Groupings\Categories\Plastic_Cups\PC_Sample_4_USSB_29_1.D,17.000,,,396589,,,2,Positive,,,,,,39.9600,,,16.937,,16.897,0.103,,,,,,,,,,,,,,,,,,,,,,,,,,,,,,,,,,,,,,,,,,Sample USSB_29 #1 Tube #829232 2022-08-01,,Demo Lab 8890 5977B,1,,Microplastics MMU (AN161) 28July.M,Deconvolution_2023-05-22.m,Success,
,,,,,,,,,,,,,,,,,,,,,,25,,,Cpd 25: 17.093,,,,,,,,,,,,,,,,,,,,,,,,,Find by Chromatogram Deconvolution,954841,,39.9600,,,,C:\Users\55129944\OneDrive - MMU (1)\PhD\Labs\TD_Markes_2022\Groupings\Categories\Plastic_Cups\PC_Sample_4_USSB_29_1.D,17.137,,,141763,,,3,Positive,,,,,,39.9600,,,17.093,,17.000,0.137,,,,,,,,,,,,,,,,,,,,,,,,,,,,,,,,,,,,,,,,,,Sample USSB_29 #1 Tube #829232 2022-08-01,,Demo Lab 8890 5977B,1,,Microplastics MMU (AN161) 28July.M,Deconvolution_2023-05-22.m,Success,
,,,,,,,,,,,,,,,,,,,,,,26,,,Cpd 26: 17.235,,,,,,,,,,,,,,,,,,,,,,,,,Find by Chromatogram Deconvolution,171419,,281.0000,,,,C:\Users\55129944\OneDrive - MMU (1)\PhD\Labs\TD_Markes_2022\Groupings\Categories\Plastic_Cups\PC_Sample_4_USSB_29_1.D,17.318,,,33513,,,22,Positive,,,,,,281.0000,,,17.235,,17.193,0.126,,,,,,,,,,,,,,,,,,,,,,,,,,,,,,,,,,,,,,,,,,Sample USSB_29 #1 Tube #829232 2022-08-01,,Demo Lab 8890 5977B,1,,Microplastics MMU (AN161) 28July.M,Deconvolution_2023-05-22.m,Success,
,,,,,,,,,,,,,,,,,,,,,,27,,,Cpd 27: 17.696,,,,,,,,,,,,,,,,,,,,,,,,,Find by Chromatogram Deconvolution,315708,,55.0100,,,,C:\Users\55129944\OneDrive - MMU (1)\PhD\Labs\TD_Markes_2022\Groupings\Categories\Plastic_Cups\PC_Sample_4_USSB_29_1.D,17.750,,,60302,,,23,Positive,,,,,,55.0100,,,17.696,,17.655,0.095,,,,,,,,,,,,,,,,,,,,,,,,,,,,,,,,,,,,,,,,,,Sample USSB_29 #1 Tube #829232 2022-08-01,,Demo Lab 8890 5977B,1,,Microplastics MMU (AN161) 28July.M,Deconvolution_2023-05-22.m,Success,
,,,,,,,,,,,,,,,,,,,,,,28,,,Cpd 28: 17.798,,,,,,,,,,,,,,,,,,,,,,,,,Find by Chromatogram Deconvolution,156852,,106.0500,,,,C:\Users\55129944\OneDrive - MMU (1)\PhD\Labs\TD_Markes_2022\Groupings\Categories\Plastic_Cups\PC_Sample_4_USSB_29_1.D,17.870,,,25474,,,10,Positive,,,,,,106.0500,,,17.798,,17.764,0.107,,,,,,,,,,,,,,,,,,,,,,,,,,,,,,,,,,,,,,,,,,Sample USSB_29 #1 Tube #829232 2022-08-01,,Demo Lab 8890 5977B,1,,Microplastics MMU (AN161) 28July.M,Deconvolution_2023-05-22.m,Success,
,,,,,,,,,,,,,,,,,,,,,,29,,,Cpd 29: 18.088,,,,,,,,,,,,,,,,,,,,,,,,,Find by Chromatogram Deconvolution,103308,,57.0500,,,,C:\Users\55129944\OneDrive - MMU (1)\PhD\Labs\TD_Markes_2022\Groupings\Categories\Plastic_Cups\PC_Sample_4_USSB_29_1.D,18.141,,,11078,,,18,Positive,,,,,,57.0500,,,18.088,,18.009,0.131,,,,,,,,,,,,,,,,,,,,,,,,,,,,,,,,,,,,,,,,,,Sample USSB_29 #1 Tube #829232 2022-08-01,,Demo Lab 8890 5977B,1,,Microplastics MMU (AN161) 28July.M,Deconvolution_2023-05-22.m,Success,
,,,,,,,,,,,,,,,,,,,,,,30,,,Cpd 30: 18.155,,,,,,,,,,,,,,,,,,,,,,,,,Find by Chromatogram Deconvolution,102572,,57.0500,,,,C:\Users\55129944\OneDrive - MMU (1)\PhD\Labs\TD_Markes_2022\Groupings\Categories\Plastic_Cups\PC_Sample_4_USSB_29_1.D,18.234,,,11154,,,18,Positive,,,,,,57.0500,,,18.155,,18.087,0.147,,,,,,,,,,,,,,,,,,,,,,,,,,,,,,,,,,,,,,,,,,Sample USSB_29 #1 Tube #829232 2022-08-01,,Demo Lab 8890 5977B,1,,Microplastics MMU (AN161) 28July.M,Deconvolution_2023-05-22.m,Success,
,,,,,,,,,,,,,,,,,,,,,,31,,,Cpd 31: 18.463,,,,,,,,,,,,,,,,,,,,,,,,,Find by Chromatogram Deconvolution,251764,,57.0500,,,,C:\Users\55129944\OneDrive - MMU (1)\PhD\Labs\TD_Markes_2022\Groupings\Categories\Plastic_Cups\PC_Sample_4_USSB_29_1.D,18.544,,,46766,,,19,Positive,,,,,,57.0500,,,18.463,,18.428,0.116,,,,,,,,,,,,,,,,,,,,,,,,,,,,,,,,,,,,,,,,,,Sample USSB_29 #1 Tube #829232 2022-08-01,,Demo Lab 8890 5977B,1,,Microplastics MMU (AN161) 28July.M,Deconvolution_2023-05-22.m,Success,
,,,,,,,,,,,,,,,,,,,,,,32,,,Cpd 32: 18.638,,,,,,,,,,,,,,,,,,,,,,,,,Find by Chromatogram Deconvolution,163061,,93.9400,,,,C:\Users\55129944\OneDrive - MMU (1)\PhD\Labs\TD_Markes_2022\Groupings\Categories\Plastic_Cups\PC_Sample_4_USSB_29_1.D,18.723,,,42812,,,14,Positive,,,,,,93.9400,,,18.638,,18.601,0.122,,,,,,,,,,,,,,,,,,,,,,,,,,,,,,,,,,,,,,,,,,Sample USSB_29 #1 Tube #829232 2022-08-01,,Demo Lab 8890 5977B,1,,Microplastics MMU (AN161) 28July.M,Deconvolution_2023-05-22.m,Success,
,,,,,,,,,,,,,,,,,,,,,,33,,,Cpd 33: 18.777,,,,,,,,,,,,,,,,,,,,,,,,,Find by Chromatogram Deconvolution,102527,,55.0100,,,,C:\Users\55129944\OneDrive - MMU (1)\PhD\Labs\TD_Markes_2022\Groupings\Categories\Plastic_Cups\PC_Sample_4_USSB_29_1.D,18.818,,,6029,,,18,Positive,,,,,,55.0100,,,18.777,,18.715,0.103,,,,,,,,,,,,,,,,,,,,,,,,,,,,,,,,,,,,,,,,,,Sample USSB_29 #1 Tube #829232 2022-08-01,,Demo Lab 8890 5977B,1,,Microplastics MMU (AN161) 28July.M,Deconvolution_2023-05-22.m,Success,
,,,,,,,,,,,,,,,,,,,,,,34,,,Cpd 34: 19.336,,,,,,,,,,,,,,,,,,,,,,,,,Find by Chromatogram Deconvolution,563664,,57.0500,,,,C:\Users\55129944\OneDrive - MMU (1)\PhD\Labs\TD_Markes_2022\Groupings\Categories\Plastic_Cups\PC_Sample_4_USSB_29_1.D,19.401,,,39378,,,42,Positive,,,,,,57.0500,,,19.336,,19.285,0.116,,,,,,,,,,,,,,,,,,,,,,,,,,,,,,,,,,,,,,,,,,Sample USSB_29 #1 Tube #829232 2022-08-01,,Demo Lab 8890 5977B,1,,Microplastics MMU (AN161) 28July.M,Deconvolution_2023-05-22.m,Success,
,,,,,,,,,,,,,,,,,,,,,,35,,,Cpd 35: 19.843,,,,,,,,,,,,,,,,,,,,,,,,,Find by Chromatogram Deconvolution,105864,,58.8700,,,,C:\Users\55129944\OneDrive - MMU (1)\PhD\Labs\TD_Markes_2022\Groupings\Categories\Plastic_Cups\PC_Sample_4_USSB_29_1.D,19.925,,,7961,,,22,Positive,,,,,,58.8700,,,19.843,,19.772,0.152,,,,,,,,,,,,,,,,,,,,,,,,,,,,,,,,,,,,,,,,,,Sample USSB_29 #1 Tube #829232 2022-08-01,,Demo Lab 8890 5977B,1,,Microplastics MMU (AN161) 28July.M,Deconvolution_2023-05-22.m,Success,
,,,,,,,,,,,,,,,,,,,,,,36,,,Cpd 36: 19.914,,,,,,,,,,,,,,,,,,,,,,,,,Find by Chromatogram Deconvolution,145437,,68.9900,,,,C:\Users\55129944\OneDrive - MMU (1)\PhD\Labs\TD_Markes_2022\Groupings\Categories\Plastic_Cups\PC_Sample_4_USSB_29_1.D,19.976,,,8314,,,28,Positive,,,,,,68.9900,,,19.914,,19.862,0.114,,,,,,,,,,,,,,,,,,,,,,,,,,,,,,,,,,,,,,,,,,Sample USSB_29 #1 Tube #829232 2022-08-01,,Demo Lab 8890 5977B,1,,Microplastics MMU (AN161) 28July.M,Deconvolution_2023-05-22.m,Success,
,,,,,,,,,,,,,,,,,,,,,,37,,,Cpd 37: 20.457,,,,,,,,,,,,,,,,,,,,,,,,,Find by Chromatogram Deconvolution,112068,,57.0500,,,,C:\Users\55129944\OneDrive - MMU (1)\PhD\Labs\TD_Markes_2022\Groupings\Categories\Plastic_Cups\PC_Sample_4_USSB_29_1.D,20.515,,,6573,,,25,Positive,,,,,,57.0500,,,20.457,,20.418,0.097,,,,,,,,,,,,,,,,,,,,,,,,,,,,,,,,,,,,,,,,,,Sample USSB_29 #1 Tube #829232 2022-08-01,,Demo Lab 8890 5977B,1,,Microplastics MMU (AN161) 28July.M,Deconvolution_2023-05-22.m,Success,
,,,,,,,,,,,,,,,,,,,,,,38,,,Cpd 38: 20.950,,,,,,,,,,,,,,,,,,,,,,,,,Find by Chromatogram Deconvolution,177686,,56.0200,,,,C:\Users\55129944\OneDrive - MMU (1)\PhD\Labs\TD_Markes_2022\Groupings\Categories\Plastic_Cups\PC_Sample_4_USSB_29_1.D,21.018,,,9971,,,36,Positive,,,,,,56.0200,,,20.950,,20.890,0.128,,,,,,,,,,,,,,,,,,,,,,,,,,,,,,,,,,,,,,,,,,Sample USSB_29 #1 Tube #829232 2022-08-01,,Demo Lab 8890 5977B,1,,Microplastics MMU (AN161) 28July.M,Deconvolution_2023-05-22.m,Success,
,,,,,,,,,,,,,,,,,,,,,,39,,,Cpd 39: 21.003,,,,,,,,,,,,,,,,,,,,,,,,,Find by Chromatogram Deconvolution,376167,,41.9400,,,,C:\Users\55129944\OneDrive - MMU (1)\PhD\Labs\TD_Markes_2022\Groupings\Categories\Plastic_Cups\PC_Sample_4_USSB_29_1.D,21.090,,,14155,,,47,Positive,,,,,,41.9400,,,21.003,,20.951,0.139,,,,,,,,,,,,,,,,,,,,,,,,,,,,,,,,,,,,,,,,,,Sample USSB_29 #1 Tube #829232 2022-08-01,,Demo Lab 8890 5977B,1,,Microplastics MMU (AN161) 28July.M,Deconvolution_2023-05-22.m,Success,
,,,,,,,,,,,,,,,,,,,,,,40,,,Cpd 40: 21.747,,,,,,,,,,,,,,,,,,,,,,,,,Find by Chromatogram Deconvolution,319594,,112.9700,,,,C:\Users\55129944\OneDrive - MMU (1)\PhD\Labs\TD_Markes_2022\Groupings\Categories\Plastic_Cups\PC_Sample_4_USSB_29_1.D,21.813,,,30175,,,26,Positive,,,,,,112.9700,,,21.747,,21.713,0.099,,,,,,,,,,,,,,,,,,,,,,,,,,,,,,,,,,,,,,,,,,Sample USSB_29 #1 Tube #829232 2022-08-01,,Demo Lab 8890 5977B,1,,Microplastics MMU (AN161) 28July.M,Deconvolution_2023-05-22.m,Success,
,,,,,,,,,,,,,,,,,,,,,,41,,,Cpd 41: 21.826,,,,,,,,,,,,,,,,,,,,,,,,,Find by Chromatogram Deconvolution,137673,,71.9500,,,,C:\Users\55129944\OneDrive - MMU (1)\PhD\Labs\TD_Markes_2022\Groupings\Categories\Plastic_Cups\PC_Sample_4_USSB_29_1.D,21.896,,,24414,,,18,Positive,,,,,,71.9500,,,21.826,,21.788,0.109,,,,,,,,,,,,,,,,,,,,,,,,,,,,,,,,,,,,,,,,,,Sample USSB_29 #1 Tube #829232 2022-08-01,,Demo Lab 8890 5977B,1,,Microplastics MMU (AN161) 28July.M,Deconvolution_2023-05-22.m,Success,
,,,,,,,,,,,,,,,,,,,,,,42,,,Cpd 42: 21.915,,,,,,,,,,,,,,,,,,,,,,,,,Find by Chromatogram Deconvolution,329084,,82.9900,,,,C:\Users\55129944\OneDrive - MMU (1)\PhD\Labs\TD_Markes_2022\Groupings\Categories\Plastic_Cups\PC_Sample_4_USSB_29_1.D,21.976,,,18097,,,31,Positive,,,,,,82.9900,,,21.915,,21.875,0.101,,,,,,,,,,,,,,,,,,,,,,,,,,,,,,,,,,,,,,,,,,Sample USSB_29 #1 Tube #829232 2022-08-01,,Demo Lab 8890 5977B,1,,Microplastics MMU (AN161) 28July.M,Deconvolution_2023-05-22.m,Success,
,,,,,,,,,,,,,,,,,,,,,,43,,,Cpd 43: 21.951,,,,,,,,,,,,,,,,,,,,,,,,,Find by Chromatogram Deconvolution,197267,,57.0500,,,,C:\Users\55129944\OneDrive - MMU (1)\PhD\Labs\TD_Markes_2022\Groupings\Categories\Plastic_Cups\PC_Sample_4_USSB_29_1.D,22.011,,,29768,,,25,Positive,,,,,,57.0500,,,21.951,,21.931,0.080,,,,,,,,,,,,,,,,,,,,,,,,,,,,,,,,,,,,,,,,,,Sample USSB_29 #1 Tube #829232 2022-08-01,,Demo Lab 8890 5977B,1,,Microplastics MMU (AN161) 28July.M,Deconvolution_2023-05-22.m,Success,
,,,,,,,,,,,,,,,,,,,,,,44,,,Cpd 44: 22.245,,,,,,,,,,,,,,,,,,,,,,,,,Find by Chromatogram Deconvolution,143521,,87.7700,,,,C:\Users\55129944\OneDrive - MMU (1)\PhD\Labs\TD_Markes_2022\Groupings\Categories\Plastic_Cups\PC_Sample_4_USSB_29_1.D,22.297,,,20093,,,23,Positive,,,,,,87.7700,,,22.245,,22.209,0.088,,,,,,,,,,,,,,,,,,,,,,,,,,,,,,,,,,,,,,,,,,Sample USSB_29 #1 Tube #829232 2022-08-01,,Demo Lab 8890 5977B,1,,Microplastics MMU (AN161) 28July.M,Deconvolution_2023-05-22.m,Success,
,,,,,,,,,,,,,,,,,,,,,,45,,,Cpd 45: 22.417,,,,,,,,,,,,,,,,,,,,,,,,,Find by Chromatogram Deconvolution,145792,,71.0500,,,,C:\Users\55129944\OneDrive - MMU (1)\PhD\Labs\TD_Markes_2022\Groupings\Categories\Plastic_Cups\PC_Sample_4_USSB_29_1.D,22.495,,,17154,,,17,Positive,,,,,,71.0500,,,22.417,,22.379,0.116,,,,,,,,,,,,,,,,,,,,,,,,,,,,,,,,,,,,,,,,,,Sample USSB_29 #1 Tube #829232 2022-08-01,,Demo Lab 8890 5977B,1,,Microplastics MMU (AN161) 28July.M,Deconvolution_2023-05-22.m,Success,
,,,,,,,,,,,,,,,,,,,,,,46,,,Cpd 46: 22.819,,,,,,,,,,,,,,,,,,,,,,,,,Find by Chromatogram Deconvolution,124160,,82.9900,,,,C:\Users\55129944\OneDrive - MMU (1)\PhD\Labs\TD_Markes_2022\Groupings\Categories\Plastic_Cups\PC_Sample_4_USSB_29_1.D,22.861,,,10066,,,21,Positive,,,,,,82.9900,,,22.819,,22.786,0.074,,,,,,,,,,,,,,,,,,,,,,,,,,,,,,,,,,,,,,,,,,Sample USSB_29 #1 Tube #829232 2022-08-01,,Demo Lab 8890 5977B,1,,Microplastics MMU (AN161) 28July.M,Deconvolution_2023-05-22.m,Success,
,,,,,,,,,,,,,,,,,,,,,,47,,,Cpd 47: 22.872,,,,,,,,,,,,,,,,,,,,,,,,,Find by Chromatogram Deconvolution,342822,,90.9600,,,,C:\Users\55129944\OneDrive - MMU (1)\PhD\Labs\TD_Markes_2022\Groupings\Categories\Plastic_Cups\PC_Sample_4_USSB_29_1.D,22.928,,,32327,,,33,Positive,,,,,,90.9600,,,22.872,,22.834,0.093,,,,,,,,,,,,,,,,,,,,,,,,,,,,,,,,,,,,,,,,,,Sample USSB_29 #1 Tube #829232 2022-08-01,,Demo Lab 8890 5977B,1,,Microplastics MMU (AN161) 28July.M,Deconvolution_2023-05-22.m,Success,
,,,,,,,,,,,,,,,,,,,,,,48,,,Cpd 48: 22.956,,,,,,,,,,,,,,,,,,,,,,,,,Find by Chromatogram Deconvolution,132985,,57.9500,,,,C:\Users\55129944\OneDrive - MMU (1)\PhD\Labs\TD_Markes_2022\Groupings\Categories\Plastic_Cups\PC_Sample_4_USSB_29_1.D,23.038,,,69900,,,8,Positive,,,,,,57.9500,,,22.956,,22.924,0.114,,,,,,,,,,,,,,,,,,,,,,,,,,,,,,,,,,,,,,,,,,Sample USSB_29 #1 Tube #829232 2022-08-01,,Demo Lab 8890 5977B,1,,Microplastics MMU (AN161) 28July.M,Deconvolution_2023-05-22.m,Success,
,,,,,,,,,,,,,,,,,,,,,,49,,,Cpd 49: 22.994,,,,,,,,,,,,,,,,,,,,,,,,,Find by Chromatogram Deconvolution,325828,,68.9900,,,,C:\Users\55129944\OneDrive - MMU (1)\PhD\Labs\TD_Markes_2022\Groupings\Categories\Plastic_Cups\PC_Sample_4_USSB_29_1.D,23.074,,,18201,,,29,Positive,,,,,,68.9900,,,22.994,,22.935,0.139,,,,,,,,,,,,,,,,,,,,,,,,,,,,,,,,,,,,,,,,,,Sample USSB_29 #1 Tube #829232 2022-08-01,,Demo Lab 8890 5977B,1,,Microplastics MMU (AN161) 28July.M,Deconvolution_2023-05-22.m,Success,
,,,,,,,,,,,,,,,,,,,,,,50,,,Cpd 50: 23.670,,,,,,,,,,,,,,,,,,,,,,,,,Find by Chromatogram Deconvolution,304181,,82.9900,,,,C:\Users\55129944\OneDrive - MMU (1)\PhD\Labs\TD_Markes_2022\Groupings\Categories\Plastic_Cups\PC_Sample_4_USSB_29_1.D,23.738,,,19110,,,28,Positive,,,,,,82.9900,,,23.670,,23.629,0.109,,,,,,,,,,,,,,,,,,,,,,,,,,,,,,,,,,,,,,,,,,Sample USSB_29 #1 Tube #829232 2022-08-01,,Demo Lab 8890 5977B,1,,Microplastics MMU (AN161) 28July.M,Deconvolution_2023-05-22.m,Success,
,,,,,,,,,,,,,,,,,,,,,,51,,,Cpd 51: 23.694,,,,,,,,,,,,,,,,,,,,,,,,,Find by Chromatogram Deconvolution,220581,,57.0500,,,,C:\Users\55129944\OneDrive - MMU (1)\PhD\Labs\TD_Markes_2022\Groupings\Categories\Plastic_Cups\PC_Sample_4_USSB_29_1.D,23.738,,,29070,,,21,Positive,,,,,,57.0500,,,23.694,,23.643,0.095,,,,,,,,,,,,,,,,,,,,,,,,,,,,,,,,,,,,,,,,,,Sample USSB_29 #1 Tube #829232 2022-08-01,,Demo Lab 8890 5977B,1,,Microplastics MMU (AN161) 28July.M,Deconvolution_2023-05-22.m,Success,
,,,,,,,,,,,,,,,,,,,,,,52,,,Cpd 52: 24.119,,,,,,,,,,,,,,,,,,,,,,,,,Find by Chromatogram Deconvolution,215460,,71.0500,,,,C:\Users\55129944\OneDrive - MMU (1)\PhD\Labs\TD_Markes_2022\Groupings\Categories\Plastic_Cups\PC_Sample_4_USSB_29_1.D,24.192,,,52498,,,29,Positive,,,,,,71.0500,,,24.119,,24.081,0.111,,,,,,,,,,,,,,,,,,,,,,,,,,,,,,,,,,,,,,,,,,Sample USSB_29 #1 Tube #829232 2022-08-01,,Demo Lab 8890 5977B,1,,Microplastics MMU (AN161) 28July.M,Deconvolution_2023-05-22.m,Success,
,,,,,,,,,,,,,,,,,,,,,,53,,,Cpd 53: 24.503,,,,,,,,,,,,,,,,,,,,,,,,,Find by Chromatogram Deconvolution,156357,,82.9900,,,,C:\Users\55129944\OneDrive - MMU (1)\PhD\Labs\TD_Markes_2022\Groupings\Categories\Plastic_Cups\PC_Sample_4_USSB_29_1.D,24.555,,,7170,,,31,Positive,,,,,,82.9900,,,24.503,,24.463,0.092,,,,,,,,,,,,,,,,,,,,,,,,,,,,,,,,,,,,,,,,,,Sample USSB_29 #1 Tube #829232 2022-08-01,,Demo Lab 8890 5977B,1,,Microplastics MMU (AN161) 28July.M,Deconvolution_2023-05-22.m,Success,
,,,,,,,,,,,,,,,,,,,,,,54,,,Cpd 54: 24.714,,,,,,,,,,,,,,,,,,,,,,,,,Find by Chromatogram Deconvolution,348072,,97.0500,,,,C:\Users\55129944\OneDrive - MMU (1)\PhD\Labs\TD_Markes_2022\Groupings\Categories\Plastic_Cups\PC_Sample_4_USSB_29_1.D,24.788,,,34029,,,34,Positive,,,,,,97.0500,,,24.714,,24.675,0.113,,,,,,,,,,,,,,,,,,,,,,,,,,,,,,,,,,,,,,,,,,Sample USSB_29 #1 Tube #829232 2022-08-01,,Demo Lab 8890 5977B,1,,Microplastics MMU (AN161) 28July.M,Deconvolution_2023-05-22.m,Success,
,,,,,,,,,,,,,,,,,,,,,,55,,,Cpd 55: 24.835,,,,,,,,,,,,,,,,,,,,,,,,,Find by Chromatogram Deconvolution,1005329,,91.9500,,,,C:\Users\55129944\OneDrive - MMU (1)\PhD\Labs\TD_Markes_2022\Groupings\Categories\Plastic_Cups\PC_Sample_4_USSB_29_1.D,24.917,,,157036,,,20,Positive,,,,,,91.9500,,,24.835,,24.793,0.124,,,,,,,,,,,,,,,,,,,,,,,,,,,,,,,,,,,,,,,,,,Sample USSB_29 #1 Tube #829232 2022-08-01,,Demo Lab 8890 5977B,1,,Microplastics MMU (AN161) 28July.M,Deconvolution_2023-05-22.m,Success,
,,,,,,,,,,,,,,,,,,,,,,56,,,Cpd 56: 25.113,,,,,,,,,,,,,,,,,,,,,,,,,Find by Chromatogram Deconvolution,130205,,57.0500,,,,C:\Users\55129944\OneDrive - MMU (1)\PhD\Labs\TD_Markes_2022\Groupings\Categories\Plastic_Cups\PC_Sample_4_USSB_29_1.D,25.179,,,15149,,,14,Positive,,,,,,57.0500,,,25.113,,25.072,0.107,,,,,,,,,,,,,,,,,,,,,,,,,,,,,,,,,,,,,,,,,,Sample USSB_29 #1 Tube #829232 2022-08-01,,Demo Lab 8890 5977B,1,,Microplastics MMU (AN161) 28July.M,Deconvolution_2023-05-22.m,Success,
,,,,,,,,,,,,,,,,,,,,,,57,,,Cpd 57: 25.200,,,,,,,,,,,,,,,,,,,,,,,,,Find by Chromatogram Deconvolution,215187,,97.0500,,,,C:\Users\55129944\OneDrive - MMU (1)\PhD\Labs\TD_Markes_2022\Groupings\Categories\Plastic_Cups\PC_Sample_4_USSB_29_1.D,25.261,,,9885,,,24,Positive,,,,,,97.0500,,,25.200,,25.160,0.101,,,,,,,,,,,,,,,,,,,,,,,,,,,,,,,,,,,,,,,,,,Sample USSB_29 #1 Tube #829232 2022-08-01,,Demo Lab 8890 5977B,1,,Microplastics MMU (AN161) 28July.M,Deconvolution_2023-05-22.m,Success,
,,,,,,,,,,,,,,,,,,,,,,58,,,Cpd 58: 25.326,,,,,,,,,,,,,,,,,,,,,,,,,Find by Chromatogram Deconvolution,323390,,104.1000,,,,C:\Users\55129944\OneDrive - MMU (1)\PhD\Labs\TD_Markes_2022\Groupings\Categories\Plastic_Cups\PC_Sample_4_USSB_29_1.D,25.381,,,106327,,,12,Positive,,,,,,104.1000,,,25.326,,25.280,0.101,,,,,,,,,,,,,,,,,,,,,,,,,,,,,,,,,,,,,,,,,,Sample USSB_29 #1 Tube #829232 2022-08-01,,Demo Lab 8890 5977B,1,,Microplastics MMU (AN161) 28July.M,Deconvolution_2023-05-22.m,Success,
,,,,,,,,,,,,,,,,,,,,,,59,,,Cpd 59: 25.487,,,,,,,,,,,,,,,,,,,,,,,,,Find by Chromatogram Deconvolution,2194165,,90.9600,,,,C:\Users\55129944\OneDrive - MMU (1)\PhD\Labs\TD_Markes_2022\Groupings\Categories\Plastic_Cups\PC_Sample_4_USSB_29_1.D,25.564,,,377535,,,27,Positive,,,,,,90.9600,,,25.487,,25.440,0.124,,,,,,,,,,,,,,,,,,,,,,,,,,,,,,,,,,,,,,,,,,Sample USSB_29 #1 Tube #829232 2022-08-01,,Demo Lab 8890 5977B,1,,Microplastics MMU (AN161) 28July.M,Deconvolution_2023-05-22.m,Success,
,,,,,,,,,,,,,,,,,,,,,,60,,,Cpd 60: 25.606,,,,,,,,,,,,,,,,,,,,,,,,,Find by Chromatogram Deconvolution,217909,,134.9600,,,,C:\Users\55129944\OneDrive - MMU (1)\PhD\Labs\TD_Markes_2022\Groupings\Categories\Plastic_Cups\PC_Sample_4_USSB_29_1.D,25.682,,,60056,,,5,Positive,,,,,,134.9600,,,25.606,,25.558,0.124,,,,,,,,,,,,,,,,,,,,,,,,,,,,,,,,,,,,,,,,,,Sample USSB_29 #1 Tube #829232 2022-08-01,,Demo Lab 8890 5977B,1,,Microplastics MMU (AN161) 28July.M,Deconvolution_2023-05-22.m,Success,
,,,,,,,,,,,,,,,,,,,,,,61,,,Cpd 61: 25.640,,,,,,,,,,,,,,,,,,,,,,,,,Find by Chromatogram Deconvolution,218794,,107.0000,,,,C:\Users\55129944\OneDrive - MMU (1)\PhD\Labs\TD_Markes_2022\Groupings\Categories\Plastic_Cups\PC_Sample_4_USSB_29_1.D,25.703,,,24770,,,14,Positive,,,,,,107.0000,,,25.640,,25.566,0.137,,,,,,,,,,,,,,,,,,,,,,,,,,,,,,,,,,,,,,,,,,Sample USSB_29 #1 Tube #829232 2022-08-01,,Demo Lab 8890 5977B,1,,Microplastics MMU (AN161) 28July.M,Deconvolution_2023-05-22.m,Success,
,,,,,,,,,,,,,,,,,,,,,,62,,,Cpd 62: 25.720,,,,,,,,,,,,,,,,,,,,,,,,,Find by Chromatogram Deconvolution,163500,,134.9600,,,,C:\Users\55129944\OneDrive - MMU (1)\PhD\Labs\TD_Markes_2022\Groupings\Categories\Plastic_Cups\PC_Sample_4_USSB_29_1.D,25.793,,,54238,,,6,Positive,,,,,,134.9600,,,25.720,,25.682,0.111,,,,,,,,,,,,,,,,,,,,,,,,,,,,,,,,,,,,,,,,,,Sample USSB_29 #1 Tube #829232 2022-08-01,,Demo Lab 8890 5977B,1,,Microplastics MMU (AN161) 28July.M,Deconvolution_2023-05-22.m,Success,
,,,,,,,,,,,,,,,,,,,,,,63,,,Cpd 63: 25.749,,,,,,,,,,,,,,,,,,,,,,,,,Find by Chromatogram Deconvolution,134184,,98.9800,,,,C:\Users\55129944\OneDrive - MMU (1)\PhD\Labs\TD_Markes_2022\Groupings\Categories\Plastic_Cups\PC_Sample_4_USSB_29_1.D,25.805,,,9224,,,20,Positive,,,,,,98.9800,,,25.749,,25.700,0.105,,,,,,,,,,,,,,,,,,,,,,,,,,,,,,,,,,,,,,,,,,Sample USSB_29 #1 Tube #829232 2022-08-01,,Demo Lab 8890 5977B,1,,Microplastics MMU (AN161) 28July.M,Deconvolution_2023-05-22.m,Success,
,,,,,,,,,,,,,,,,,,,,,,64,,,Cpd 64: 25.762,,,,,,,,,,,,,,,,,,,,,,,,,Find by Chromatogram Deconvolution,150254,,121.0000,,,,C:\Users\55129944\OneDrive - MMU (1)\PhD\Labs\TD_Markes_2022\Groupings\Categories\Plastic_Cups\PC_Sample_4_USSB_29_1.D,25.799,,,15428,,,16,Positive,,,,,,121.0000,,,25.762,,25.686,0.113,,,,,,,,,,,,,,,,,,,,,,,,,,,,,,,,,,,,,,,,,,Sample USSB_29 #1 Tube #829232 2022-08-01,,Demo Lab 8890 5977B,1,,Microplastics MMU (AN161) 28July.M,Deconvolution_2023-05-22.m,Success,
,,,,,,,,,,,,,,,,,,,,,,65,,,Cpd 65: 25.830,,,,,,,,,,,,,,,,,,,,,,,,,Find by Chromatogram Deconvolution,147842,,121.0000,,,,C:\Users\55129944\OneDrive - MMU (1)\PhD\Labs\TD_Markes_2022\Groupings\Categories\Plastic_Cups\PC_Sample_4_USSB_29_1.D,25.894,,,20883,,,15,Positive,,,,,,121.0000,,,25.830,,25.791,0.103,,,,,,,,,,,,,,,,,,,,,,,,,,,,,,,,,,,,,,,,,,Sample USSB_29 #1 Tube #829232 2022-08-01,,Demo Lab 8890 5977B,1,,Microplastics MMU (AN161) 28July.M,Deconvolution_2023-05-22.m,Success,
,,,,,,,,,,,,,,,,,,,,,,66,,,Cpd 66: 25.861,,,,,,,,,,,,,,,,,,,,,,,,,Find by Chromatogram Deconvolution,5160304,,104.1000,,,,C:\Users\55129944\OneDrive - MMU (1)\PhD\Labs\TD_Markes_2022\Groupings\Categories\Plastic_Cups\PC_Sample_4_USSB_29_1.D,25.967,,,1472920,,,15,Positive,,,,,,104.1000,,,25.861,,25.808,0.158,,,,,,,,,,,,,,,,,,,,,,,,,,,,,,,,,,,,,,,,,,Sample USSB_29 #1 Tube #829232 2022-08-01,,Demo Lab 8890 5977B,1,,Microplastics MMU (AN161) 28July.M,Deconvolution_2023-05-22.m,Success,
,,,,,,,,,,,,,,,,,,,,,,67,,,Cpd 67: 26.026,,,,,,,,,,,,,,,,,,,,,,,,,Find by Chromatogram Deconvolution,113296,,148.9300,,,,C:\Users\55129944\OneDrive - MMU (1)\PhD\Labs\TD_Markes_2022\Groupings\Categories\Plastic_Cups\PC_Sample_4_USSB_29_1.D,26.076,,,16250,,,10,Positive,,,,,,148.9300,,,26.026,,25.973,0.103,,,,,,,,,,,,,,,,,,,,,,,,,,,,,,,,,,,,,,,,,,Sample USSB_29 #1 Tube #829232 2022-08-01,,Demo Lab 8890 5977B,1,,Microplastics MMU (AN161) 28July.M,Deconvolution_2023-05-22.m,Success,
,,,,,,,,,,,,,,,,,,,,,,68,,,Cpd 68: 26.107,,,,,,,,,,,,,,,,,,,,,,,,,Find by Chromatogram Deconvolution,224310,,134.9600,,,,C:\Users\55129944\OneDrive - MMU (1)\PhD\Labs\TD_Markes_2022\Groupings\Categories\Plastic_Cups\PC_Sample_4_USSB_29_1.D,26.190,,,58891,,,9,Positive,,,,,,134.9600,,,26.107,,26.051,0.139,,,,,,,,,,,,,,,,,,,,,,,,,,,,,,,,,,,,,,,,,,Sample USSB_29 #1 Tube #829232 2022-08-01,,Demo Lab 8890 5977B,1,,Microplastics MMU (AN161) 28July.M,Deconvolution_2023-05-22.m,Success,
,,,,,,,,,,,,,,,,,,,,,,69,,,Cpd 69: 26.277,,,,,,,,,,,,,,,,,,,,,,,,,Find by Chromatogram Deconvolution,118553,,98.9800,,,,C:\Users\55129944\OneDrive - MMU (1)\PhD\Labs\TD_Markes_2022\Groupings\Categories\Plastic_Cups\PC_Sample_4_USSB_29_1.D,26.383,,,28248,,,7,Positive,,,,,,98.9800,,,26.277,,26.223,0.160,,,,,,,,,,,,,,,,,,,,,,,,,,,,,,,,,,,,,,,,,,Sample USSB_29 #1 Tube #829232 2022-08-01,,Demo Lab 8890 5977B,1,,Microplastics MMU (AN161) 28July.M,Deconvolution_2023-05-22.m,Success,
,,,,,,,,,,,,,,,,,,,,,,70,,,Cpd 70: 26.318,,,,,,,,,,,,,,,,,,,,,,,,,Find by Chromatogram Deconvolution,1681602,,97.0500,,,,C:\Users\55129944\OneDrive - MMU (1)\PhD\Labs\TD_Markes_2022\Groupings\Categories\Plastic_Cups\PC_Sample_4_USSB_29_1.D,26.431,,,61273,,,59,Positive,,,,,,97.0500,,,26.318,,26.261,0.170,,,,,,,,,,,,,,,,,,,,,,,,,,,,,,,,,,,,,,,,,,Sample USSB_29 #1 Tube #829232 2022-08-01,,Demo Lab 8890 5977B,1,,Microplastics MMU (AN161) 28July.M,Deconvolution_2023-05-22.m,Success,
,,,,,,,,,,,,,,,,,,,,,,71,,,Cpd 71: 26.479,,,,,,,,,,,,,,,,,,,,,,,,,Find by Chromatogram Deconvolution,200342,,206.0900,,,,C:\Users\55129944\OneDrive - MMU (1)\PhD\Labs\TD_Markes_2022\Groupings\Categories\Plastic_Cups\PC_Sample_4_USSB_29_1.D,26.578,,,13049,,,32,Positive,,,,,,206.0900,,,26.479,,26.423,0.155,,,,,,,,,,,,,,,,,,,,,,,,,,,,,,,,,,,,,,,,,,Sample USSB_29 #1 Tube #829232 2022-08-01,,Demo Lab 8890 5977B,1,,Microplastics MMU (AN161) 28July.M,Deconvolution_2023-05-22.m,Success,
,,,,,,,,,,,,,,,,,,,,,,72,,,Cpd 72: 27.270,,,,,,,,,,,,,,,,,,,,,,,,,Find by Chromatogram Deconvolution,486958,,57.9500,,,,C:\Users\55129944\OneDrive - MMU (1)\PhD\Labs\TD_Markes_2022\Groupings\Categories\Plastic_Cups\PC_Sample_4_USSB_29_1.D,27.347,,,30826,,,41,Positive,,,,,,57.9500,,,27.270,,27.205,0.141,,,,,,,,,,,,,,,,,,,,,,,,,,,,,,,,,,,,,,,,,,Sample USSB_29 #1 Tube #829232 2022-08-01,,Demo Lab 8890 5977B,1,,Microplastics MMU (AN161) 28July.M,Deconvolution_2023-05-22.m,Success,
,,,,,,,,,,,,,,,,,,,,,,73,,,Cpd 73: 27.700,,,,,,,,,,,,,,,,,,,,,,,,,Find by Chromatogram Deconvolution,746167,,97.0500,,,,C:\Users\55129944\OneDrive - MMU (1)\PhD\Labs\TD_Markes_2022\Groupings\Categories\Plastic_Cups\PC_Sample_4_USSB_29_1.D,27.784,,,21970,,,44,Positive,,,,,,97.0500,,,27.700,,27.629,0.155,,,,,,,,,,,,,,,,,,,,,,,,,,,,,,,,,,,,,,,,,,Sample USSB_29 #1 Tube #829232 2022-08-01,,Demo Lab 8890 5977B,1,,Microplastics MMU (AN161) 28July.M,Deconvolution_2023-05-22.m,Success,
,,,,,,,,,,,,,,,,,,,,,,74,,,Cpd 74: 28.459,,,,,,,,,,,,,,,,,,,,,,,,,Find by Chromatogram Deconvolution,4687687,,73.0000,,,,C:\Users\55129944\OneDrive - MMU (1)\PhD\Labs\TD_Markes_2022\Groupings\Categories\Plastic_Cups\PC_Sample_4_USSB_29_1.D,28.694,,,103119,,,67,Positive,,,,,,73.0000,,,28.459,,28.381,0.313,,,,,,,,,,,,,,,,,,,,,,,,,,,,,,,,,,,,,,,,,,Sample USSB_29 #1 Tube #829232 2022-08-01,,Demo Lab 8890 5977B,1,,Microplastics MMU (AN161) 28July.M,Deconvolution_2023-05-22.m,Success,
,,,,,,,,,,,,,,,,,,,,,,75,,,Cpd 75: 29.443,,,,,,,,,,,,,,,,,,,,,,,,,Find by Chromatogram Deconvolution,1749290,,97.0500,,,,C:\Users\55129944\OneDrive - MMU (1)\PhD\Labs\TD_Markes_2022\Groupings\Categories\Plastic_Cups\PC_Sample_4_USSB_29_1.D,29.553,,,36062,,,59,Positive,,,,,,97.0500,,,29.443,,29.358,0.195,,,,,,,,,,,,,,,,,,,,,,,,,,,,,,,,,,,,,,,,,,Sample USSB_29 #1 Tube #829232 2022-08-01,,Demo Lab 8890 5977B,1,,Microplastics MMU (AN161) 28July.M,Deconvolution_2023-05-22.m,Success,
