Version 1

Score (Bio),"Diff (Bio, mDa)","Diff (Bio, ppm)",Uncertainty,Fit Score,Enzyme,Hits (Bioconfirm),Links,Seq Loc,Rule,Missed,Mods,Significance,Pred Mods,Sequence,Seq Name,Seq Type,Tgt Seq Mass,AGILENTID,CAS,Compound ID,Name,Cpd,HMP,KEGG,Label,LMP,METLIN,MPPID,NCBI ID,Notes,Swiss-Prot,Hits (DB),Mass (DB),"Diff (DB, mDa)",Formula (DB),"Diff (DB, ppm)",RT (DB),RT Diff (DB),Score (DB),Shared (DB),Unique (DB),"Diff (MFG, mDa)",Mass (MFG),Formula (MFG),"Diff (MFG, ppm)",Score (MFG),Tgt Hit Pos,Score Diff,Abund,Algorithm,Area,Avg Mass,Base Peak,Z Count,CE,MS/MS Count,File,End,Formula,FV,Height,ID Source,ID Techniques Applied,Ions,Polarity,Max Z,Min Z,Modified,Mass,Score,m/z,m/z (prod.),Score (MFE),RT,Saturated,Start,Width,Library,Score (Lib),Cpds/Group,Group,Std Dev,Vol %,Vol,Primary Base,Primary Note,ADC% Area,ADC% Height,EIC/TIC% Area,EIC/TIC% Height,TIC% Area,TIC% Height,TWC% Area,TWC% Height,UVA% Area,UVA% Height,UVB% Area,UVB% Height,UVC% Area,UVC% Height,Purity Comments,Purity Result,Purity Value,Score (Frag),FIs Conf.,FIs Conf. %,FIs Eval.,Source,"Diff (Tgt, mDa)",Formula (Tgt),"Diff (Tgt, ppm)",RT (Tgt),RT Diff (Tgt),Score (Tgt),Flags (Tgt),Flag Severity (Tgt),Flag Severity Code (Tgt),Mass (Tgt),Sample Name,Sample Type,Instrument Name,Position,User Name,Acq Method,DA Method,IRM Calibration status
,,,,,,,,,,,,,,,,,,,,,,1,,,Cpd 1: 1.378,,,,,,,,,,,,,,,,,,,,,,,,,Find by Chromatogram Deconvolution,325153,,44.0000,,,,C:\Users\55129944\OneDrive - MMU (1)\PhD\Labs\TD_Markes_2022\Groupings\Categories\Plastic_Cups\PC_Sample_6_USSB_29_3.D,1.632,,,67833,,,1,Positive,,,,,,44.0000,,,1.378,,1.330,0.302,,,,,,,,,,,,,,,,,,,,,,,,,,,,,,,,,,,,,,,,,,Sample USSB_29 #3 Tube #829235 2022-08-01,,Demo Lab 8890 5977B,1,,Microplastics MMU (AN161) 28July.M,Deconvolution_2023-05-22.m,Success,
,,,,,,,,,,,,,,,,,,,,,,2,,,Cpd 2: 1.798,,,,,,,,,,,,,,,,,,,,,,,,,Find by Chromatogram Deconvolution,250887,,41.0000,,,,C:\Users\55129944\OneDrive - MMU (1)\PhD\Labs\TD_Markes_2022\Groupings\Categories\Plastic_Cups\PC_Sample_6_USSB_29_3.D,1.861,,,48307,,,14,Positive,,,,,,41.0000,,,1.798,,1.754,0.107,,,,,,,,,,,,,,,,,,,,,,,,,,,,,,,,,,,,,,,,,,Sample USSB_29 #3 Tube #829235 2022-08-01,,Demo Lab 8890 5977B,1,,Microplastics MMU (AN161) 28July.M,Deconvolution_2023-05-22.m,Success,
,,,,,,,,,,,,,,,,,,,,,,3,,,Cpd 3: 1.857,,,,,,,,,,,,,,,,,,,,,,,,,Find by Chromatogram Deconvolution,285787,,53.8800,,,,C:\Users\55129944\OneDrive - MMU (1)\PhD\Labs\TD_Markes_2022\Groupings\Categories\Plastic_Cups\PC_Sample_6_USSB_29_3.D,1.941,,,46204,,,11,Positive,,,,,,53.8800,,,1.857,,1.821,0.120,,,,,,,,,,,,,,,,,,,,,,,,,,,,,,,,,,,,,,,,,,Sample USSB_29 #3 Tube #829235 2022-08-01,,Demo Lab 8890 5977B,1,,Microplastics MMU (AN161) 28July.M,Deconvolution_2023-05-22.m,Success,
,,,,,,,,,,,,,,,,,,,,,,4,,,Cpd 4: 3.365,,,,,,,,,,,,,,,,,,,,,,,,,Find by Chromatogram Deconvolution,289237,,43.0100,,,,C:\Users\55129944\OneDrive - MMU (1)\PhD\Labs\TD_Markes_2022\Groupings\Categories\Plastic_Cups\PC_Sample_6_USSB_29_3.D,3.554,,,34343,,,7,Positive,,,,,,43.0100,,,3.365,,3.294,0.261,,,,,,,,,,,,,,,,,,,,,,,,,,,,,,,,,,,,,,,,,,Sample USSB_29 #3 Tube #829235 2022-08-01,,Demo Lab 8890 5977B,1,,Microplastics MMU (AN161) 28July.M,Deconvolution_2023-05-22.m,Success,
,,,,,,,,,,,,,,,,,,,,,,5,,,Cpd 5: 5.570,,,,,,,,,,,,,,,,,,,,,,,,,Find by Chromatogram Deconvolution,223072,,43.0100,,,,C:\Users\55129944\OneDrive - MMU (1)\PhD\Labs\TD_Markes_2022\Groupings\Categories\Plastic_Cups\PC_Sample_6_USSB_29_3.D,5.655,,,13594,,,9,Positive,,,,,,43.0100,,,5.570,,5.482,0.173,,,,,,,,,,,,,,,,,,,,,,,,,,,,,,,,,,,,,,,,,,Sample USSB_29 #3 Tube #829235 2022-08-01,,Demo Lab 8890 5977B,1,,Microplastics MMU (AN161) 28July.M,Deconvolution_2023-05-22.m,Success,
,,,,,,,,,,,,,,,,,,,,,,6,,,Cpd 6: 10.259,,,,,,,,,,,,,,,,,,,,,,,,,Find by Chromatogram Deconvolution,255481,,43.0100,,,,C:\Users\55129944\OneDrive - MMU (1)\PhD\Labs\TD_Markes_2022\Groupings\Categories\Plastic_Cups\PC_Sample_6_USSB_29_3.D,10.511,,,12245,,,4,Positive,,,,,,43.0100,,,10.259,,10.213,0.299,,,,,,,,,,,,,,,,,,,,,,,,,,,,,,,,,,,,,,,,,,Sample USSB_29 #3 Tube #829235 2022-08-01,,Demo Lab 8890 5977B,1,,Microplastics MMU (AN161) 28July.M,Deconvolution_2023-05-22.m,Success,
,,,,,,,,,,,,,,,,,,,,,,7,,,Cpd 7: 13.436,,,,,,,,,,,,,,,,,,,,,,,,,Find by Chromatogram Deconvolution,3890835,,98.1000,,,,C:\Users\55129944\OneDrive - MMU (1)\PhD\Labs\TD_Markes_2022\Groupings\Categories\Plastic_Cups\PC_Sample_6_USSB_29_3.D,13.540,,,828255,,,11,Positive,,,,,,98.1000,,,13.436,,13.382,0.158,,,,,,,,,,,,,,,,,,,,,,,,,,,,,,,,,,,,,,,,,,Sample USSB_29 #3 Tube #829235 2022-08-01,,Demo Lab 8890 5977B,1,,Microplastics MMU (AN161) 28July.M,Deconvolution_2023-05-22.m,Success,
,,,,,,,,,,,,,,,,,,,,,,8,,,Cpd 8: 13.544,,,,,,,,,,,,,,,,,,,,,,,,,Find by Chromatogram Deconvolution,497801,,91.1000,,,,C:\Users\55129944\OneDrive - MMU (1)\PhD\Labs\TD_Markes_2022\Groupings\Categories\Plastic_Cups\PC_Sample_6_USSB_29_3.D,13.631,,,110724,,,11,Positive,,,,,,91.1000,,,13.544,,13.487,0.145,,,,,,,,,,,,,,,,,,,,,,,,,,,,,,,,,,,,,,,,,,Sample USSB_29 #3 Tube #829235 2022-08-01,,Demo Lab 8890 5977B,1,,Microplastics MMU (AN161) 28July.M,Deconvolution_2023-05-22.m,Success,
,,,,,,,,,,,,,,,,,,,,,,9,,,Cpd 9: 14.434,,,,,,,,,,,,,,,,,,,,,,,,,Find by Chromatogram Deconvolution,721219,,207.0000,,,,C:\Users\55129944\OneDrive - MMU (1)\PhD\Labs\TD_Markes_2022\Groupings\Categories\Plastic_Cups\PC_Sample_6_USSB_29_3.D,14.510,,,162908,,,15,Positive,,,,,,207.0000,,,14.434,,14.377,0.133,,,,,,,,,,,,,,,,,,,,,,,,,,,,,,,,,,,,,,,,,,Sample USSB_29 #3 Tube #829235 2022-08-01,,Demo Lab 8890 5977B,1,,Microplastics MMU (AN161) 28July.M,Deconvolution_2023-05-22.m,Success,
,,,,,,,,,,,,,,,,,,,,,,10,,,Cpd 10: 14.991,,,,,,,,,,,,,,,,,,,,,,,,,Find by Chromatogram Deconvolution,959775,,79.0200,,,,C:\Users\55129944\OneDrive - MMU (1)\PhD\Labs\TD_Markes_2022\Groupings\Categories\Plastic_Cups\PC_Sample_6_USSB_29_3.D,15.089,,,78988,,,32,Positive,,,,,,79.0200,,,14.991,,14.942,0.147,,,,,,,,,,,,,,,,,,,,,,,,,,,,,,,,,,,,,,,,,,Sample USSB_29 #3 Tube #829235 2022-08-01,,Demo Lab 8890 5977B,1,,Microplastics MMU (AN161) 28July.M,Deconvolution_2023-05-22.m,Success,
,,,,,,,,,,,,,,,,,,,,,,11,,,Cpd 11: 15.700,,,,,,,,,,,,,,,,,,,,,,,,,Find by Chromatogram Deconvolution,1683947,,91.1000,,,,C:\Users\55129944\OneDrive - MMU (1)\PhD\Labs\TD_Markes_2022\Groupings\Categories\Plastic_Cups\PC_Sample_6_USSB_29_3.D,15.781,,,479456,,,16,Positive,,,,,,91.1000,,,15.700,,15.657,0.124,,,,,,,,,,,,,,,,,,,,,,,,,,,,,,,,,,,,,,,,,,Sample USSB_29 #3 Tube #829235 2022-08-01,,Demo Lab 8890 5977B,1,,Microplastics MMU (AN161) 28July.M,Deconvolution_2023-05-22.m,Success,
,,,,,,,,,,,,,,,,,,,,,,12,,,Cpd 12: 16.342,,,,,,,,,,,,,,,,,,,,,,,,,Find by Chromatogram Deconvolution,11952521,,104.1000,,,,C:\Users\55129944\OneDrive - MMU (1)\PhD\Labs\TD_Markes_2022\Groupings\Categories\Plastic_Cups\PC_Sample_6_USSB_29_3.D,16.434,,,2684403,,,15,Positive,,,,,,104.1000,,,16.342,,16.301,0.133,,,,,,,,,,,,,,,,,,,,,,,,,,,,,,,,,,,,,,,,,,Sample USSB_29 #3 Tube #829235 2022-08-01,,Demo Lab 8890 5977B,1,,Microplastics MMU (AN161) 28July.M,Deconvolution_2023-05-22.m,Success,
,,,,,,,,,,,,,,,,,,,,,,13,,,Cpd 13: 17.688,,,,,,,,,,,,,,,,,,,,,,,,,Find by Chromatogram Deconvolution,263681,,54.9900,,,,C:\Users\55129944\OneDrive - MMU (1)\PhD\Labs\TD_Markes_2022\Groupings\Categories\Plastic_Cups\PC_Sample_6_USSB_29_3.D,17.741,,,32412,,,26,Positive,,,,,,54.9900,,,17.688,,17.644,0.097,,,,,,,,,,,,,,,,,,,,,,,,,,,,,,,,,,,,,,,,,,Sample USSB_29 #3 Tube #829235 2022-08-01,,Demo Lab 8890 5977B,1,,Microplastics MMU (AN161) 28July.M,Deconvolution_2023-05-22.m,Success,
,,,,,,,,,,,,,,,,,,,,,,14,,,Cpd 14: 18.457,,,,,,,,,,,,,,,,,,,,,,,,,Find by Chromatogram Deconvolution,206467,,57.1000,,,,C:\Users\55129944\OneDrive - MMU (1)\PhD\Labs\TD_Markes_2022\Groupings\Categories\Plastic_Cups\PC_Sample_6_USSB_29_3.D,18.528,,,36535,,,20,Positive,,,,,,57.1000,,,18.457,,18.421,0.107,,,,,,,,,,,,,,,,,,,,,,,,,,,,,,,,,,,,,,,,,,Sample USSB_29 #3 Tube #829235 2022-08-01,,Demo Lab 8890 5977B,1,,Microplastics MMU (AN161) 28July.M,Deconvolution_2023-05-22.m,Success,
,,,,,,,,,,,,,,,,,,,,,,15,,,Cpd 15: 19.332,,,,,,,,,,,,,,,,,,,,,,,,,Find by Chromatogram Deconvolution,434518,,57.1000,,,,C:\Users\55129944\OneDrive - MMU (1)\PhD\Labs\TD_Markes_2022\Groupings\Categories\Plastic_Cups\PC_Sample_6_USSB_29_3.D,19.379,,,24622,,,45,Positive,,,,,,57.1000,,,19.332,,19.285,0.093,,,,,,,,,,,,,,,,,,,,,,,,,,,,,,,,,,,,,,,,,,Sample USSB_29 #3 Tube #829235 2022-08-01,,Demo Lab 8890 5977B,1,,Microplastics MMU (AN161) 28July.M,Deconvolution_2023-05-22.m,Success,
,,,,,,,,,,,,,,,,,,,,,,16,,,Cpd 16: 21.001,,,,,,,,,,,,,,,,,,,,,,,,,Find by Chromatogram Deconvolution,366262,,79.0200,,,,C:\Users\55129944\OneDrive - MMU (1)\PhD\Labs\TD_Markes_2022\Groupings\Categories\Plastic_Cups\PC_Sample_6_USSB_29_3.D,21.097,,,13386,,,43,Positive,,,,,,79.0200,,,21.001,,20.900,0.196,,,,,,,,,,,,,,,,,,,,,,,,,,,,,,,,,,,,,,,,,,Sample USSB_29 #3 Tube #829235 2022-08-01,,Demo Lab 8890 5977B,1,,Microplastics MMU (AN161) 28July.M,Deconvolution_2023-05-22.m,Success,
,,,,,,,,,,,,,,,,,,,,,,17,,,Cpd 17: 21.747,,,,,,,,,,,,,,,,,,,,,,,,,Find by Chromatogram Deconvolution,290162,,54.9900,,,,C:\Users\55129944\OneDrive - MMU (1)\PhD\Labs\TD_Markes_2022\Groupings\Categories\Plastic_Cups\PC_Sample_6_USSB_29_3.D,21.832,,,23428,,,26,Positive,,,,,,54.9900,,,21.747,,21.710,0.122,,,,,,,,,,,,,,,,,,,,,,,,,,,,,,,,,,,,,,,,,,Sample USSB_29 #3 Tube #829235 2022-08-01,,Demo Lab 8890 5977B,1,,Microplastics MMU (AN161) 28July.M,Deconvolution_2023-05-22.m,Success,
,,,,,,,,,,,,,,,,,,,,,,18,,,Cpd 18: 21.915,,,,,,,,,,,,,,,,,,,,,,,,,Find by Chromatogram Deconvolution,264585,,83.0000,,,,C:\Users\55129944\OneDrive - MMU (1)\PhD\Labs\TD_Markes_2022\Groupings\Categories\Plastic_Cups\PC_Sample_6_USSB_29_3.D,21.975,,,15051,,,31,Positive,,,,,,83.0000,,,21.915,,21.878,0.097,,,,,,,,,,,,,,,,,,,,,,,,,,,,,,,,,,,,,,,,,,Sample USSB_29 #3 Tube #829235 2022-08-01,,Demo Lab 8890 5977B,1,,Microplastics MMU (AN161) 28July.M,Deconvolution_2023-05-22.m,Success,
,,,,,,,,,,,,,,,,,,,,,,19,,,Cpd 19: 22.871,,,,,,,,,,,,,,,,,,,,,,,,,Find by Chromatogram Deconvolution,327095,,91.1000,,,,C:\Users\55129944\OneDrive - MMU (1)\PhD\Labs\TD_Markes_2022\Groupings\Categories\Plastic_Cups\PC_Sample_6_USSB_29_3.D,22.928,,,29281,,,31,Positive,,,,,,91.1000,,,22.871,,22.827,0.101,,,,,,,,,,,,,,,,,,,,,,,,,,,,,,,,,,,,,,,,,,Sample USSB_29 #3 Tube #829235 2022-08-01,,Demo Lab 8890 5977B,1,,Microplastics MMU (AN161) 28July.M,Deconvolution_2023-05-22.m,Success,
,,,,,,,,,,,,,,,,,,,,,,20,,,Cpd 20: 22.994,,,,,,,,,,,,,,,,,,,,,,,,,Find by Chromatogram Deconvolution,298878,,69.0200,,,,C:\Users\55129944\OneDrive - MMU (1)\PhD\Labs\TD_Markes_2022\Groupings\Categories\Plastic_Cups\PC_Sample_6_USSB_29_3.D,23.098,,,16966,,,28,Positive,,,,,,69.0200,,,22.994,,22.928,0.170,,,,,,,,,,,,,,,,,,,,,,,,,,,,,,,,,,,,,,,,,,Sample USSB_29 #3 Tube #829235 2022-08-01,,Demo Lab 8890 5977B,1,,Microplastics MMU (AN161) 28July.M,Deconvolution_2023-05-22.m,Success,
,,,,,,,,,,,,,,,,,,,,,,21,,,Cpd 21: 23.669,,,,,,,,,,,,,,,,,,,,,,,,,Find by Chromatogram Deconvolution,233546,,83.0000,,,,C:\Users\55129944\OneDrive - MMU (1)\PhD\Labs\TD_Markes_2022\Groupings\Categories\Plastic_Cups\PC_Sample_6_USSB_29_3.D,23.725,,,14027,,,25,Positive,,,,,,83.0000,,,23.669,,23.622,0.103,,,,,,,,,,,,,,,,,,,,,,,,,,,,,,,,,,,,,,,,,,Sample USSB_29 #3 Tube #829235 2022-08-01,,Demo Lab 8890 5977B,1,,Microplastics MMU (AN161) 28July.M,Deconvolution_2023-05-22.m,Success,
,,,,,,,,,,,,,,,,,,,,,,22,,,Cpd 22: 23.695,,,,,,,,,,,,,,,,,,,,,,,,,Find by Chromatogram Deconvolution,231697,,57.1000,,,,C:\Users\55129944\OneDrive - MMU (1)\PhD\Labs\TD_Markes_2022\Groupings\Categories\Plastic_Cups\PC_Sample_6_USSB_29_3.D,23.750,,,29068,,,23,Positive,,,,,,57.1000,,,23.695,,23.645,0.105,,,,,,,,,,,,,,,,,,,,,,,,,,,,,,,,,,,,,,,,,,Sample USSB_29 #3 Tube #829235 2022-08-01,,Demo Lab 8890 5977B,1,,Microplastics MMU (AN161) 28July.M,Deconvolution_2023-05-22.m,Success,
,,,,,,,,,,,,,,,,,,,,,,23,,,Cpd 23: 24.714,,,,,,,,,,,,,,,,,,,,,,,,,Find by Chromatogram Deconvolution,426792,,97.0500,,,,C:\Users\55129944\OneDrive - MMU (1)\PhD\Labs\TD_Markes_2022\Groupings\Categories\Plastic_Cups\PC_Sample_6_USSB_29_3.D,24.777,,,41547,,,33,Positive,,,,,,97.0500,,,24.714,,24.670,0.107,,,,,,,,,,,,,,,,,,,,,,,,,,,,,,,,,,,,,,,,,,Sample USSB_29 #3 Tube #829235 2022-08-01,,Demo Lab 8890 5977B,1,,Microplastics MMU (AN161) 28July.M,Deconvolution_2023-05-22.m,Success,
,,,,,,,,,,,,,,,,,,,,,,24,,,Cpd 24: 24.834,,,,,,,,,,,,,,,,,,,,,,,,,Find by Chromatogram Deconvolution,1320161,,92.1000,,,,C:\Users\55129944\OneDrive - MMU (1)\PhD\Labs\TD_Markes_2022\Groupings\Categories\Plastic_Cups\PC_Sample_6_USSB_29_3.D,24.922,,,205522,,,20,Positive,,,,,,92.1000,,,24.834,,24.792,0.130,,,,,,,,,,,,,,,,,,,,,,,,,,,,,,,,,,,,,,,,,,Sample USSB_29 #3 Tube #829235 2022-08-01,,Demo Lab 8890 5977B,1,,Microplastics MMU (AN161) 28July.M,Deconvolution_2023-05-22.m,Success,
,,,,,,,,,,,,,,,,,,,,,,25,,,Cpd 25: 25.327,,,,,,,,,,,,,,,,,,,,,,,,,Find by Chromatogram Deconvolution,362718,,104.1000,,,,C:\Users\55129944\OneDrive - MMU (1)\PhD\Labs\TD_Markes_2022\Groupings\Categories\Plastic_Cups\PC_Sample_6_USSB_29_3.D,25.380,,,116240,,,10,Positive,,,,,,104.1000,,,25.327,,25.280,0.099,,,,,,,,,,,,,,,,,,,,,,,,,,,,,,,,,,,,,,,,,,Sample USSB_29 #3 Tube #829235 2022-08-01,,Demo Lab 8890 5977B,1,,Microplastics MMU (AN161) 28July.M,Deconvolution_2023-05-22.m,Success,
,,,,,,,,,,,,,,,,,,,,,,26,,,Cpd 26: 25.486,,,,,,,,,,,,,,,,,,,,,,,,,Find by Chromatogram Deconvolution,2783253,,91.1000,,,,C:\Users\55129944\OneDrive - MMU (1)\PhD\Labs\TD_Markes_2022\Groupings\Categories\Plastic_Cups\PC_Sample_6_USSB_29_3.D,25.599,,,473899,,,27,Positive,,,,,,91.1000,,,25.486,,25.439,0.160,,,,,,,,,,,,,,,,,,,,,,,,,,,,,,,,,,,,,,,,,,Sample USSB_29 #3 Tube #829235 2022-08-01,,Demo Lab 8890 5977B,1,,Microplastics MMU (AN161) 28July.M,Deconvolution_2023-05-22.m,Success,
,,,,,,,,,,,,,,,,,,,,,,27,,,Cpd 27: 25.862,,,,,,,,,,,,,,,,,,,,,,,,,Find by Chromatogram Deconvolution,6403845,,104.1000,,,,C:\Users\55129944\OneDrive - MMU (1)\PhD\Labs\TD_Markes_2022\Groupings\Categories\Plastic_Cups\PC_Sample_6_USSB_29_3.D,25.956,,,1860058,,,14,Positive,,,,,,104.1000,,,25.862,,25.809,0.147,,,,,,,,,,,,,,,,,,,,,,,,,,,,,,,,,,,,,,,,,,Sample USSB_29 #3 Tube #829235 2022-08-01,,Demo Lab 8890 5977B,1,,Microplastics MMU (AN161) 28July.M,Deconvolution_2023-05-22.m,Success,
,,,,,,,,,,,,,,,,,,,,,,28,,,Cpd 28: 26.318,,,,,,,,,,,,,,,,,,,,,,,,,Find by Chromatogram Deconvolution,1781662,,97.0500,,,,C:\Users\55129944\OneDrive - MMU (1)\PhD\Labs\TD_Markes_2022\Groupings\Categories\Plastic_Cups\PC_Sample_6_USSB_29_3.D,26.416,,,62480,,,66,Positive,,,,,,97.0500,,,26.318,,26.261,0.155,,,,,,,,,,,,,,,,,,,,,,,,,,,,,,,,,,,,,,,,,,Sample USSB_29 #3 Tube #829235 2022-08-01,,Demo Lab 8890 5977B,1,,Microplastics MMU (AN161) 28July.M,Deconvolution_2023-05-22.m,Success,
,,,,,,,,,,,,,,,,,,,,,,29,,,Cpd 29: 26.477,,,,,,,,,,,,,,,,,,,,,,,,,Find by Chromatogram Deconvolution,297270,,206.2000,,,,C:\Users\55129944\OneDrive - MMU (1)\PhD\Labs\TD_Markes_2022\Groupings\Categories\Plastic_Cups\PC_Sample_6_USSB_29_3.D,26.546,,,18054,,,39,Positive,,,,,,206.2000,,,26.477,,26.422,0.124,,,,,,,,,,,,,,,,,,,,,,,,,,,,,,,,,,,,,,,,,,Sample USSB_29 #3 Tube #829235 2022-08-01,,Demo Lab 8890 5977B,1,,Microplastics MMU (AN161) 28July.M,Deconvolution_2023-05-22.m,Success,
,,,,,,,,,,,,,,,,,,,,,,30,,,Cpd 30: 27.270,,,,,,,,,,,,,,,,,,,,,,,,,Find by Chromatogram Deconvolution,514920,,58.0300,,,,C:\Users\55129944\OneDrive - MMU (1)\PhD\Labs\TD_Markes_2022\Groupings\Categories\Plastic_Cups\PC_Sample_6_USSB_29_3.D,27.345,,,34031,,,40,Positive,,,,,,58.0300,,,27.270,,27.210,0.136,,,,,,,,,,,,,,,,,,,,,,,,,,,,,,,,,,,,,,,,,,Sample USSB_29 #3 Tube #829235 2022-08-01,,Demo Lab 8890 5977B,1,,Microplastics MMU (AN161) 28July.M,Deconvolution_2023-05-22.m,Success,
,,,,,,,,,,,,,,,,,,,,,,31,,,Cpd 31: 27.696,,,,,,,,,,,,,,,,,,,,,,,,,Find by Chromatogram Deconvolution,760550,,97.0500,,,,C:\Users\55129944\OneDrive - MMU (1)\PhD\Labs\TD_Markes_2022\Groupings\Categories\Plastic_Cups\PC_Sample_6_USSB_29_3.D,27.775,,,23196,,,44,Positive,,,,,,97.0500,,,27.696,,27.630,0.145,,,,,,,,,,,,,,,,,,,,,,,,,,,,,,,,,,,,,,,,,,Sample USSB_29 #3 Tube #829235 2022-08-01,,Demo Lab 8890 5977B,1,,Microplastics MMU (AN161) 28July.M,Deconvolution_2023-05-22.m,Success,
,,,,,,,,,,,,,,,,,,,,,,32,,,Cpd 32: 28.460,,,,,,,,,,,,,,,,,,,,,,,,,Find by Chromatogram Deconvolution,2209041,,73.0000,,,,C:\Users\55129944\OneDrive - MMU (1)\PhD\Labs\TD_Markes_2022\Groupings\Categories\Plastic_Cups\PC_Sample_6_USSB_29_3.D,28.676,,,47767,,,68,Positive,,,,,,73.0000,,,28.460,,28.384,0.292,,,,,,,,,,,,,,,,,,,,,,,,,,,,,,,,,,,,,,,,,,Sample USSB_29 #3 Tube #829235 2022-08-01,,Demo Lab 8890 5977B,1,,Microplastics MMU (AN161) 28July.M,Deconvolution_2023-05-22.m,Success,
,,,,,,,,,,,,,,,,,,,,,,33,,,Cpd 33: 28.738,,,,,,,,,,,,,,,,,,,,,,,,,Find by Chromatogram Deconvolution,303899,,312.2000,,,,C:\Users\55129944\OneDrive - MMU (1)\PhD\Labs\TD_Markes_2022\Groupings\Categories\Plastic_Cups\PC_Sample_6_USSB_29_3.D,28.759,,,24001,,,21,Positive,,,,,,312.2000,,,28.738,,28.702,0.057,,,,,,,,,,,,,,,,,,,,,,,,,,,,,,,,,,,,,,,,,,Sample USSB_29 #3 Tube #829235 2022-08-01,,Demo Lab 8890 5977B,1,,Microplastics MMU (AN161) 28July.M,Deconvolution_2023-05-22.m,Success,
,,,,,,,,,,,,,,,,,,,,,,34,,,Cpd 34: 28.755,,,,,,,,,,,,,,,,,,,,,,,,,Find by Chromatogram Deconvolution,1150060,,194.1000,,,,C:\Users\55129944\OneDrive - MMU (1)\PhD\Labs\TD_Markes_2022\Groupings\Categories\Plastic_Cups\PC_Sample_6_USSB_29_3.D,28.773,,,164706,,,13,Positive,,,,,,194.1000,,,28.755,,28.697,0.076,,,,,,,,,,,,,,,,,,,,,,,,,,,,,,,,,,,,,,,,,,Sample USSB_29 #3 Tube #829235 2022-08-01,,Demo Lab 8890 5977B,1,,Microplastics MMU (AN161) 28July.M,Deconvolution_2023-05-22.m,Success,
,,,,,,,,,,,,,,,,,,,,,,35,,,Cpd 35: 28.767,,,,,,,,,,,,,,,,,,,,,,,,,Find by Chromatogram Deconvolution,20292258,,91.1000,,,,C:\Users\55129944\OneDrive - MMU (1)\PhD\Labs\TD_Markes_2022\Groupings\Categories\Plastic_Cups\PC_Sample_6_USSB_29_3.D,29.216,,,1171660,,,16,Positive,,,,,,91.1000,,,28.767,,28.532,0.683,,,,,,,,,,,,,,,,,,,,,,,,,,,,,,,,,,,,,,,,,,Sample USSB_29 #3 Tube #829235 2022-08-01,,Demo Lab 8890 5977B,1,,Microplastics MMU (AN161) 28July.M,Deconvolution_2023-05-22.m,Success,
,,,,,,,,,,,,,,,,,,,,,,36,,,Cpd 36: 28.782,,,,,,,,,,,,,,,,,,,,,,,,,Find by Chromatogram Deconvolution,3783234,,117.1000,,,,C:\Users\55129944\OneDrive - MMU (1)\PhD\Labs\TD_Markes_2022\Groupings\Categories\Plastic_Cups\PC_Sample_6_USSB_29_3.D,28.788,,,379617,,,19,Positive,,,,,,117.1000,,,28.782,,28.775,0.013,,,,,,,,,,,,,,,,,,,,,,,,,,,,,,,,,,,,,,,,,,Sample USSB_29 #3 Tube #829235 2022-08-01,,Demo Lab 8890 5977B,1,,Microplastics MMU (AN161) 28July.M,Deconvolution_2023-05-22.m,Success,
,,,,,,,,,,,,,,,,,,,,,,37,,,Cpd 37: 28.795,,,,,,,,,,,,,,,,,,,,,,,,,Find by Chromatogram Deconvolution,4426266,,207.0000,,,,C:\Users\55129944\OneDrive - MMU (1)\PhD\Labs\TD_Markes_2022\Groupings\Categories\Plastic_Cups\PC_Sample_6_USSB_29_3.D,28.994,,,223287,,,28,Positive,,,,,,207.0000,,,28.795,,28.750,0.244,,,,,,,,,,,,,,,,,,,,,,,,,,,,,,,,,,,,,,,,,,Sample USSB_29 #3 Tube #829235 2022-08-01,,Demo Lab 8890 5977B,1,,Microplastics MMU (AN161) 28July.M,Deconvolution_2023-05-22.m,Success,
,,,,,,,,,,,,,,,,,,,,,,38,,,Cpd 38: 29.447,,,,,,,,,,,,,,,,,,,,,,,,,Find by Chromatogram Deconvolution,1662543,,97.0500,,,,C:\Users\55129944\OneDrive - MMU (1)\PhD\Labs\TD_Markes_2022\Groupings\Categories\Plastic_Cups\PC_Sample_6_USSB_29_3.D,29.563,,,38206,,,58,Positive,,,,,,97.0500,,,29.447,,29.357,0.206,,,,,,,,,,,,,,,,,,,,,,,,,,,,,,,,,,,,,,,,,,Sample USSB_29 #3 Tube #829235 2022-08-01,,Demo Lab 8890 5977B,1,,Microplastics MMU (AN161) 28July.M,Deconvolution_2023-05-22.m,Success,
