Version 1

Score (Bio),"Diff (Bio, mDa)","Diff (Bio, ppm)",Uncertainty,Fit Score,Enzyme,Hits (Bioconfirm),Links,Seq Loc,Rule,Missed,Mods,Significance,Pred Mods,Sequence,Seq Name,Seq Type,Tgt Seq Mass,AGILENTID,CAS,Compound ID,Name,Cpd,HMP,KEGG,Label,LMP,METLIN,MPPID,NCBI ID,Notes,Swiss-Prot,Hits (DB),Mass (DB),"Diff (DB, mDa)",Formula (DB),"Diff (DB, ppm)",RT (DB),RT Diff (DB),Score (DB),Shared (DB),Unique (DB),"Diff (MFG, mDa)",Mass (MFG),Formula (MFG),"Diff (MFG, ppm)",Score (MFG),Tgt Hit Pos,Score Diff,Abund,Algorithm,Area,Avg Mass,Base Peak,Z Count,CE,MS/MS Count,File,End,Formula,FV,Height,ID Source,ID Techniques Applied,Ions,Polarity,Max Z,Min Z,Modified,Mass,Score,m/z,m/z (prod.),Score (MFE),RT,Saturated,Start,Width,Library,Score (Lib),Cpds/Group,Group,Std Dev,Vol %,Vol,Primary Base,Primary Note,ADC% Area,ADC% Height,EIC/TIC% Area,EIC/TIC% Height,TIC% Area,TIC% Height,TWC% Area,TWC% Height,UVA% Area,UVA% Height,UVB% Area,UVB% Height,UVC% Area,UVC% Height,Purity Comments,Purity Result,Purity Value,Score (Frag),FIs Conf.,FIs Conf. %,FIs Eval.,Source,"Diff (Tgt, mDa)",Formula (Tgt),"Diff (Tgt, ppm)",RT (Tgt),RT Diff (Tgt),Score (Tgt),Flags (Tgt),Flag Severity (Tgt),Flag Severity Code (Tgt),Mass (Tgt),Sample Name,Sample Type,Instrument Name,Position,User Name,Acq Method,DA Method,IRM Calibration status
,,,,,,,,,,,,,,,,,,,,,,1,,,Cpd 1: 1.390,,,,,,,,,,,,,,,,,,,,,,,,,Find by Chromatogram Deconvolution,318756,,44.0000,,,,C:\Users\55129944\OneDrive - MMU (1)\PhD\Labs\TD_Markes_2022\Groupings\Categories\Plastic_Cups\PC_Sample_21_USSB_35_3.D,1.570,,,80420,,,2,Positive,,,,,,44.0000,,,1.390,,1.347,0.223,,,,,,,,,,,,,,,,,,,,,,,,,,,,,,,,,,,,,,,,,,Sample USSB_35 #3 Tube #829236 2022-08-03,,Demo Lab 8890 5977B,1,,Microplastics MMU (AN161) 28July.M,Deconvolution_2023-05-22.m,Success,
,,,,,,,,,,,,,,,,,,,,,,2,,,Cpd 2: 1.717,,,,,,,,,,,,,,,,,,,,,,,,,Find by Chromatogram Deconvolution,143378,,63.8500,,,,C:\Users\55129944\OneDrive - MMU (1)\PhD\Labs\TD_Markes_2022\Groupings\Categories\Plastic_Cups\PC_Sample_21_USSB_35_3.D,1.768,,,22359,,,7,Positive,,,,,,63.8500,,,1.717,,1.642,0.126,,,,,,,,,,,,,,,,,,,,,,,,,,,,,,,,,,,,,,,,,,Sample USSB_35 #3 Tube #829236 2022-08-03,,Demo Lab 8890 5977B,1,,Microplastics MMU (AN161) 28July.M,Deconvolution_2023-05-22.m,Success,
,,,,,,,,,,,,,,,,,,,,,,3,,,Cpd 3: 1.810,,,,,,,,,,,,,,,,,,,,,,,,,Find by Chromatogram Deconvolution,318865,,41.0000,,,,C:\Users\55129944\OneDrive - MMU (1)\PhD\Labs\TD_Markes_2022\Groupings\Categories\Plastic_Cups\PC_Sample_21_USSB_35_3.D,1.880,,,60179,,,14,Positive,,,,,,41.0000,,,1.810,,1.768,0.112,,,,,,,,,,,,,,,,,,,,,,,,,,,,,,,,,,,,,,,,,,Sample USSB_35 #3 Tube #829236 2022-08-03,,Demo Lab 8890 5977B,1,,Microplastics MMU (AN161) 28July.M,Deconvolution_2023-05-22.m,Success,
,,,,,,,,,,,,,,,,,,,,,,4,,,Cpd 4: 1.871,,,,,,,,,,,,,,,,,,,,,,,,,Find by Chromatogram Deconvolution,782043,,54.0500,,,,C:\Users\55129944\OneDrive - MMU (1)\PhD\Labs\TD_Markes_2022\Groupings\Categories\Plastic_Cups\PC_Sample_21_USSB_35_3.D,1.952,,,130920,,,11,Positive,,,,,,54.0500,,,1.871,,1.834,0.118,,,,,,,,,,,,,,,,,,,,,,,,,,,,,,,,,,,,,,,,,,Sample USSB_35 #3 Tube #829236 2022-08-03,,Demo Lab 8890 5977B,1,,Microplastics MMU (AN161) 28July.M,Deconvolution_2023-05-22.m,Success,
,,,,,,,,,,,,,,,,,,,,,,5,,,Cpd 5: 1.911,,,,,,,,,,,,,,,,,,,,,,,,,Find by Chromatogram Deconvolution,266463,,44.0000,,,,C:\Users\55129944\OneDrive - MMU (1)\PhD\Labs\TD_Markes_2022\Groupings\Categories\Plastic_Cups\PC_Sample_21_USSB_35_3.D,1.994,,,84465,,,6,Positive,,,,,,44.0000,,,1.911,,1.876,0.118,,,,,,,,,,,,,,,,,,,,,,,,,,,,,,,,,,,,,,,,,,Sample USSB_35 #3 Tube #829236 2022-08-03,,Demo Lab 8890 5977B,1,,Microplastics MMU (AN161) 28July.M,Deconvolution_2023-05-22.m,Success,
,,,,,,,,,,,,,,,,,,,,,,6,,,Cpd 6: 2.055,,,,,,,,,,,,,,,,,,,,,,,,,Find by Chromatogram Deconvolution,199790,,47.0000,,,,C:\Users\55129944\OneDrive - MMU (1)\PhD\Labs\TD_Markes_2022\Groupings\Categories\Plastic_Cups\PC_Sample_21_USSB_35_3.D,2.166,,,34209,,,7,Positive,,,,,,47.0000,,,2.055,,2.015,0.150,,,,,,,,,,,,,,,,,,,,,,,,,,,,,,,,,,,,,,,,,,Sample USSB_35 #3 Tube #829236 2022-08-03,,Demo Lab 8890 5977B,1,,Microplastics MMU (AN161) 28July.M,Deconvolution_2023-05-22.m,Success,
,,,,,,,,,,,,,,,,,,,,,,7,,,Cpd 7: 2.636,,,,,,,,,,,,,,,,,,,,,,,,,Find by Chromatogram Deconvolution,200977,,44.9400,,,,C:\Users\55129944\OneDrive - MMU (1)\PhD\Labs\TD_Markes_2022\Groupings\Categories\Plastic_Cups\PC_Sample_21_USSB_35_3.D,2.752,,,43297,,,8,Positive,,,,,,44.9400,,,2.636,,2.600,0.152,,,,,,,,,,,,,,,,,,,,,,,,,,,,,,,,,,,,,,,,,,Sample USSB_35 #3 Tube #829236 2022-08-03,,Demo Lab 8890 5977B,1,,Microplastics MMU (AN161) 28July.M,Deconvolution_2023-05-22.m,Success,
,,,,,,,,,,,,,,,,,,,,,,8,,,Cpd 8: 3.081,,,,,,,,,,,,,,,,,,,,,,,,,Find by Chromatogram Deconvolution,134305,,43.0100,,,,C:\Users\55129944\OneDrive - MMU (1)\PhD\Labs\TD_Markes_2022\Groupings\Categories\Plastic_Cups\PC_Sample_21_USSB_35_3.D,3.214,,,37087,,,4,Positive,,,,,,43.0100,,,3.081,,3.045,0.169,,,,,,,,,,,,,,,,,,,,,,,,,,,,,,,,,,,,,,,,,,Sample USSB_35 #3 Tube #829236 2022-08-03,,Demo Lab 8890 5977B,1,,Microplastics MMU (AN161) 28July.M,Deconvolution_2023-05-22.m,Success,
,,,,,,,,,,,,,,,,,,,,,,9,,,Cpd 9: 3.376,,,,,,,,,,,,,,,,,,,,,,,,,Find by Chromatogram Deconvolution,193592,,41.0000,,,,C:\Users\55129944\OneDrive - MMU (1)\PhD\Labs\TD_Markes_2022\Groupings\Categories\Plastic_Cups\PC_Sample_21_USSB_35_3.D,3.507,,,34331,,,8,Positive,,,,,,41.0000,,,3.376,,3.330,0.177,,,,,,,,,,,,,,,,,,,,,,,,,,,,,,,,,,,,,,,,,,Sample USSB_35 #3 Tube #829236 2022-08-03,,Demo Lab 8890 5977B,1,,Microplastics MMU (AN161) 28July.M,Deconvolution_2023-05-22.m,Success,
,,,,,,,,,,,,,,,,,,,,,,10,,,Cpd 10: 7.604,,,,,,,,,,,,,,,,,,,,,,,,,Find by Chromatogram Deconvolution,286114,,56.0200,,,,C:\Users\55129944\OneDrive - MMU (1)\PhD\Labs\TD_Markes_2022\Groupings\Categories\Plastic_Cups\PC_Sample_21_USSB_35_3.D,7.765,,,15804,,,8,Positive,,,,,,56.0200,,,7.604,,7.486,0.280,,,,,,,,,,,,,,,,,,,,,,,,,,,,,,,,,,,,,,,,,,Sample USSB_35 #3 Tube #829236 2022-08-03,,Demo Lab 8890 5977B,1,,Microplastics MMU (AN161) 28July.M,Deconvolution_2023-05-22.m,Success,
,,,,,,,,,,,,,,,,,,,,,,11,,,Cpd 11: 8.369,,,,,,,,,,,,,,,,,,,,,,,,,Find by Chromatogram Deconvolution,238104,,78.0500,,,,C:\Users\55129944\OneDrive - MMU (1)\PhD\Labs\TD_Markes_2022\Groupings\Categories\Plastic_Cups\PC_Sample_21_USSB_35_3.D,8.513,,,15390,,,8,Positive,,,,,,78.0500,,,8.369,,8.247,0.266,,,,,,,,,,,,,,,,,,,,,,,,,,,,,,,,,,,,,,,,,,Sample USSB_35 #3 Tube #829236 2022-08-03,,Demo Lab 8890 5977B,1,,Microplastics MMU (AN161) 28July.M,Deconvolution_2023-05-22.m,Success,
,,,,,,,,,,,,,,,,,,,,,,12,,,Cpd 12: 10.233,,,,,,,,,,,,,,,,,,,,,,,,,Find by Chromatogram Deconvolution,328723,,43.0100,,,,C:\Users\55129944\OneDrive - MMU (1)\PhD\Labs\TD_Markes_2022\Groupings\Categories\Plastic_Cups\PC_Sample_21_USSB_35_3.D,10.705,,,17367,,,4,Positive,,,,,,43.0100,,,10.233,,10.187,0.517,,,,,,,,,,,,,,,,,,,,,,,,,,,,,,,,,,,,,,,,,,Sample USSB_35 #3 Tube #829236 2022-08-03,,Demo Lab 8890 5977B,1,,Microplastics MMU (AN161) 28July.M,Deconvolution_2023-05-22.m,Success,
,,,,,,,,,,,,,,,,,,,,,,13,,,Cpd 13: 13.437,,,,,,,,,,,,,,,,,,,,,,,,,Find by Chromatogram Deconvolution,4009558,,98.0700,,,,C:\Users\55129944\OneDrive - MMU (1)\PhD\Labs\TD_Markes_2022\Groupings\Categories\Plastic_Cups\PC_Sample_21_USSB_35_3.D,13.551,,,856004,,,11,Positive,,,,,,98.0700,,,13.437,,13.387,0.164,,,,,,,,,,,,,,,,,,,,,,,,,,,,,,,,,,,,,,,,,,Sample USSB_35 #3 Tube #829236 2022-08-03,,Demo Lab 8890 5977B,1,,Microplastics MMU (AN161) 28July.M,Deconvolution_2023-05-22.m,Success,
,,,,,,,,,,,,,,,,,,,,,,14,,,Cpd 14: 13.546,,,,,,,,,,,,,,,,,,,,,,,,,Find by Chromatogram Deconvolution,524040,,91.0600,,,,C:\Users\55129944\OneDrive - MMU (1)\PhD\Labs\TD_Markes_2022\Groupings\Categories\Plastic_Cups\PC_Sample_21_USSB_35_3.D,13.617,,,108067,,,15,Positive,,,,,,91.0600,,,13.546,,13.494,0.124,,,,,,,,,,,,,,,,,,,,,,,,,,,,,,,,,,,,,,,,,,Sample USSB_35 #3 Tube #829236 2022-08-03,,Demo Lab 8890 5977B,1,,Microplastics MMU (AN161) 28July.M,Deconvolution_2023-05-22.m,Success,
,,,,,,,,,,,,,,,,,,,,,,15,,,Cpd 15: 14.436,,,,,,,,,,,,,,,,,,,,,,,,,Find by Chromatogram Deconvolution,588369,,207.0300,,,,C:\Users\55129944\OneDrive - MMU (1)\PhD\Labs\TD_Markes_2022\Groupings\Categories\Plastic_Cups\PC_Sample_21_USSB_35_3.D,14.498,,,95619,,,30,Positive,,,,,,207.0300,,,14.436,,14.380,0.118,,,,,,,,,,,,,,,,,,,,,,,,,,,,,,,,,,,,,,,,,,Sample USSB_35 #3 Tube #829236 2022-08-03,,Demo Lab 8890 5977B,1,,Microplastics MMU (AN161) 28July.M,Deconvolution_2023-05-22.m,Success,
,,,,,,,,,,,,,,,,,,,,,,16,,,Cpd 16: 14.757,,,,,,,,,,,,,,,,,,,,,,,,,Find by Chromatogram Deconvolution,174490,,55.0100,,,,C:\Users\55129944\OneDrive - MMU (1)\PhD\Labs\TD_Markes_2022\Groupings\Categories\Plastic_Cups\PC_Sample_21_USSB_35_3.D,14.831,,,24801,,,12,Positive,,,,,,55.0100,,,14.757,,14.662,0.169,,,,,,,,,,,,,,,,,,,,,,,,,,,,,,,,,,,,,,,,,,Sample USSB_35 #3 Tube #829236 2022-08-03,,Demo Lab 8890 5977B,1,,Microplastics MMU (AN161) 28July.M,Deconvolution_2023-05-22.m,Success,
,,,,,,,,,,,,,,,,,,,,,,17,,,Cpd 17: 14.991,,,,,,,,,,,,,,,,,,,,,,,,,Find by Chromatogram Deconvolution,2378975,,79.0200,,,,C:\Users\55129944\OneDrive - MMU (1)\PhD\Labs\TD_Markes_2022\Groupings\Categories\Plastic_Cups\PC_Sample_21_USSB_35_3.D,15.058,,,218812,,,26,Positive,,,,,,79.0200,,,14.991,,14.945,0.112,,,,,,,,,,,,,,,,,,,,,,,,,,,,,,,,,,,,,,,,,,Sample USSB_35 #3 Tube #829236 2022-08-03,,Demo Lab 8890 5977B,1,,Microplastics MMU (AN161) 28July.M,Deconvolution_2023-05-22.m,Success,
,,,,,,,,,,,,,,,,,,,,,,18,,,Cpd 18: 15.700,,,,,,,,,,,,,,,,,,,,,,,,,Find by Chromatogram Deconvolution,364543,,91.0600,,,,C:\Users\55129944\OneDrive - MMU (1)\PhD\Labs\TD_Markes_2022\Groupings\Categories\Plastic_Cups\PC_Sample_21_USSB_35_3.D,15.782,,,96472,,,19,Positive,,,,,,91.0600,,,15.700,,15.661,0.122,,,,,,,,,,,,,,,,,,,,,,,,,,,,,,,,,,,,,,,,,,Sample USSB_35 #3 Tube #829236 2022-08-03,,Demo Lab 8890 5977B,1,,Microplastics MMU (AN161) 28July.M,Deconvolution_2023-05-22.m,Success,
,,,,,,,,,,,,,,,,,,,,,,19,,,Cpd 19: 15.781,,,,,,,,,,,,,,,,,,,,,,,,,Find by Chromatogram Deconvolution,147665,,95.9900,,,,C:\Users\55129944\OneDrive - MMU (1)\PhD\Labs\TD_Markes_2022\Groupings\Categories\Plastic_Cups\PC_Sample_21_USSB_35_3.D,15.868,,,24526,,,14,Positive,,,,,,95.9900,,,15.781,,15.741,0.127,,,,,,,,,,,,,,,,,,,,,,,,,,,,,,,,,,,,,,,,,,Sample USSB_35 #3 Tube #829236 2022-08-03,,Demo Lab 8890 5977B,1,,Microplastics MMU (AN161) 28July.M,Deconvolution_2023-05-22.m,Success,
,,,,,,,,,,,,,,,,,,,,,,20,,,Cpd 20: 16.341,,,,,,,,,,,,,,,,,,,,,,,,,Find by Chromatogram Deconvolution,12178770,,104.1000,,,,C:\Users\55129944\OneDrive - MMU (1)\PhD\Labs\TD_Markes_2022\Groupings\Categories\Plastic_Cups\PC_Sample_21_USSB_35_3.D,16.424,,,2711830,,,15,Positive,,,,,,104.1000,,,16.341,,16.300,0.124,,,,,,,,,,,,,,,,,,,,,,,,,,,,,,,,,,,,,,,,,,Sample USSB_35 #3 Tube #829236 2022-08-03,,Demo Lab 8890 5977B,1,,Microplastics MMU (AN161) 28July.M,Deconvolution_2023-05-22.m,Success,
,,,,,,,,,,,,,,,,,,,,,,21,,,Cpd 21: 16.773,,,,,,,,,,,,,,,,,,,,,,,,,Find by Chromatogram Deconvolution,145020,,104.9700,,,,C:\Users\55129944\OneDrive - MMU (1)\PhD\Labs\TD_Markes_2022\Groupings\Categories\Plastic_Cups\PC_Sample_21_USSB_35_3.D,16.827,,,36892,,,16,Positive,,,,,,104.9700,,,16.773,,16.734,0.093,,,,,,,,,,,,,,,,,,,,,,,,,,,,,,,,,,,,,,,,,,Sample USSB_35 #3 Tube #829236 2022-08-03,,Demo Lab 8890 5977B,1,,Microplastics MMU (AN161) 28July.M,Deconvolution_2023-05-22.m,Success,
,,,,,,,,,,,,,,,,,,,,,,22,,,Cpd 22: 17.687,,,,,,,,,,,,,,,,,,,,,,,,,Find by Chromatogram Deconvolution,288845,,55.0100,,,,C:\Users\55129944\OneDrive - MMU (1)\PhD\Labs\TD_Markes_2022\Groupings\Categories\Plastic_Cups\PC_Sample_21_USSB_35_3.D,17.770,,,38235,,,28,Positive,,,,,,55.0100,,,17.687,,17.648,0.122,,,,,,,,,,,,,,,,,,,,,,,,,,,,,,,,,,,,,,,,,,Sample USSB_35 #3 Tube #829236 2022-08-03,,Demo Lab 8890 5977B,1,,Microplastics MMU (AN161) 28July.M,Deconvolution_2023-05-22.m,Success,
,,,,,,,,,,,,,,,,,,,,,,23,,,Cpd 23: 17.791,,,,,,,,,,,,,,,,,,,,,,,,,Find by Chromatogram Deconvolution,175011,,105.9500,,,,C:\Users\55129944\OneDrive - MMU (1)\PhD\Labs\TD_Markes_2022\Groupings\Categories\Plastic_Cups\PC_Sample_21_USSB_35_3.D,17.863,,,22513,,,17,Positive,,,,,,105.9500,,,17.791,,17.758,0.105,,,,,,,,,,,,,,,,,,,,,,,,,,,,,,,,,,,,,,,,,,Sample USSB_35 #3 Tube #829236 2022-08-03,,Demo Lab 8890 5977B,1,,Microplastics MMU (AN161) 28July.M,Deconvolution_2023-05-22.m,Success,
,,,,,,,,,,,,,,,,,,,,,,24,,,Cpd 24: 18.457,,,,,,,,,,,,,,,,,,,,,,,,,Find by Chromatogram Deconvolution,164132,,57.0700,,,,C:\Users\55129944\OneDrive - MMU (1)\PhD\Labs\TD_Markes_2022\Groupings\Categories\Plastic_Cups\PC_Sample_21_USSB_35_3.D,18.539,,,28585,,,15,Positive,,,,,,57.0700,,,18.457,,18.400,0.139,,,,,,,,,,,,,,,,,,,,,,,,,,,,,,,,,,,,,,,,,,Sample USSB_35 #3 Tube #829236 2022-08-03,,Demo Lab 8890 5977B,1,,Microplastics MMU (AN161) 28July.M,Deconvolution_2023-05-22.m,Success,
,,,,,,,,,,,,,,,,,,,,,,25,,,Cpd 25: 18.633,,,,,,,,,,,,,,,,,,,,,,,,,Find by Chromatogram Deconvolution,193696,,93.9600,,,,C:\Users\55129944\OneDrive - MMU (1)\PhD\Labs\TD_Markes_2022\Groupings\Categories\Plastic_Cups\PC_Sample_21_USSB_35_3.D,18.704,,,46869,,,19,Positive,,,,,,93.9600,,,18.633,,18.600,0.105,,,,,,,,,,,,,,,,,,,,,,,,,,,,,,,,,,,,,,,,,,Sample USSB_35 #3 Tube #829236 2022-08-03,,Demo Lab 8890 5977B,1,,Microplastics MMU (AN161) 28July.M,Deconvolution_2023-05-22.m,Success,
,,,,,,,,,,,,,,,,,,,,,,26,,,Cpd 26: 19.191,,,,,,,,,,,,,,,,,,,,,,,,,Find by Chromatogram Deconvolution,147717,,104.9700,,,,C:\Users\55129944\OneDrive - MMU (1)\PhD\Labs\TD_Markes_2022\Groupings\Categories\Plastic_Cups\PC_Sample_21_USSB_35_3.D,19.283,,,19634,,,18,Positive,,,,,,104.9700,,,19.191,,19.127,0.156,,,,,,,,,,,,,,,,,,,,,,,,,,,,,,,,,,,,,,,,,,Sample USSB_35 #3 Tube #829236 2022-08-03,,Demo Lab 8890 5977B,1,,Microplastics MMU (AN161) 28July.M,Deconvolution_2023-05-22.m,Success,
,,,,,,,,,,,,,,,,,,,,,,27,,,Cpd 27: 19.334,,,,,,,,,,,,,,,,,,,,,,,,,Find by Chromatogram Deconvolution,640409,,57.0700,,,,C:\Users\55129944\OneDrive - MMU (1)\PhD\Labs\TD_Markes_2022\Groupings\Categories\Plastic_Cups\PC_Sample_21_USSB_35_3.D,19.413,,,31339,,,43,Positive,,,,,,57.0700,,,19.334,,19.283,0.129,,,,,,,,,,,,,,,,,,,,,,,,,,,,,,,,,,,,,,,,,,Sample USSB_35 #3 Tube #829236 2022-08-03,,Demo Lab 8890 5977B,1,,Microplastics MMU (AN161) 28July.M,Deconvolution_2023-05-22.m,Success,
,,,,,,,,,,,,,,,,,,,,,,28,,,Cpd 28: 19.459,,,,,,,,,,,,,,,,,,,,,,,,,Find by Chromatogram Deconvolution,171702,,56.0200,,,,C:\Users\55129944\OneDrive - MMU (1)\PhD\Labs\TD_Markes_2022\Groupings\Categories\Plastic_Cups\PC_Sample_21_USSB_35_3.D,19.556,,,8853,,,29,Positive,,,,,,56.0200,,,19.459,,19.411,0.145,,,,,,,,,,,,,,,,,,,,,,,,,,,,,,,,,,,,,,,,,,Sample USSB_35 #3 Tube #829236 2022-08-03,,Demo Lab 8890 5977B,1,,Microplastics MMU (AN161) 28July.M,Deconvolution_2023-05-22.m,Success,
,,,,,,,,,,,,,,,,,,,,,,29,,,Cpd 29: 19.842,,,,,,,,,,,,,,,,,,,,,,,,,Find by Chromatogram Deconvolution,199407,,91.0600,,,,C:\Users\55129944\OneDrive - MMU (1)\PhD\Labs\TD_Markes_2022\Groupings\Categories\Plastic_Cups\PC_Sample_21_USSB_35_3.D,19.895,,,11079,,,26,Positive,,,,,,91.0600,,,19.842,,19.756,0.139,,,,,,,,,,,,,,,,,,,,,,,,,,,,,,,,,,,,,,,,,,Sample USSB_35 #3 Tube #829236 2022-08-03,,Demo Lab 8890 5977B,1,,Microplastics MMU (AN161) 28July.M,Deconvolution_2023-05-22.m,Success,
,,,,,,,,,,,,,,,,,,,,,,30,,,Cpd 30: 19.912,,,,,,,,,,,,,,,,,,,,,,,,,Find by Chromatogram Deconvolution,155698,,69.0200,,,,C:\Users\55129944\OneDrive - MMU (1)\PhD\Labs\TD_Markes_2022\Groupings\Categories\Plastic_Cups\PC_Sample_21_USSB_35_3.D,19.973,,,7105,,,33,Positive,,,,,,69.0200,,,19.912,,19.868,0.105,,,,,,,,,,,,,,,,,,,,,,,,,,,,,,,,,,,,,,,,,,Sample USSB_35 #3 Tube #829236 2022-08-03,,Demo Lab 8890 5977B,1,,Microplastics MMU (AN161) 28July.M,Deconvolution_2023-05-22.m,Success,
,,,,,,,,,,,,,,,,,,,,,,31,,,Cpd 31: 20.139,,,,,,,,,,,,,,,,,,,,,,,,,Find by Chromatogram Deconvolution,166483,,79.0200,,,,C:\Users\55129944\OneDrive - MMU (1)\PhD\Labs\TD_Markes_2022\Groupings\Categories\Plastic_Cups\PC_Sample_21_USSB_35_3.D,20.173,,,12280,,,27,Positive,,,,,,79.0200,,,20.139,,20.096,0.076,,,,,,,,,,,,,,,,,,,,,,,,,,,,,,,,,,,,,,,,,,Sample USSB_35 #3 Tube #829236 2022-08-03,,Demo Lab 8890 5977B,1,,Microplastics MMU (AN161) 28July.M,Deconvolution_2023-05-22.m,Success,
,,,,,,,,,,,,,,,,,,,,,,32,,,Cpd 32: 20.398,,,,,,,,,,,,,,,,,,,,,,,,,Find by Chromatogram Deconvolution,130608,,99.0300,,,,C:\Users\55129944\OneDrive - MMU (1)\PhD\Labs\TD_Markes_2022\Groupings\Categories\Plastic_Cups\PC_Sample_21_USSB_35_3.D,20.481,,,30281,,,12,Positive,,,,,,99.0300,,,20.398,,20.361,0.120,,,,,,,,,,,,,,,,,,,,,,,,,,,,,,,,,,,,,,,,,,Sample USSB_35 #3 Tube #829236 2022-08-03,,Demo Lab 8890 5977B,1,,Microplastics MMU (AN161) 28July.M,Deconvolution_2023-05-22.m,Success,
,,,,,,,,,,,,,,,,,,,,,,33,,,Cpd 33: 20.647,,,,,,,,,,,,,,,,,,,,,,,,,Find by Chromatogram Deconvolution,193578,,92.1000,,,,C:\Users\55129944\OneDrive - MMU (1)\PhD\Labs\TD_Markes_2022\Groupings\Categories\Plastic_Cups\PC_Sample_21_USSB_35_3.D,20.678,,,47438,,,23,Positive,,,,,,92.1000,,,20.647,,20.613,0.065,,,,,,,,,,,,,,,,,,,,,,,,,,,,,,,,,,,,,,,,,,Sample USSB_35 #3 Tube #829236 2022-08-03,,Demo Lab 8890 5977B,1,,Microplastics MMU (AN161) 28July.M,Deconvolution_2023-05-22.m,Success,
,,,,,,,,,,,,,,,,,,,,,,34,,,Cpd 34: 20.725,,,,,,,,,,,,,,,,,,,,,,,,,Find by Chromatogram Deconvolution,138777,,56.0200,,,,C:\Users\55129944\OneDrive - MMU (1)\PhD\Labs\TD_Markes_2022\Groupings\Categories\Plastic_Cups\PC_Sample_21_USSB_35_3.D,20.780,,,8030,,,26,Positive,,,,,,56.0200,,,20.725,,20.670,0.111,,,,,,,,,,,,,,,,,,,,,,,,,,,,,,,,,,,,,,,,,,Sample USSB_35 #3 Tube #829236 2022-08-03,,Demo Lab 8890 5977B,1,,Microplastics MMU (AN161) 28July.M,Deconvolution_2023-05-22.m,Success,
,,,,,,,,,,,,,,,,,,,,,,35,,,Cpd 35: 20.946,,,,,,,,,,,,,,,,,,,,,,,,,Find by Chromatogram Deconvolution,206725,,56.0200,,,,C:\Users\55129944\OneDrive - MMU (1)\PhD\Labs\TD_Markes_2022\Groupings\Categories\Plastic_Cups\PC_Sample_21_USSB_35_3.D,20.988,,,11317,,,41,Positive,,,,,,56.0200,,,20.946,,20.902,0.086,,,,,,,,,,,,,,,,,,,,,,,,,,,,,,,,,,,,,,,,,,Sample USSB_35 #3 Tube #829236 2022-08-03,,Demo Lab 8890 5977B,1,,Microplastics MMU (AN161) 28July.M,Deconvolution_2023-05-22.m,Success,
,,,,,,,,,,,,,,,,,,,,,,36,,,Cpd 36: 20.999,,,,,,,,,,,,,,,,,,,,,,,,,Find by Chromatogram Deconvolution,566662,,79.0200,,,,C:\Users\55129944\OneDrive - MMU (1)\PhD\Labs\TD_Markes_2022\Groupings\Categories\Plastic_Cups\PC_Sample_21_USSB_35_3.D,21.078,,,24294,,,47,Positive,,,,,,79.0200,,,20.999,,20.946,0.131,,,,,,,,,,,,,,,,,,,,,,,,,,,,,,,,,,,,,,,,,,Sample USSB_35 #3 Tube #829236 2022-08-03,,Demo Lab 8890 5977B,1,,Microplastics MMU (AN161) 28July.M,Deconvolution_2023-05-22.m,Success,
,,,,,,,,,,,,,,,,,,,,,,37,,,Cpd 37: 21.038,,,,,,,,,,,,,,,,,,,,,,,,,Find by Chromatogram Deconvolution,147385,,79.0200,,,,C:\Users\55129944\OneDrive - MMU (1)\PhD\Labs\TD_Markes_2022\Groupings\Categories\Plastic_Cups\PC_Sample_21_USSB_35_3.D,21.110,,,12631,,,24,Positive,,,,,,79.0200,,,21.038,,21.013,0.097,,,,,,,,,,,,,,,,,,,,,,,,,,,,,,,,,,,,,,,,,,Sample USSB_35 #3 Tube #829236 2022-08-03,,Demo Lab 8890 5977B,1,,Microplastics MMU (AN161) 28July.M,Deconvolution_2023-05-22.m,Success,
,,,,,,,,,,,,,,,,,,,,,,38,,,Cpd 38: 21.218,,,,,,,,,,,,,,,,,,,,,,,,,Find by Chromatogram Deconvolution,124491,,91.0600,,,,C:\Users\55129944\OneDrive - MMU (1)\PhD\Labs\TD_Markes_2022\Groupings\Categories\Plastic_Cups\PC_Sample_21_USSB_35_3.D,21.282,,,8988,,,24,Positive,,,,,,91.0600,,,21.218,,21.137,0.145,,,,,,,,,,,,,,,,,,,,,,,,,,,,,,,,,,,,,,,,,,Sample USSB_35 #3 Tube #829236 2022-08-03,,Demo Lab 8890 5977B,1,,Microplastics MMU (AN161) 28July.M,Deconvolution_2023-05-22.m,Success,
,,,,,,,,,,,,,,,,,,,,,,39,,,Cpd 39: 21.744,,,,,,,,,,,,,,,,,,,,,,,,,Find by Chromatogram Deconvolution,334781,,55.0100,,,,C:\Users\55129944\OneDrive - MMU (1)\PhD\Labs\TD_Markes_2022\Groupings\Categories\Plastic_Cups\PC_Sample_21_USSB_35_3.D,21.819,,,30593,,,29,Positive,,,,,,55.0100,,,21.744,,21.705,0.114,,,,,,,,,,,,,,,,,,,,,,,,,,,,,,,,,,,,,,,,,,Sample USSB_35 #3 Tube #829236 2022-08-03,,Demo Lab 8890 5977B,1,,Microplastics MMU (AN161) 28July.M,Deconvolution_2023-05-22.m,Success,
,,,,,,,,,,,,,,,,,,,,,,40,,,Cpd 40: 21.877,,,,,,,,,,,,,,,,,,,,,,,,,Find by Chromatogram Deconvolution,180741,,104.1000,,,,C:\Users\55129944\OneDrive - MMU (1)\PhD\Labs\TD_Markes_2022\Groupings\Categories\Plastic_Cups\PC_Sample_21_USSB_35_3.D,21.945,,,48389,,,24,Positive,,,,,,104.1000,,,21.877,,21.840,0.105,,,,,,,,,,,,,,,,,,,,,,,,,,,,,,,,,,,,,,,,,,Sample USSB_35 #3 Tube #829236 2022-08-03,,Demo Lab 8890 5977B,1,,Microplastics MMU (AN161) 28July.M,Deconvolution_2023-05-22.m,Success,
,,,,,,,,,,,,,,,,,,,,,,41,,,Cpd 41: 21.913,,,,,,,,,,,,,,,,,,,,,,,,,Find by Chromatogram Deconvolution,315178,,83.0300,,,,C:\Users\55129944\OneDrive - MMU (1)\PhD\Labs\TD_Markes_2022\Groupings\Categories\Plastic_Cups\PC_Sample_21_USSB_35_3.D,21.972,,,16354,,,31,Positive,,,,,,83.0300,,,21.913,,21.852,0.120,,,,,,,,,,,,,,,,,,,,,,,,,,,,,,,,,,,,,,,,,,Sample USSB_35 #3 Tube #829236 2022-08-03,,Demo Lab 8890 5977B,1,,Microplastics MMU (AN161) 28July.M,Deconvolution_2023-05-22.m,Success,
,,,,,,,,,,,,,,,,,,,,,,42,,,Cpd 42: 21.949,,,,,,,,,,,,,,,,,,,,,,,,,Find by Chromatogram Deconvolution,186192,,57.0700,,,,C:\Users\55129944\OneDrive - MMU (1)\PhD\Labs\TD_Markes_2022\Groupings\Categories\Plastic_Cups\PC_Sample_21_USSB_35_3.D,21.993,,,30796,,,20,Positive,,,,,,57.0700,,,21.949,,21.901,0.092,,,,,,,,,,,,,,,,,,,,,,,,,,,,,,,,,,,,,,,,,,Sample USSB_35 #3 Tube #829236 2022-08-03,,Demo Lab 8890 5977B,1,,Microplastics MMU (AN161) 28July.M,Deconvolution_2023-05-22.m,Success,
,,,,,,,,,,,,,,,,,,,,,,43,,,Cpd 43: 22.870,,,,,,,,,,,,,,,,,,,,,,,,,Find by Chromatogram Deconvolution,360313,,91.0600,,,,C:\Users\55129944\OneDrive - MMU (1)\PhD\Labs\TD_Markes_2022\Groupings\Categories\Plastic_Cups\PC_Sample_21_USSB_35_3.D,22.933,,,33641,,,31,Positive,,,,,,91.0600,,,22.870,,22.837,0.095,,,,,,,,,,,,,,,,,,,,,,,,,,,,,,,,,,,,,,,,,,Sample USSB_35 #3 Tube #829236 2022-08-03,,Demo Lab 8890 5977B,1,,Microplastics MMU (AN161) 28July.M,Deconvolution_2023-05-22.m,Success,
,,,,,,,,,,,,,,,,,,,,,,44,,,Cpd 44: 22.993,,,,,,,,,,,,,,,,,,,,,,,,,Find by Chromatogram Deconvolution,393809,,69.0200,,,,C:\Users\55129944\OneDrive - MMU (1)\PhD\Labs\TD_Markes_2022\Groupings\Categories\Plastic_Cups\PC_Sample_21_USSB_35_3.D,23.068,,,20804,,,36,Positive,,,,,,69.0200,,,22.993,,22.935,0.133,,,,,,,,,,,,,,,,,,,,,,,,,,,,,,,,,,,,,,,,,,Sample USSB_35 #3 Tube #829236 2022-08-03,,Demo Lab 8890 5977B,1,,Microplastics MMU (AN161) 28July.M,Deconvolution_2023-05-22.m,Success,
,,,,,,,,,,,,,,,,,,,,,,45,,,Cpd 45: 23.566,,,,,,,,,,,,,,,,,,,,,,,,,Find by Chromatogram Deconvolution,3782980,,191.0800,,,,C:\Users\55129944\OneDrive - MMU (1)\PhD\Labs\TD_Markes_2022\Groupings\Categories\Plastic_Cups\PC_Sample_21_USSB_35_3.D,23.648,,,1230998,,,17,Positive,,,,,,191.0800,,,23.566,,23.530,0.118,,,,,,,,,,,,,,,,,,,,,,,,,,,,,,,,,,,,,,,,,,Sample USSB_35 #3 Tube #829236 2022-08-03,,Demo Lab 8890 5977B,1,,Microplastics MMU (AN161) 28July.M,Deconvolution_2023-05-22.m,Success,
,,,,,,,,,,,,,,,,,,,,,,46,,,Cpd 46: 23.669,,,,,,,,,,,,,,,,,,,,,,,,,Find by Chromatogram Deconvolution,311042,,83.0300,,,,C:\Users\55129944\OneDrive - MMU (1)\PhD\Labs\TD_Markes_2022\Groupings\Categories\Plastic_Cups\PC_Sample_21_USSB_35_3.D,23.747,,,16351,,,29,Positive,,,,,,83.0300,,,23.669,,23.627,0.120,,,,,,,,,,,,,,,,,,,,,,,,,,,,,,,,,,,,,,,,,,Sample USSB_35 #3 Tube #829236 2022-08-03,,Demo Lab 8890 5977B,1,,Microplastics MMU (AN161) 28July.M,Deconvolution_2023-05-22.m,Success,
,,,,,,,,,,,,,,,,,,,,,,47,,,Cpd 47: 23.694,,,,,,,,,,,,,,,,,,,,,,,,,Find by Chromatogram Deconvolution,219483,,57.0700,,,,C:\Users\55129944\OneDrive - MMU (1)\PhD\Labs\TD_Markes_2022\Groupings\Categories\Plastic_Cups\PC_Sample_21_USSB_35_3.D,23.743,,,26982,,,23,Positive,,,,,,57.0700,,,23.694,,23.631,0.113,,,,,,,,,,,,,,,,,,,,,,,,,,,,,,,,,,,,,,,,,,Sample USSB_35 #3 Tube #829236 2022-08-03,,Demo Lab 8890 5977B,1,,Microplastics MMU (AN161) 28July.M,Deconvolution_2023-05-22.m,Success,
,,,,,,,,,,,,,,,,,,,,,,48,,,Cpd 48: 24.118,,,,,,,,,,,,,,,,,,,,,,,,,Find by Chromatogram Deconvolution,181732,,71.0600,,,,C:\Users\55129944\OneDrive - MMU (1)\PhD\Labs\TD_Markes_2022\Groupings\Categories\Plastic_Cups\PC_Sample_21_USSB_35_3.D,24.177,,,43660,,,26,Positive,,,,,,71.0600,,,24.118,,24.079,0.097,,,,,,,,,,,,,,,,,,,,,,,,,,,,,,,,,,,,,,,,,,Sample USSB_35 #3 Tube #829236 2022-08-03,,Demo Lab 8890 5977B,1,,Microplastics MMU (AN161) 28July.M,Deconvolution_2023-05-22.m,Success,
,,,,,,,,,,,,,,,,,,,,,,49,,,Cpd 49: 24.267,,,,,,,,,,,,,,,,,,,,,,,,,Find by Chromatogram Deconvolution,152494,,91.0600,,,,C:\Users\55129944\OneDrive - MMU (1)\PhD\Labs\TD_Markes_2022\Groupings\Categories\Plastic_Cups\PC_Sample_21_USSB_35_3.D,24.318,,,8717,,,29,Positive,,,,,,91.0600,,,24.267,,24.194,0.124,,,,,,,,,,,,,,,,,,,,,,,,,,,,,,,,,,,,,,,,,,Sample USSB_35 #3 Tube #829236 2022-08-03,,Demo Lab 8890 5977B,1,,Microplastics MMU (AN161) 28July.M,Deconvolution_2023-05-22.m,Success,
,,,,,,,,,,,,,,,,,,,,,,50,,,Cpd 50: 24.524,,,,,,,,,,,,,,,,,,,,,,,,,Find by Chromatogram Deconvolution,406182,,104.1000,,,,C:\Users\55129944\OneDrive - MMU (1)\PhD\Labs\TD_Markes_2022\Groupings\Categories\Plastic_Cups\PC_Sample_21_USSB_35_3.D,24.570,,,18656,,,54,Positive,,,,,,104.1000,,,24.524,,24.449,0.120,,,,,,,,,,,,,,,,,,,,,,,,,,,,,,,,,,,,,,,,,,Sample USSB_35 #3 Tube #829236 2022-08-03,,Demo Lab 8890 5977B,1,,Microplastics MMU (AN161) 28July.M,Deconvolution_2023-05-22.m,Success,
,,,,,,,,,,,,,,,,,,,,,,51,,,Cpd 51: 24.710,,,,,,,,,,,,,,,,,,,,,,,,,Find by Chromatogram Deconvolution,238558,,55.0100,,,,C:\Users\55129944\OneDrive - MMU (1)\PhD\Labs\TD_Markes_2022\Groupings\Categories\Plastic_Cups\PC_Sample_21_USSB_35_3.D,24.782,,,17203,,,32,Positive,,,,,,55.0100,,,24.710,,24.669,0.113,,,,,,,,,,,,,,,,,,,,,,,,,,,,,,,,,,,,,,,,,,Sample USSB_35 #3 Tube #829236 2022-08-03,,Demo Lab 8890 5977B,1,,Microplastics MMU (AN161) 28July.M,Deconvolution_2023-05-22.m,Success,
,,,,,,,,,,,,,,,,,,,,,,52,,,Cpd 52: 24.834,,,,,,,,,,,,,,,,,,,,,,,,,Find by Chromatogram Deconvolution,1708870,,92.1000,,,,C:\Users\55129944\OneDrive - MMU (1)\PhD\Labs\TD_Markes_2022\Groupings\Categories\Plastic_Cups\PC_Sample_21_USSB_35_3.D,24.919,,,261459,,,20,Positive,,,,,,92.1000,,,24.834,,24.791,0.128,,,,,,,,,,,,,,,,,,,,,,,,,,,,,,,,,,,,,,,,,,Sample USSB_35 #3 Tube #829236 2022-08-03,,Demo Lab 8890 5977B,1,,Microplastics MMU (AN161) 28July.M,Deconvolution_2023-05-22.m,Success,
,,,,,,,,,,,,,,,,,,,,,,53,,,Cpd 53: 25.123,,,,,,,,,,,,,,,,,,,,,,,,,Find by Chromatogram Deconvolution,928142,,205.1000,,,,C:\Users\55129944\OneDrive - MMU (1)\PhD\Labs\TD_Markes_2022\Groupings\Categories\Plastic_Cups\PC_Sample_21_USSB_35_3.D,25.198,,,209861,,,25,Positive,,,,,,205.1000,,,25.123,,25.079,0.118,,,,,,,,,,,,,,,,,,,,,,,,,,,,,,,,,,,,,,,,,,Sample USSB_35 #3 Tube #829236 2022-08-03,,Demo Lab 8890 5977B,1,,Microplastics MMU (AN161) 28July.M,Deconvolution_2023-05-22.m,Success,
,,,,,,,,,,,,,,,,,,,,,,54,,,Cpd 54: 25.200,,,,,,,,,,,,,,,,,,,,,,,,,Find by Chromatogram Deconvolution,239828,,97.0600,,,,C:\Users\55129944\OneDrive - MMU (1)\PhD\Labs\TD_Markes_2022\Groupings\Categories\Plastic_Cups\PC_Sample_21_USSB_35_3.D,25.339,,,10880,,,27,Positive,,,,,,97.0600,,,25.200,,25.160,0.179,,,,,,,,,,,,,,,,,,,,,,,,,,,,,,,,,,,,,,,,,,Sample USSB_35 #3 Tube #829236 2022-08-03,,Demo Lab 8890 5977B,1,,Microplastics MMU (AN161) 28July.M,Deconvolution_2023-05-22.m,Success,
,,,,,,,,,,,,,,,,,,,,,,55,,,Cpd 55: 25.327,,,,,,,,,,,,,,,,,,,,,,,,,Find by Chromatogram Deconvolution,757422,,104.1000,,,,C:\Users\55129944\OneDrive - MMU (1)\PhD\Labs\TD_Markes_2022\Groupings\Categories\Plastic_Cups\PC_Sample_21_USSB_35_3.D,25.406,,,238325,,,11,Positive,,,,,,104.1000,,,25.327,,25.278,0.128,,,,,,,,,,,,,,,,,,,,,,,,,,,,,,,,,,,,,,,,,,Sample USSB_35 #3 Tube #829236 2022-08-03,,Demo Lab 8890 5977B,1,,Microplastics MMU (AN161) 28July.M,Deconvolution_2023-05-22.m,Success,
,,,,,,,,,,,,,,,,,,,,,,56,,,Cpd 56: 25.487,,,,,,,,,,,,,,,,,,,,,,,,,Find by Chromatogram Deconvolution,1338249,,91.0600,,,,C:\Users\55129944\OneDrive - MMU (1)\PhD\Labs\TD_Markes_2022\Groupings\Categories\Plastic_Cups\PC_Sample_21_USSB_35_3.D,25.581,,,213334,,,28,Positive,,,,,,91.0600,,,25.487,,25.438,0.143,,,,,,,,,,,,,,,,,,,,,,,,,,,,,,,,,,,,,,,,,,Sample USSB_35 #3 Tube #829236 2022-08-03,,Demo Lab 8890 5977B,1,,Microplastics MMU (AN161) 28July.M,Deconvolution_2023-05-22.m,Success,
,,,,,,,,,,,,,,,,,,,,,,57,,,Cpd 57: 25.515,,,,,,,,,,,,,,,,,,,,,,,,,Find by Chromatogram Deconvolution,570476,,231.1200,,,,C:\Users\55129944\OneDrive - MMU (1)\PhD\Labs\TD_Markes_2022\Groupings\Categories\Plastic_Cups\PC_Sample_21_USSB_35_3.D,25.587,,,126266,,,21,Positive,,,,,,231.1200,,,25.515,,25.463,0.124,,,,,,,,,,,,,,,,,,,,,,,,,,,,,,,,,,,,,,,,,,Sample USSB_35 #3 Tube #829236 2022-08-03,,Demo Lab 8890 5977B,1,,Microplastics MMU (AN161) 28July.M,Deconvolution_2023-05-22.m,Success,
,,,,,,,,,,,,,,,,,,,,,,58,,,Cpd 58: 25.751,,,,,,,,,,,,,,,,,,,,,,,,,Find by Chromatogram Deconvolution,150057,,99.0300,,,,C:\Users\55129944\OneDrive - MMU (1)\PhD\Labs\TD_Markes_2022\Groupings\Categories\Plastic_Cups\PC_Sample_21_USSB_35_3.D,25.824,,,8987,,,26,Positive,,,,,,99.0300,,,25.751,,25.702,0.122,,,,,,,,,,,,,,,,,,,,,,,,,,,,,,,,,,,,,,,,,,Sample USSB_35 #3 Tube #829236 2022-08-03,,Demo Lab 8890 5977B,1,,Microplastics MMU (AN161) 28July.M,Deconvolution_2023-05-22.m,Success,
,,,,,,,,,,,,,,,,,,,,,,59,,,Cpd 59: 25.861,,,,,,,,,,,,,,,,,,,,,,,,,Find by Chromatogram Deconvolution,7545687,,104.1000,,,,C:\Users\55129944\OneDrive - MMU (1)\PhD\Labs\TD_Markes_2022\Groupings\Categories\Plastic_Cups\PC_Sample_21_USSB_35_3.D,25.963,,,2178430,,,15,Positive,,,,,,104.1000,,,25.861,,25.812,0.151,,,,,,,,,,,,,,,,,,,,,,,,,,,,,,,,,,,,,,,,,,Sample USSB_35 #3 Tube #829236 2022-08-03,,Demo Lab 8890 5977B,1,,Microplastics MMU (AN161) 28July.M,Deconvolution_2023-05-22.m,Success,
,,,,,,,,,,,,,,,,,,,,,,60,,,Cpd 60: 26.148,,,,,,,,,,,,,,,,,,,,,,,,,Find by Chromatogram Deconvolution,416247,,130.0300,,,,C:\Users\55129944\OneDrive - MMU (1)\PhD\Labs\TD_Markes_2022\Groupings\Categories\Plastic_Cups\PC_Sample_21_USSB_35_3.D,26.221,,,20798,,,44,Positive,,,,,,130.0300,,,26.148,,26.097,0.124,,,,,,,,,,,,,,,,,,,,,,,,,,,,,,,,,,,,,,,,,,Sample USSB_35 #3 Tube #829236 2022-08-03,,Demo Lab 8890 5977B,1,,Microplastics MMU (AN161) 28July.M,Deconvolution_2023-05-22.m,Success,
,,,,,,,,,,,,,,,,,,,,,,61,,,Cpd 61: 26.272,,,,,,,,,,,,,,,,,,,,,,,,,Find by Chromatogram Deconvolution,124606,,99.0300,,,,C:\Users\55129944\OneDrive - MMU (1)\PhD\Labs\TD_Markes_2022\Groupings\Categories\Plastic_Cups\PC_Sample_21_USSB_35_3.D,26.389,,,31767,,,6,Positive,,,,,,99.0300,,,26.272,,26.223,0.166,,,,,,,,,,,,,,,,,,,,,,,,,,,,,,,,,,,,,,,,,,Sample USSB_35 #3 Tube #829236 2022-08-03,,Demo Lab 8890 5977B,1,,Microplastics MMU (AN161) 28July.M,Deconvolution_2023-05-22.m,Success,
,,,,,,,,,,,,,,,,,,,,,,62,,,Cpd 62: 26.317,,,,,,,,,,,,,,,,,,,,,,,,,Find by Chromatogram Deconvolution,1982320,,97.0600,,,,C:\Users\55129944\OneDrive - MMU (1)\PhD\Labs\TD_Markes_2022\Groupings\Categories\Plastic_Cups\PC_Sample_21_USSB_35_3.D,26.414,,,70026,,,62,Positive,,,,,,97.0600,,,26.317,,26.257,0.157,,,,,,,,,,,,,,,,,,,,,,,,,,,,,,,,,,,,,,,,,,Sample USSB_35 #3 Tube #829236 2022-08-03,,Demo Lab 8890 5977B,1,,Microplastics MMU (AN161) 28July.M,Deconvolution_2023-05-22.m,Success,
,,,,,,,,,,,,,,,,,,,,,,63,,,Cpd 63: 26.476,,,,,,,,,,,,,,,,,,,,,,,,,Find by Chromatogram Deconvolution,138914,,206.0900,,,,C:\Users\55129944\OneDrive - MMU (1)\PhD\Labs\TD_Markes_2022\Groupings\Categories\Plastic_Cups\PC_Sample_21_USSB_35_3.D,26.544,,,7951,,,25,Positive,,,,,,206.0900,,,26.476,,26.416,0.128,,,,,,,,,,,,,,,,,,,,,,,,,,,,,,,,,,,,,,,,,,Sample USSB_35 #3 Tube #829236 2022-08-03,,Demo Lab 8890 5977B,1,,Microplastics MMU (AN161) 28July.M,Deconvolution_2023-05-22.m,Success,
,,,,,,,,,,,,,,,,,,,,,,64,,,Cpd 64: 27.272,,,,,,,,,,,,,,,,,,,,,,,,,Find by Chromatogram Deconvolution,611070,,57.9500,,,,C:\Users\55129944\OneDrive - MMU (1)\PhD\Labs\TD_Markes_2022\Groupings\Categories\Plastic_Cups\PC_Sample_21_USSB_35_3.D,27.364,,,39236,,,41,Positive,,,,,,57.9500,,,27.272,,27.204,0.160,,,,,,,,,,,,,,,,,,,,,,,,,,,,,,,,,,,,,,,,,,Sample USSB_35 #3 Tube #829236 2022-08-03,,Demo Lab 8890 5977B,1,,Microplastics MMU (AN161) 28July.M,Deconvolution_2023-05-22.m,Success,
,,,,,,,,,,,,,,,,,,,,,,65,,,Cpd 65: 27.589,,,,,,,,,,,,,,,,,,,,,,,,,Find by Chromatogram Deconvolution,241089,,142.0100,,,,C:\Users\55129944\OneDrive - MMU (1)\PhD\Labs\TD_Markes_2022\Groupings\Categories\Plastic_Cups\PC_Sample_21_USSB_35_3.D,27.757,,,10200,,,22,Positive,,,,,,142.0100,,,27.589,,27.395,0.363,,,,,,,,,,,,,,,,,,,,,,,,,,,,,,,,,,,,,,,,,,Sample USSB_35 #3 Tube #829236 2022-08-03,,Demo Lab 8890 5977B,1,,Microplastics MMU (AN161) 28July.M,Deconvolution_2023-05-22.m,Success,
,,,,,,,,,,,,,,,,,,,,,,66,,,Cpd 66: 27.696,,,,,,,,,,,,,,,,,,,,,,,,,Find by Chromatogram Deconvolution,1195029,,97.0600,,,,C:\Users\55129944\OneDrive - MMU (1)\PhD\Labs\TD_Markes_2022\Groupings\Categories\Plastic_Cups\PC_Sample_21_USSB_35_3.D,27.792,,,31966,,,59,Positive,,,,,,97.0600,,,27.696,,27.631,0.160,,,,,,,,,,,,,,,,,,,,,,,,,,,,,,,,,,,,,,,,,,Sample USSB_35 #3 Tube #829236 2022-08-03,,Demo Lab 8890 5977B,1,,Microplastics MMU (AN161) 28July.M,Deconvolution_2023-05-22.m,Success,
,,,,,,,,,,,,,,,,,,,,,,67,,,Cpd 67: 28.139,,,,,,,,,,,,,,,,,,,,,,,,,Find by Chromatogram Deconvolution,194825,,104.1000,,,,C:\Users\55129944\OneDrive - MMU (1)\PhD\Labs\TD_Markes_2022\Groupings\Categories\Plastic_Cups\PC_Sample_21_USSB_35_3.D,28.357,,,10073,,,9,Positive,,,,,,104.1000,,,28.139,,27.866,0.491,,,,,,,,,,,,,,,,,,,,,,,,,,,,,,,,,,,,,,,,,,Sample USSB_35 #3 Tube #829236 2022-08-03,,Demo Lab 8890 5977B,1,,Microplastics MMU (AN161) 28July.M,Deconvolution_2023-05-22.m,Success,
,,,,,,,,,,,,,,,,,,,,,,68,,,Cpd 68: 28.458,,,,,,,,,,,,,,,,,,,,,,,,,Find by Chromatogram Deconvolution,3275296,,72.9900,,,,C:\Users\55129944\OneDrive - MMU (1)\PhD\Labs\TD_Markes_2022\Groupings\Categories\Plastic_Cups\PC_Sample_21_USSB_35_3.D,28.670,,,74027,,,72,Positive,,,,,,72.9900,,,28.458,,28.386,0.284,,,,,,,,,,,,,,,,,,,,,,,,,,,,,,,,,,,,,,,,,,Sample USSB_35 #3 Tube #829236 2022-08-03,,Demo Lab 8890 5977B,1,,Microplastics MMU (AN161) 28July.M,Deconvolution_2023-05-22.m,Success,
,,,,,,,,,,,,,,,,,,,,,,69,,,Cpd 69: 28.720,,,,,,,,,,,,,,,,,,,,,,,,,Find by Chromatogram Deconvolution,237161,,193.0700,,,,C:\Users\55129944\OneDrive - MMU (1)\PhD\Labs\TD_Markes_2022\Groupings\Categories\Plastic_Cups\PC_Sample_21_USSB_35_3.D,28.725,,,42686,,,18,Positive,,,,,,193.0700,,,28.720,,28.700,0.025,,,,,,,,,,,,,,,,,,,,,,,,,,,,,,,,,,,,,,,,,,Sample USSB_35 #3 Tube #829236 2022-08-03,,Demo Lab 8890 5977B,1,,Microplastics MMU (AN161) 28July.M,Deconvolution_2023-05-22.m,Success,
,,,,,,,,,,,,,,,,,,,,,,70,,,Cpd 70: 28.732,,,,,,,,,,,,,,,,,,,,,,,,,Find by Chromatogram Deconvolution,276524,,193.0700,,,,C:\Users\55129944\OneDrive - MMU (1)\PhD\Labs\TD_Markes_2022\Groupings\Categories\Plastic_Cups\PC_Sample_21_USSB_35_3.D,28.735,,,42686,,,20,Positive,,,,,,193.0700,,,28.732,,28.729,0.006,,,,,,,,,,,,,,,,,,,,,,,,,,,,,,,,,,,,,,,,,,Sample USSB_35 #3 Tube #829236 2022-08-03,,Demo Lab 8890 5977B,1,,Microplastics MMU (AN161) 28July.M,Deconvolution_2023-05-22.m,Success,
,,,,,,,,,,,,,,,,,,,,,,71,,,Cpd 71: 28.742,,,,,,,,,,,,,,,,,,,,,,,,,Find by Chromatogram Deconvolution,198082,,165.0100,,,,C:\Users\55129944\OneDrive - MMU (1)\PhD\Labs\TD_Markes_2022\Groupings\Categories\Plastic_Cups\PC_Sample_21_USSB_35_3.D,28.763,,,11505,,,24,Positive,,,,,,165.0100,,,28.742,,28.630,0.134,,,,,,,,,,,,,,,,,,,,,,,,,,,,,,,,,,,,,,,,,,Sample USSB_35 #3 Tube #829236 2022-08-03,,Demo Lab 8890 5977B,1,,Microplastics MMU (AN161) 28July.M,Deconvolution_2023-05-22.m,Success,
,,,,,,,,,,,,,,,,,,,,,,72,,,Cpd 72: 28.762,,,,,,,,,,,,,,,,,,,,,,,,,Find by Chromatogram Deconvolution,7513554,,91.0600,,,,C:\Users\55129944\OneDrive - MMU (1)\PhD\Labs\TD_Markes_2022\Groupings\Categories\Plastic_Cups\PC_Sample_21_USSB_35_3.D,28.771,,,829762,,,11,Positive,,,,,,91.0600,,,28.762,,28.527,0.244,,,,,,,,,,,,,,,,,,,,,,,,,,,,,,,,,,,,,,,,,,Sample USSB_35 #3 Tube #829236 2022-08-03,,Demo Lab 8890 5977B,1,,Microplastics MMU (AN161) 28July.M,Deconvolution_2023-05-22.m,Success,
,,,,,,,,,,,,,,,,,,,,,,73,,,Cpd 73: 28.774,,,,,,,,,,,,,,,,,,,,,,,,,Find by Chromatogram Deconvolution,10661583,,91.0600,,,,C:\Users\55129944\OneDrive - MMU (1)\PhD\Labs\TD_Markes_2022\Groupings\Categories\Plastic_Cups\PC_Sample_21_USSB_35_3.D,29.042,,,852134,,,15,Positive,,,,,,91.0600,,,28.774,,28.515,0.527,,,,,,,,,,,,,,,,,,,,,,,,,,,,,,,,,,,,,,,,,,Sample USSB_35 #3 Tube #829236 2022-08-03,,Demo Lab 8890 5977B,1,,Microplastics MMU (AN161) 28July.M,Deconvolution_2023-05-22.m,Success,
,,,,,,,,,,,,,,,,,,,,,,74,,,Cpd 74: 28.785,,,,,,,,,,,,,,,,,,,,,,,,,Find by Chromatogram Deconvolution,1625672,,207.0300,,,,C:\Users\55129944\OneDrive - MMU (1)\PhD\Labs\TD_Markes_2022\Groupings\Categories\Plastic_Cups\PC_Sample_21_USSB_35_3.D,28.809,,,149988,,,22,Positive,,,,,,207.0300,,,28.785,,28.761,0.048,,,,,,,,,,,,,,,,,,,,,,,,,,,,,,,,,,,,,,,,,,Sample USSB_35 #3 Tube #829236 2022-08-03,,Demo Lab 8890 5977B,1,,Microplastics MMU (AN161) 28July.M,Deconvolution_2023-05-22.m,Success,
,,,,,,,,,,,,,,,,,,,,,,75,,,Cpd 75: 28.810,,,,,,,,,,,,,,,,,,,,,,,,,Find by Chromatogram Deconvolution,138771,,206.0900,,,,C:\Users\55129944\OneDrive - MMU (1)\PhD\Labs\TD_Markes_2022\Groupings\Categories\Plastic_Cups\PC_Sample_21_USSB_35_3.D,28.916,,,15408,,,21,Positive,,,,,,206.0900,,,28.810,,28.798,0.118,,,,,,,,,,,,,,,,,,,,,,,,,,,,,,,,,,,,,,,,,,Sample USSB_35 #3 Tube #829236 2022-08-03,,Demo Lab 8890 5977B,1,,Microplastics MMU (AN161) 28July.M,Deconvolution_2023-05-22.m,Success,
,,,,,,,,,,,,,,,,,,,,,,76,,,Cpd 76: 29.332,,,,,,,,,,,,,,,,,,,,,,,,,Find by Chromatogram Deconvolution,244848,,128.9800,,,,C:\Users\55129944\OneDrive - MMU (1)\PhD\Labs\TD_Markes_2022\Groupings\Categories\Plastic_Cups\PC_Sample_21_USSB_35_3.D,29.349,,,20881,,,22,Positive,,,,,,128.9800,,,29.332,,29.309,0.040,,,,,,,,,,,,,,,,,,,,,,,,,,,,,,,,,,,,,,,,,,Sample USSB_35 #3 Tube #829236 2022-08-03,,Demo Lab 8890 5977B,1,,Microplastics MMU (AN161) 28July.M,Deconvolution_2023-05-22.m,Success,
,,,,,,,,,,,,,,,,,,,,,,77,,,Cpd 77: 29.354,,,,,,,,,,,,,,,,,,,,,,,,,Find by Chromatogram Deconvolution,212325,,128.9800,,,,C:\Users\55129944\OneDrive - MMU (1)\PhD\Labs\TD_Markes_2022\Groupings\Categories\Plastic_Cups\PC_Sample_21_USSB_35_3.D,29.365,,,23058,,,23,Positive,,,,,,128.9800,,,29.354,,29.336,0.029,,,,,,,,,,,,,,,,,,,,,,,,,,,,,,,,,,,,,,,,,,Sample USSB_35 #3 Tube #829236 2022-08-03,,Demo Lab 8890 5977B,1,,Microplastics MMU (AN161) 28July.M,Deconvolution_2023-05-22.m,Success,
,,,,,,,,,,,,,,,,,,,,,,78,,,Cpd 78: 29.373,,,,,,,,,,,,,,,,,,,,,,,,,Find by Chromatogram Deconvolution,243439,,128.9800,,,,C:\Users\55129944\OneDrive - MMU (1)\PhD\Labs\TD_Markes_2022\Groupings\Categories\Plastic_Cups\PC_Sample_21_USSB_35_3.D,29.382,,,27158,,,27,Positive,,,,,,128.9800,,,29.373,,29.355,0.027,,,,,,,,,,,,,,,,,,,,,,,,,,,,,,,,,,,,,,,,,,Sample USSB_35 #3 Tube #829236 2022-08-03,,Demo Lab 8890 5977B,1,,Microplastics MMU (AN161) 28July.M,Deconvolution_2023-05-22.m,Success,
,,,,,,,,,,,,,,,,,,,,,,79,,,Cpd 79: 29.386,,,,,,,,,,,,,,,,,,,,,,,,,Find by Chromatogram Deconvolution,1040972,,91.0600,,,,C:\Users\55129944\OneDrive - MMU (1)\PhD\Labs\TD_Markes_2022\Groupings\Categories\Plastic_Cups\PC_Sample_21_USSB_35_3.D,29.407,,,60665,,,17,Positive,,,,,,91.0600,,,29.386,,29.378,0.029,,,,,,,,,,,,,,,,,,,,,,,,,,,,,,,,,,,,,,,,,,Sample USSB_35 #3 Tube #829236 2022-08-03,,Demo Lab 8890 5977B,1,,Microplastics MMU (AN161) 28July.M,Deconvolution_2023-05-22.m,Success,
,,,,,,,,,,,,,,,,,,,,,,80,,,Cpd 80: 29.407,,,,,,,,,,,,,,,,,,,,,,,,,Find by Chromatogram Deconvolution,413976,,128.9800,,,,C:\Users\55129944\OneDrive - MMU (1)\PhD\Labs\TD_Markes_2022\Groupings\Categories\Plastic_Cups\PC_Sample_21_USSB_35_3.D,29.420,,,27569,,,21,Positive,,,,,,128.9800,,,29.407,,29.389,0.031,,,,,,,,,,,,,,,,,,,,,,,,,,,,,,,,,,,,,,,,,,Sample USSB_35 #3 Tube #829236 2022-08-03,,Demo Lab 8890 5977B,1,,Microplastics MMU (AN161) 28July.M,Deconvolution_2023-05-22.m,Success,
,,,,,,,,,,,,,,,,,,,,,,81,,,Cpd 81: 29.426,,,,,,,,,,,,,,,,,,,,,,,,,Find by Chromatogram Deconvolution,187028,,179.9600,,,,C:\Users\55129944\OneDrive - MMU (1)\PhD\Labs\TD_Markes_2022\Groupings\Categories\Plastic_Cups\PC_Sample_21_USSB_35_3.D,29.431,,,12883,,,21,Positive,,,,,,179.9600,,,29.426,,29.420,0.011,,,,,,,,,,,,,,,,,,,,,,,,,,,,,,,,,,,,,,,,,,Sample USSB_35 #3 Tube #829236 2022-08-03,,Demo Lab 8890 5977B,1,,Microplastics MMU (AN161) 28July.M,Deconvolution_2023-05-22.m,Success,
,,,,,,,,,,,,,,,,,,,,,,82,,,Cpd 82: 29.437,,,,,,,,,,,,,,,,,,,,,,,,,Find by Chromatogram Deconvolution,880101,,41.0000,,,,C:\Users\55129944\OneDrive - MMU (1)\PhD\Labs\TD_Markes_2022\Groupings\Categories\Plastic_Cups\PC_Sample_21_USSB_35_3.D,29.456,,,22053,,,44,Positive,,,,,,41.0000,,,29.437,,29.431,0.025,,,,,,,,,,,,,,,,,,,,,,,,,,,,,,,,,,,,,,,,,,Sample USSB_35 #3 Tube #829236 2022-08-03,,Demo Lab 8890 5977B,1,,Microplastics MMU (AN161) 28July.M,Deconvolution_2023-05-22.m,Success,
,,,,,,,,,,,,,,,,,,,,,,83,,,Cpd 83: 29.447,,,,,,,,,,,,,,,,,,,,,,,,,Find by Chromatogram Deconvolution,1959262,,97.0600,,,,C:\Users\55129944\OneDrive - MMU (1)\PhD\Labs\TD_Markes_2022\Groupings\Categories\Plastic_Cups\PC_Sample_21_USSB_35_3.D,29.546,,,39450,,,62,Positive,,,,,,97.0600,,,29.447,,29.355,0.191,,,,,,,,,,,,,,,,,,,,,,,,,,,,,,,,,,,,,,,,,,Sample USSB_35 #3 Tube #829236 2022-08-03,,Demo Lab 8890 5977B,1,,Microplastics MMU (AN161) 28July.M,Deconvolution_2023-05-22.m,Success,
