Version 1

Score (Bio),"Diff (Bio, mDa)","Diff (Bio, ppm)",Uncertainty,Fit Score,Enzyme,Hits (Bioconfirm),Links,Seq Loc,Rule,Missed,Mods,Significance,Pred Mods,Sequence,Seq Name,Seq Type,Tgt Seq Mass,AGILENTID,CAS,Compound ID,Name,Cpd,HMP,KEGG,Label,LMP,METLIN,MPPID,NCBI ID,Notes,Swiss-Prot,Hits (DB),Mass (DB),"Diff (DB, mDa)",Formula (DB),"Diff (DB, ppm)",RT (DB),RT Diff (DB),Score (DB),Shared (DB),Unique (DB),"Diff (MFG, mDa)",Mass (MFG),Formula (MFG),"Diff (MFG, ppm)",Score (MFG),Tgt Hit Pos,Score Diff,Abund,Algorithm,Area,Avg Mass,Base Peak,Z Count,CE,MS/MS Count,File,End,Formula,FV,Height,ID Source,ID Techniques Applied,Ions,Polarity,Max Z,Min Z,Modified,Mass,Score,m/z,m/z (prod.),Score (MFE),RT,Saturated,Start,Width,Library,Score (Lib),Cpds/Group,Group,Std Dev,Vol %,Vol,Primary Base,Primary Note,ADC% Area,ADC% Height,EIC/TIC% Area,EIC/TIC% Height,TIC% Area,TIC% Height,TWC% Area,TWC% Height,UVA% Area,UVA% Height,UVB% Area,UVB% Height,UVC% Area,UVC% Height,Purity Comments,Purity Result,Purity Value,Score (Frag),FIs Conf.,FIs Conf. %,FIs Eval.,Source,"Diff (Tgt, mDa)",Formula (Tgt),"Diff (Tgt, ppm)",RT (Tgt),RT Diff (Tgt),Score (Tgt),Flags (Tgt),Flag Severity (Tgt),Flag Severity Code (Tgt),Mass (Tgt),Sample Name,Sample Type,Instrument Name,Position,User Name,Acq Method,DA Method,IRM Calibration status
,,,,,,,,,,,,,,,,,,,,,,1,,,Cpd 1: 1.374,,,,,,,,,,,,,,,,,,,,,,,,,Find by Chromatogram Deconvolution,364206,,44.0000,,,,C:\Users\55129944\OneDrive - MMU (1)\PhD\Labs\TD_Markes_2022\Groupings\Categories\Plastic_Cups\PC_Sample_8_USSB_31_2.D,1.602,,,79536,,,2,Positive,,,,,,44.0000,,,1.374,,1.328,0.274,,,,,,,,,,,,,,,,,,,,,,,,,,,,,,,,,,,,,,,,,,Sample USSB_31 #2 Tube #829238 2022-08-02,,Demo Lab 8890 5977B,1,,Microplastics MMU (AN161) 28July.M,Deconvolution_2023-05-22.m,Success,
,,,,,,,,,,,,,,,,,,,,,,2,,,Cpd 2: 1.643,,,,,,,,,,,,,,,,,,,,,,,,,Find by Chromatogram Deconvolution,129687,,63.8400,,,,C:\Users\55129944\OneDrive - MMU (1)\PhD\Labs\TD_Markes_2022\Groupings\Categories\Plastic_Cups\PC_Sample_8_USSB_31_2.D,1.805,,,24832,,,4,Positive,,,,,,63.8400,,,1.643,,1.592,0.213,,,,,,,,,,,,,,,,,,,,,,,,,,,,,,,,,,,,,,,,,,Sample USSB_31 #2 Tube #829238 2022-08-02,,Demo Lab 8890 5977B,1,,Microplastics MMU (AN161) 28July.M,Deconvolution_2023-05-22.m,Success,
,,,,,,,,,,,,,,,,,,,,,,3,,,Cpd 3: 1.792,,,,,,,,,,,,,,,,,,,,,,,,,Find by Chromatogram Deconvolution,187244,,41.0100,,,,C:\Users\55129944\OneDrive - MMU (1)\PhD\Labs\TD_Markes_2022\Groupings\Categories\Plastic_Cups\PC_Sample_8_USSB_31_2.D,1.859,,,33959,,,11,Positive,,,,,,41.0100,,,1.792,,1.750,0.108,,,,,,,,,,,,,,,,,,,,,,,,,,,,,,,,,,,,,,,,,,Sample USSB_31 #2 Tube #829238 2022-08-02,,Demo Lab 8890 5977B,1,,Microplastics MMU (AN161) 28July.M,Deconvolution_2023-05-22.m,Success,
,,,,,,,,,,,,,,,,,,,,,,4,,,Cpd 4: 1.851,,,,,,,,,,,,,,,,,,,,,,,,,Find by Chromatogram Deconvolution,458852,,54.0400,,,,C:\Users\55129944\OneDrive - MMU (1)\PhD\Labs\TD_Markes_2022\Groupings\Categories\Plastic_Cups\PC_Sample_8_USSB_31_2.D,1.925,,,80350,,,11,Positive,,,,,,54.0400,,,1.851,,1.813,0.112,,,,,,,,,,,,,,,,,,,,,,,,,,,,,,,,,,,,,,,,,,Sample USSB_31 #2 Tube #829238 2022-08-02,,Demo Lab 8890 5977B,1,,Microplastics MMU (AN161) 28July.M,Deconvolution_2023-05-22.m,Success,
,,,,,,,,,,,,,,,,,,,,,,5,,,Cpd 5: 1.891,,,,,,,,,,,,,,,,,,,,,,,,,Find by Chromatogram Deconvolution,243262,,44.0000,,,,C:\Users\55129944\OneDrive - MMU (1)\PhD\Labs\TD_Markes_2022\Groupings\Categories\Plastic_Cups\PC_Sample_8_USSB_31_2.D,1.967,,,77991,,,5,Positive,,,,,,44.0000,,,1.891,,1.857,0.110,,,,,,,,,,,,,,,,,,,,,,,,,,,,,,,,,,,,,,,,,,Sample USSB_31 #2 Tube #829238 2022-08-02,,Demo Lab 8890 5977B,1,,Microplastics MMU (AN161) 28July.M,Deconvolution_2023-05-22.m,Success,
,,,,,,,,,,,,,,,,,,,,,,6,,,Cpd 6: 3.355,,,,,,,,,,,,,,,,,,,,,,,,,Find by Chromatogram Deconvolution,164967,,41.0100,,,,C:\Users\55129944\OneDrive - MMU (1)\PhD\Labs\TD_Markes_2022\Groupings\Categories\Plastic_Cups\PC_Sample_8_USSB_31_2.D,3.495,,,30333,,,5,Positive,,,,,,41.0100,,,3.355,,3.314,0.181,,,,,,,,,,,,,,,,,,,,,,,,,,,,,,,,,,,,,,,,,,Sample USSB_31 #2 Tube #829238 2022-08-02,,Demo Lab 8890 5977B,1,,Microplastics MMU (AN161) 28July.M,Deconvolution_2023-05-22.m,Success,
,,,,,,,,,,,,,,,,,,,,,,7,,,Cpd 7: 6.084,,,,,,,,,,,,,,,,,,,,,,,,,Find by Chromatogram Deconvolution,191429,,131.8400,,,,C:\Users\55129944\OneDrive - MMU (1)\PhD\Labs\TD_Markes_2022\Groupings\Categories\Plastic_Cups\PC_Sample_8_USSB_31_2.D,6.181,,,30547,,,11,Positive,,,,,,131.8400,,,6.084,,5.989,0.192,,,,,,,,,,,,,,,,,,,,,,,,,,,,,,,,,,,,,,,,,,Sample USSB_31 #2 Tube #829238 2022-08-02,,Demo Lab 8890 5977B,1,,Microplastics MMU (AN161) 28July.M,Deconvolution_2023-05-22.m,Success,
,,,,,,,,,,,,,,,,,,,,,,8,,,Cpd 8: 8.316,,,,,,,,,,,,,,,,,,,,,,,,,Find by Chromatogram Deconvolution,265265,,78.0700,,,,C:\Users\55129944\OneDrive - MMU (1)\PhD\Labs\TD_Markes_2022\Groupings\Categories\Plastic_Cups\PC_Sample_8_USSB_31_2.D,8.511,,,18267,,,8,Positive,,,,,,78.0700,,,8.316,,8.218,0.293,,,,,,,,,,,,,,,,,,,,,,,,,,,,,,,,,,,,,,,,,,Sample USSB_31 #2 Tube #829238 2022-08-02,,Demo Lab 8890 5977B,1,,Microplastics MMU (AN161) 28July.M,Deconvolution_2023-05-22.m,Success,
,,,,,,,,,,,,,,,,,,,,,,9,,,Cpd 9: 10.217,,,,,,,,,,,,,,,,,,,,,,,,,Find by Chromatogram Deconvolution,188382,,44.9400,,,,C:\Users\55129944\OneDrive - MMU (1)\PhD\Labs\TD_Markes_2022\Groupings\Categories\Plastic_Cups\PC_Sample_8_USSB_31_2.D,10.491,,,10090,,,4,Positive,,,,,,44.9400,,,10.217,,10.173,0.318,,,,,,,,,,,,,,,,,,,,,,,,,,,,,,,,,,,,,,,,,,Sample USSB_31 #2 Tube #829238 2022-08-02,,Demo Lab 8890 5977B,1,,Microplastics MMU (AN161) 28July.M,Deconvolution_2023-05-22.m,Success,
,,,,,,,,,,,,,,,,,,,,,,10,,,Cpd 10: 13.426,,,,,,,,,,,,,,,,,,,,,,,,,Find by Chromatogram Deconvolution,3955795,,98.1000,,,,C:\Users\55129944\OneDrive - MMU (1)\PhD\Labs\TD_Markes_2022\Groupings\Categories\Plastic_Cups\PC_Sample_8_USSB_31_2.D,13.533,,,846511,,,11,Positive,,,,,,98.1000,,,13.426,,13.375,0.158,,,,,,,,,,,,,,,,,,,,,,,,,,,,,,,,,,,,,,,,,,Sample USSB_31 #2 Tube #829238 2022-08-02,,Demo Lab 8890 5977B,1,,Microplastics MMU (AN161) 28July.M,Deconvolution_2023-05-22.m,Success,
,,,,,,,,,,,,,,,,,,,,,,11,,,Cpd 11: 13.536,,,,,,,,,,,,,,,,,,,,,,,,,Find by Chromatogram Deconvolution,517191,,90.9700,,,,C:\Users\55129944\OneDrive - MMU (1)\PhD\Labs\TD_Markes_2022\Groupings\Categories\Plastic_Cups\PC_Sample_8_USSB_31_2.D,13.635,,,111430,,,11,Positive,,,,,,90.9700,,,13.536,,13.483,0.152,,,,,,,,,,,,,,,,,,,,,,,,,,,,,,,,,,,,,,,,,,Sample USSB_31 #2 Tube #829238 2022-08-02,,Demo Lab 8890 5977B,1,,Microplastics MMU (AN161) 28July.M,Deconvolution_2023-05-22.m,Success,
,,,,,,,,,,,,,,,,,,,,,,12,,,Cpd 12: 13.816,,,,,,,,,,,,,,,,,,,,,,,,,Find by Chromatogram Deconvolution,140514,,55.0300,,,,C:\Users\55129944\OneDrive - MMU (1)\PhD\Labs\TD_Markes_2022\Groupings\Categories\Plastic_Cups\PC_Sample_8_USSB_31_2.D,13.868,,,10908,,,14,Positive,,,,,,55.0300,,,13.816,,13.746,0.122,,,,,,,,,,,,,,,,,,,,,,,,,,,,,,,,,,,,,,,,,,Sample USSB_31 #2 Tube #829238 2022-08-02,,Demo Lab 8890 5977B,1,,Microplastics MMU (AN161) 28July.M,Deconvolution_2023-05-22.m,Success,
,,,,,,,,,,,,,,,,,,,,,,13,,,Cpd 13: 13.967,,,,,,,,,,,,,,,,,,,,,,,,,Find by Chromatogram Deconvolution,173062,,43.0300,,,,C:\Users\55129944\OneDrive - MMU (1)\PhD\Labs\TD_Markes_2022\Groupings\Categories\Plastic_Cups\PC_Sample_8_USSB_31_2.D,14.126,,,18783,,,14,Positive,,,,,,43.0300,,,13.967,,13.921,0.205,,,,,,,,,,,,,,,,,,,,,,,,,,,,,,,,,,,,,,,,,,Sample USSB_31 #2 Tube #829238 2022-08-02,,Demo Lab 8890 5977B,1,,Microplastics MMU (AN161) 28July.M,Deconvolution_2023-05-22.m,Success,
,,,,,,,,,,,,,,,,,,,,,,14,,,Cpd 14: 14.430,,,,,,,,,,,,,,,,,,,,,,,,,Find by Chromatogram Deconvolution,2523793,,207.0000,,,,C:\Users\55129944\OneDrive - MMU (1)\PhD\Labs\TD_Markes_2022\Groupings\Categories\Plastic_Cups\PC_Sample_8_USSB_31_2.D,14.522,,,591224,,,13,Positive,,,,,,207.0000,,,14.430,,14.374,0.148,,,,,,,,,,,,,,,,,,,,,,,,,,,,,,,,,,,,,,,,,,Sample USSB_31 #2 Tube #829238 2022-08-02,,Demo Lab 8890 5977B,1,,Microplastics MMU (AN161) 28July.M,Deconvolution_2023-05-22.m,Success,
,,,,,,,,,,,,,,,,,,,,,,15,,,Cpd 15: 14.633,,,,,,,,,,,,,,,,,,,,,,,,,Find by Chromatogram Deconvolution,356738,,44.9400,,,,C:\Users\55129944\OneDrive - MMU (1)\PhD\Labs\TD_Markes_2022\Groupings\Categories\Plastic_Cups\PC_Sample_8_USSB_31_2.D,14.727,,,141055,,,7,Positive,,,,,,44.9400,,,14.633,,14.598,0.129,,,,,,,,,,,,,,,,,,,,,,,,,,,,,,,,,,,,,,,,,,Sample USSB_31 #2 Tube #829238 2022-08-02,,Demo Lab 8890 5977B,1,,Microplastics MMU (AN161) 28July.M,Deconvolution_2023-05-22.m,Success,
,,,,,,,,,,,,,,,,,,,,,,16,,,Cpd 16: 14.751,,,,,,,,,,,,,,,,,,,,,,,,,Find by Chromatogram Deconvolution,222340,,55.0300,,,,C:\Users\55129944\OneDrive - MMU (1)\PhD\Labs\TD_Markes_2022\Groupings\Categories\Plastic_Cups\PC_Sample_8_USSB_31_2.D,14.834,,,42754,,,10,Positive,,,,,,55.0300,,,14.751,,14.699,0.135,,,,,,,,,,,,,,,,,,,,,,,,,,,,,,,,,,,,,,,,,,Sample USSB_31 #2 Tube #829238 2022-08-02,,Demo Lab 8890 5977B,1,,Microplastics MMU (AN161) 28July.M,Deconvolution_2023-05-22.m,Success,
,,,,,,,,,,,,,,,,,,,,,,17,,,Cpd 17: 14.984,,,,,,,,,,,,,,,,,,,,,,,,,Find by Chromatogram Deconvolution,1486186,,79.0000,,,,C:\Users\55129944\OneDrive - MMU (1)\PhD\Labs\TD_Markes_2022\Groupings\Categories\Plastic_Cups\PC_Sample_8_USSB_31_2.D,15.102,,,130437,,,31,Positive,,,,,,79.0000,,,14.984,,14.937,0.166,,,,,,,,,,,,,,,,,,,,,,,,,,,,,,,,,,,,,,,,,,Sample USSB_31 #2 Tube #829238 2022-08-02,,Demo Lab 8890 5977B,1,,Microplastics MMU (AN161) 28July.M,Deconvolution_2023-05-22.m,Success,
,,,,,,,,,,,,,,,,,,,,,,18,,,Cpd 18: 15.931,,,,,,,,,,,,,,,,,,,,,,,,,Find by Chromatogram Deconvolution,148666,,56.0400,,,,C:\Users\55129944\OneDrive - MMU (1)\PhD\Labs\TD_Markes_2022\Groupings\Categories\Plastic_Cups\PC_Sample_8_USSB_31_2.D,16.004,,,12614,,,20,Positive,,,,,,56.0400,,,15.931,,15.867,0.137,,,,,,,,,,,,,,,,,,,,,,,,,,,,,,,,,,,,,,,,,,Sample USSB_31 #2 Tube #829238 2022-08-02,,Demo Lab 8890 5977B,1,,Microplastics MMU (AN161) 28July.M,Deconvolution_2023-05-22.m,Success,
,,,,,,,,,,,,,,,,,,,,,,19,,,Cpd 19: 16.338,,,,,,,,,,,,,,,,,,,,,,,,,Find by Chromatogram Deconvolution,12844934,,104.1000,,,,C:\Users\55129944\OneDrive - MMU (1)\PhD\Labs\TD_Markes_2022\Groupings\Categories\Plastic_Cups\PC_Sample_8_USSB_31_2.D,16.430,,,2917287,,,15,Positive,,,,,,104.1000,,,16.338,,16.297,0.133,,,,,,,,,,,,,,,,,,,,,,,,,,,,,,,,,,,,,,,,,,Sample USSB_31 #2 Tube #829238 2022-08-02,,Demo Lab 8890 5977B,1,,Microplastics MMU (AN161) 28July.M,Deconvolution_2023-05-22.m,Success,
,,,,,,,,,,,,,,,,,,,,,,20,,,Cpd 20: 17.229,,,,,,,,,,,,,,,,,,,,,,,,,Find by Chromatogram Deconvolution,376078,,280.9900,,,,C:\Users\55129944\OneDrive - MMU (1)\PhD\Labs\TD_Markes_2022\Groupings\Categories\Plastic_Cups\PC_Sample_8_USSB_31_2.D,17.315,,,69018,,,25,Positive,,,,,,280.9900,,,17.229,,17.182,0.133,,,,,,,,,,,,,,,,,,,,,,,,,,,,,,,,,,,,,,,,,,Sample USSB_31 #2 Tube #829238 2022-08-02,,Demo Lab 8890 5977B,1,,Microplastics MMU (AN161) 28July.M,Deconvolution_2023-05-22.m,Success,
,,,,,,,,,,,,,,,,,,,,,,21,,,Cpd 21: 17.480,,,,,,,,,,,,,,,,,,,,,,,,,Find by Chromatogram Deconvolution,156900,,56.0400,,,,C:\Users\55129944\OneDrive - MMU (1)\PhD\Labs\TD_Markes_2022\Groupings\Categories\Plastic_Cups\PC_Sample_8_USSB_31_2.D,17.536,,,13042,,,21,Positive,,,,,,56.0400,,,17.480,,17.447,0.089,,,,,,,,,,,,,,,,,,,,,,,,,,,,,,,,,,,,,,,,,,Sample USSB_31 #2 Tube #829238 2022-08-02,,Demo Lab 8890 5977B,1,,Microplastics MMU (AN161) 28July.M,Deconvolution_2023-05-22.m,Success,
,,,,,,,,,,,,,,,,,,,,,,22,,,Cpd 22: 17.685,,,,,,,,,,,,,,,,,,,,,,,,,Find by Chromatogram Deconvolution,194316,,55.0300,,,,C:\Users\55129944\OneDrive - MMU (1)\PhD\Labs\TD_Markes_2022\Groupings\Categories\Plastic_Cups\PC_Sample_8_USSB_31_2.D,17.738,,,23373,,,23,Positive,,,,,,55.0300,,,17.685,,17.650,0.088,,,,,,,,,,,,,,,,,,,,,,,,,,,,,,,,,,,,,,,,,,Sample USSB_31 #2 Tube #829238 2022-08-02,,Demo Lab 8890 5977B,1,,Microplastics MMU (AN161) 28July.M,Deconvolution_2023-05-22.m,Success,
,,,,,,,,,,,,,,,,,,,,,,23,,,Cpd 23: 18.455,,,,,,,,,,,,,,,,,,,,,,,,,Find by Chromatogram Deconvolution,144986,,57.0700,,,,C:\Users\55129944\OneDrive - MMU (1)\PhD\Labs\TD_Markes_2022\Groupings\Categories\Plastic_Cups\PC_Sample_8_USSB_31_2.D,18.520,,,26990,,,17,Positive,,,,,,57.0700,,,18.455,,18.414,0.107,,,,,,,,,,,,,,,,,,,,,,,,,,,,,,,,,,,,,,,,,,Sample USSB_31 #2 Tube #829238 2022-08-02,,Demo Lab 8890 5977B,1,,Microplastics MMU (AN161) 28July.M,Deconvolution_2023-05-22.m,Success,
,,,,,,,,,,,,,,,,,,,,,,24,,,Cpd 24: 18.631,,,,,,,,,,,,,,,,,,,,,,,,,Find by Chromatogram Deconvolution,135271,,94.0200,,,,C:\Users\55129944\OneDrive - MMU (1)\PhD\Labs\TD_Markes_2022\Groupings\Categories\Plastic_Cups\PC_Sample_8_USSB_31_2.D,18.722,,,23852,,,21,Positive,,,,,,94.0200,,,18.631,,18.577,0.145,,,,,,,,,,,,,,,,,,,,,,,,,,,,,,,,,,,,,,,,,,Sample USSB_31 #2 Tube #829238 2022-08-02,,Demo Lab 8890 5977B,1,,Microplastics MMU (AN161) 28July.M,Deconvolution_2023-05-22.m,Success,
,,,,,,,,,,,,,,,,,,,,,,25,,,Cpd 25: 18.770,,,,,,,,,,,,,,,,,,,,,,,,,Find by Chromatogram Deconvolution,189971,,55.0300,,,,C:\Users\55129944\OneDrive - MMU (1)\PhD\Labs\TD_Markes_2022\Groupings\Categories\Plastic_Cups\PC_Sample_8_USSB_31_2.D,18.817,,,12758,,,25,Positive,,,,,,55.0300,,,18.770,,18.715,0.103,,,,,,,,,,,,,,,,,,,,,,,,,,,,,,,,,,,,,,,,,,Sample USSB_31 #2 Tube #829238 2022-08-02,,Demo Lab 8890 5977B,1,,Microplastics MMU (AN161) 28July.M,Deconvolution_2023-05-22.m,Success,
,,,,,,,,,,,,,,,,,,,,,,26,,,Cpd 26: 19.324,,,,,,,,,,,,,,,,,,,,,,,,,Find by Chromatogram Deconvolution,857672,,105.8800,,,,C:\Users\55129944\OneDrive - MMU (1)\PhD\Labs\TD_Markes_2022\Groupings\Categories\Plastic_Cups\PC_Sample_8_USSB_31_2.D,19.421,,,173865,,,17,Positive,,,,,,105.8800,,,19.324,,19.288,0.133,,,,,,,,,,,,,,,,,,,,,,,,,,,,,,,,,,,,,,,,,,Sample USSB_31 #2 Tube #829238 2022-08-02,,Demo Lab 8890 5977B,1,,Microplastics MMU (AN161) 28July.M,Deconvolution_2023-05-22.m,Success,
,,,,,,,,,,,,,,,,,,,,,,27,,,Cpd 27: 19.332,,,,,,,,,,,,,,,,,,,,,,,,,Find by Chromatogram Deconvolution,525073,,79.0000,,,,C:\Users\55129944\OneDrive - MMU (1)\PhD\Labs\TD_Markes_2022\Groupings\Categories\Plastic_Cups\PC_Sample_8_USSB_31_2.D,19.415,,,33498,,,41,Positive,,,,,,79.0000,,,19.332,,19.278,0.137,,,,,,,,,,,,,,,,,,,,,,,,,,,,,,,,,,,,,,,,,,Sample USSB_31 #2 Tube #829238 2022-08-02,,Demo Lab 8890 5977B,1,,Microplastics MMU (AN161) 28July.M,Deconvolution_2023-05-22.m,Success,
,,,,,,,,,,,,,,,,,,,,,,28,,,Cpd 28: 19.396,,,,,,,,,,,,,,,,,,,,,,,,,Find by Chromatogram Deconvolution,252099,,59.9700,,,,C:\Users\55129944\OneDrive - MMU (1)\PhD\Labs\TD_Markes_2022\Groupings\Categories\Plastic_Cups\PC_Sample_8_USSB_31_2.D,19.665,,,20233,,,7,Positive,,,,,,59.9700,,,19.396,,19.369,0.295,,,,,,,,,,,,,,,,,,,,,,,,,,,,,,,,,,,,,,,,,,Sample USSB_31 #2 Tube #829238 2022-08-02,,Demo Lab 8890 5977B,1,,Microplastics MMU (AN161) 28July.M,Deconvolution_2023-05-22.m,Success,
,,,,,,,,,,,,,,,,,,,,,,29,,,Cpd 29: 19.844,,,,,,,,,,,,,,,,,,,,,,,,,Find by Chromatogram Deconvolution,147978,,58.9600,,,,C:\Users\55129944\OneDrive - MMU (1)\PhD\Labs\TD_Markes_2022\Groupings\Categories\Plastic_Cups\PC_Sample_8_USSB_31_2.D,19.880,,,12353,,,23,Positive,,,,,,58.9600,,,19.844,,19.771,0.109,,,,,,,,,,,,,,,,,,,,,,,,,,,,,,,,,,,,,,,,,,Sample USSB_31 #2 Tube #829238 2022-08-02,,Demo Lab 8890 5977B,1,,Microplastics MMU (AN161) 28July.M,Deconvolution_2023-05-22.m,Success,
,,,,,,,,,,,,,,,,,,,,,,30,,,Cpd 30: 19.911,,,,,,,,,,,,,,,,,,,,,,,,,Find by Chromatogram Deconvolution,241915,,55.0300,,,,C:\Users\55129944\OneDrive - MMU (1)\PhD\Labs\TD_Markes_2022\Groupings\Categories\Plastic_Cups\PC_Sample_8_USSB_31_2.D,19.975,,,13920,,,34,Positive,,,,,,55.0300,,,19.911,,19.868,0.107,,,,,,,,,,,,,,,,,,,,,,,,,,,,,,,,,,,,,,,,,,Sample USSB_31 #2 Tube #829238 2022-08-02,,Demo Lab 8890 5977B,1,,Microplastics MMU (AN161) 28July.M,Deconvolution_2023-05-22.m,Success,
,,,,,,,,,,,,,,,,,,,,,,31,,,Cpd 31: 19.959,,,,,,,,,,,,,,,,,,,,,,,,,Find by Chromatogram Deconvolution,193887,,57.0700,,,,C:\Users\55129944\OneDrive - MMU (1)\PhD\Labs\TD_Markes_2022\Groupings\Categories\Plastic_Cups\PC_Sample_8_USSB_31_2.D,20.009,,,29851,,,21,Positive,,,,,,57.0700,,,19.959,,19.927,0.082,,,,,,,,,,,,,,,,,,,,,,,,,,,,,,,,,,,,,,,,,,Sample USSB_31 #2 Tube #829238 2022-08-02,,Demo Lab 8890 5977B,1,,Microplastics MMU (AN161) 28July.M,Deconvolution_2023-05-22.m,Success,
,,,,,,,,,,,,,,,,,,,,,,32,,,Cpd 32: 20.949,,,,,,,,,,,,,,,,,,,,,,,,,Find by Chromatogram Deconvolution,348338,,55.0300,,,,C:\Users\55129944\OneDrive - MMU (1)\PhD\Labs\TD_Markes_2022\Groupings\Categories\Plastic_Cups\PC_Sample_8_USSB_31_2.D,20.979,,,15226,,,44,Positive,,,,,,55.0300,,,20.949,,20.899,0.080,,,,,,,,,,,,,,,,,,,,,,,,,,,,,,,,,,,,,,,,,,Sample USSB_31 #2 Tube #829238 2022-08-02,,Demo Lab 8890 5977B,1,,Microplastics MMU (AN161) 28July.M,Deconvolution_2023-05-22.m,Success,
,,,,,,,,,,,,,,,,,,,,,,33,,,Cpd 33: 20.992,,,,,,,,,,,,,,,,,,,,,,,,,Find by Chromatogram Deconvolution,509649,,57.0700,,,,C:\Users\55129944\OneDrive - MMU (1)\PhD\Labs\TD_Markes_2022\Groupings\Categories\Plastic_Cups\PC_Sample_8_USSB_31_2.D,21.065,,,39566,,,45,Positive,,,,,,57.0700,,,20.992,,20.941,0.124,,,,,,,,,,,,,,,,,,,,,,,,,,,,,,,,,,,,,,,,,,Sample USSB_31 #2 Tube #829238 2022-08-02,,Demo Lab 8890 5977B,1,,Microplastics MMU (AN161) 28July.M,Deconvolution_2023-05-22.m,Success,
,,,,,,,,,,,,,,,,,,,,,,34,,,Cpd 34: 21.745,,,,,,,,,,,,,,,,,,,,,,,,,Find by Chromatogram Deconvolution,601944,,112.9800,,,,C:\Users\55129944\OneDrive - MMU (1)\PhD\Labs\TD_Markes_2022\Groupings\Categories\Plastic_Cups\PC_Sample_8_USSB_31_2.D,21.829,,,61996,,,25,Positive,,,,,,112.9800,,,21.745,,21.708,0.120,,,,,,,,,,,,,,,,,,,,,,,,,,,,,,,,,,,,,,,,,,Sample USSB_31 #2 Tube #829238 2022-08-02,,Demo Lab 8890 5977B,1,,Microplastics MMU (AN161) 28July.M,Deconvolution_2023-05-22.m,Success,
,,,,,,,,,,,,,,,,,,,,,,35,,,Cpd 35: 21.915,,,,,,,,,,,,,,,,,,,,,,,,,Find by Chromatogram Deconvolution,721882,,83.1000,,,,C:\Users\55129944\OneDrive - MMU (1)\PhD\Labs\TD_Markes_2022\Groupings\Categories\Plastic_Cups\PC_Sample_8_USSB_31_2.D,21.979,,,40654,,,38,Positive,,,,,,83.1000,,,21.915,,21.874,0.105,,,,,,,,,,,,,,,,,,,,,,,,,,,,,,,,,,,,,,,,,,Sample USSB_31 #2 Tube #829238 2022-08-02,,Demo Lab 8890 5977B,1,,Microplastics MMU (AN161) 28July.M,Deconvolution_2023-05-22.m,Success,
,,,,,,,,,,,,,,,,,,,,,,36,,,Cpd 36: 21.950,,,,,,,,,,,,,,,,,,,,,,,,,Find by Chromatogram Deconvolution,509740,,57.0700,,,,C:\Users\55129944\OneDrive - MMU (1)\PhD\Labs\TD_Markes_2022\Groupings\Categories\Plastic_Cups\PC_Sample_8_USSB_31_2.D,22.021,,,79767,,,25,Positive,,,,,,57.0700,,,21.950,,21.895,0.126,,,,,,,,,,,,,,,,,,,,,,,,,,,,,,,,,,,,,,,,,,Sample USSB_31 #2 Tube #829238 2022-08-02,,Demo Lab 8890 5977B,1,,Microplastics MMU (AN161) 28July.M,Deconvolution_2023-05-22.m,Success,
,,,,,,,,,,,,,,,,,,,,,,37,,,Cpd 37: 22.419,,,,,,,,,,,,,,,,,,,,,,,,,Find by Chromatogram Deconvolution,207459,,71.0800,,,,C:\Users\55129944\OneDrive - MMU (1)\PhD\Labs\TD_Markes_2022\Groupings\Categories\Plastic_Cups\PC_Sample_8_USSB_31_2.D,22.467,,,20896,,,21,Positive,,,,,,71.0800,,,22.419,,22.372,0.095,,,,,,,,,,,,,,,,,,,,,,,,,,,,,,,,,,,,,,,,,,Sample USSB_31 #2 Tube #829238 2022-08-02,,Demo Lab 8890 5977B,1,,Microplastics MMU (AN161) 28July.M,Deconvolution_2023-05-22.m,Success,
,,,,,,,,,,,,,,,,,,,,,,38,,,Cpd 38: 22.499,,,,,,,,,,,,,,,,,,,,,,,,,Find by Chromatogram Deconvolution,1147714,,57.0700,,,,C:\Users\55129944\OneDrive - MMU (1)\PhD\Labs\TD_Markes_2022\Groupings\Categories\Plastic_Cups\PC_Sample_8_USSB_31_2.D,22.534,,,29368,,,35,Positive,,,,,,57.0700,,,22.499,,22.433,0.101,,,,,,,,,,,,,,,,,,,,,,,,,,,,,,,,,,,,,,,,,,Sample USSB_31 #2 Tube #829238 2022-08-02,,Demo Lab 8890 5977B,1,,Microplastics MMU (AN161) 28July.M,Deconvolution_2023-05-22.m,Success,
,,,,,,,,,,,,,,,,,,,,,,39,,,Cpd 39: 22.819,,,,,,,,,,,,,,,,,,,,,,,,,Find by Chromatogram Deconvolution,290752,,83.1000,,,,C:\Users\55129944\OneDrive - MMU (1)\PhD\Labs\TD_Markes_2022\Groupings\Categories\Plastic_Cups\PC_Sample_8_USSB_31_2.D,22.894,,,22507,,,30,Positive,,,,,,83.1000,,,22.819,,22.787,0.107,,,,,,,,,,,,,,,,,,,,,,,,,,,,,,,,,,,,,,,,,,Sample USSB_31 #2 Tube #829238 2022-08-02,,Demo Lab 8890 5977B,1,,Microplastics MMU (AN161) 28July.M,Deconvolution_2023-05-22.m,Success,
,,,,,,,,,,,,,,,,,,,,,,40,,,Cpd 40: 22.848,,,,,,,,,,,,,,,,,,,,,,,,,Find by Chromatogram Deconvolution,271387,,71.0800,,,,C:\Users\55129944\OneDrive - MMU (1)\PhD\Labs\TD_Markes_2022\Groupings\Categories\Plastic_Cups\PC_Sample_8_USSB_31_2.D,22.894,,,32524,,,22,Positive,,,,,,71.0800,,,22.848,,22.797,0.097,,,,,,,,,,,,,,,,,,,,,,,,,,,,,,,,,,,,,,,,,,Sample USSB_31 #2 Tube #829238 2022-08-02,,Demo Lab 8890 5977B,1,,Microplastics MMU (AN161) 28July.M,Deconvolution_2023-05-22.m,Success,
,,,,,,,,,,,,,,,,,,,,,,41,,,Cpd 41: 23.567,,,,,,,,,,,,,,,,,,,,,,,,,Find by Chromatogram Deconvolution,689784,,190.9000,,,,C:\Users\55129944\OneDrive - MMU (1)\PhD\Labs\TD_Markes_2022\Groupings\Categories\Plastic_Cups\PC_Sample_8_USSB_31_2.D,23.630,,,205202,,,22,Positive,,,,,,190.9000,,,23.567,,23.531,0.099,,,,,,,,,,,,,,,,,,,,,,,,,,,,,,,,,,,,,,,,,,Sample USSB_31 #2 Tube #829238 2022-08-02,,Demo Lab 8890 5977B,1,,Microplastics MMU (AN161) 28July.M,Deconvolution_2023-05-22.m,Success,
,,,,,,,,,,,,,,,,,,,,,,42,,,Cpd 42: 23.669,,,,,,,,,,,,,,,,,,,,,,,,,Find by Chromatogram Deconvolution,667862,,83.1000,,,,C:\Users\55129944\OneDrive - MMU (1)\PhD\Labs\TD_Markes_2022\Groupings\Categories\Plastic_Cups\PC_Sample_8_USSB_31_2.D,23.754,,,41215,,,32,Positive,,,,,,83.1000,,,23.669,,23.634,0.120,,,,,,,,,,,,,,,,,,,,,,,,,,,,,,,,,,,,,,,,,,Sample USSB_31 #2 Tube #829238 2022-08-02,,Demo Lab 8890 5977B,1,,Microplastics MMU (AN161) 28July.M,Deconvolution_2023-05-22.m,Success,
,,,,,,,,,,,,,,,,,,,,,,43,,,Cpd 43: 23.694,,,,,,,,,,,,,,,,,,,,,,,,,Find by Chromatogram Deconvolution,476886,,57.0700,,,,C:\Users\55129944\OneDrive - MMU (1)\PhD\Labs\TD_Markes_2022\Groupings\Categories\Plastic_Cups\PC_Sample_8_USSB_31_2.D,23.740,,,62864,,,22,Positive,,,,,,57.0700,,,23.694,,23.632,0.109,,,,,,,,,,,,,,,,,,,,,,,,,,,,,,,,,,,,,,,,,,Sample USSB_31 #2 Tube #829238 2022-08-02,,Demo Lab 8890 5977B,1,,Microplastics MMU (AN161) 28July.M,Deconvolution_2023-05-22.m,Success,
,,,,,,,,,,,,,,,,,,,,,,44,,,Cpd 44: 24.181,,,,,,,,,,,,,,,,,,,,,,,,,Find by Chromatogram Deconvolution,295389,,169.0200,,,,C:\Users\55129944\OneDrive - MMU (1)\PhD\Labs\TD_Markes_2022\Groupings\Categories\Plastic_Cups\PC_Sample_8_USSB_31_2.D,24.237,,,56404,,,29,Positive,,,,,,169.0200,,,24.181,,24.147,0.090,,,,,,,,,,,,,,,,,,,,,,,,,,,,,,,,,,,,,,,,,,Sample USSB_31 #2 Tube #829238 2022-08-02,,Demo Lab 8890 5977B,1,,Microplastics MMU (AN161) 28July.M,Deconvolution_2023-05-22.m,Success,
,,,,,,,,,,,,,,,,,,,,,,45,,,Cpd 45: 24.261,,,,,,,,,,,,,,,,,,,,,,,,,Find by Chromatogram Deconvolution,215570,,97.1000,,,,C:\Users\55129944\OneDrive - MMU (1)\PhD\Labs\TD_Markes_2022\Groupings\Categories\Plastic_Cups\PC_Sample_8_USSB_31_2.D,24.315,,,11389,,,38,Positive,,,,,,97.1000,,,24.261,,24.223,0.092,,,,,,,,,,,,,,,,,,,,,,,,,,,,,,,,,,,,,,,,,,Sample USSB_31 #2 Tube #829238 2022-08-02,,Demo Lab 8890 5977B,1,,Microplastics MMU (AN161) 28July.M,Deconvolution_2023-05-22.m,Success,
,,,,,,,,,,,,,,,,,,,,,,46,,,Cpd 46: 24.385,,,,,,,,,,,,,,,,,,,,,,,,,Find by Chromatogram Deconvolution,1044327,,143.9800,,,,C:\Users\55129944\OneDrive - MMU (1)\PhD\Labs\TD_Markes_2022\Groupings\Categories\Plastic_Cups\PC_Sample_8_USSB_31_2.D,24.464,,,252118,,,15,Positive,,,,,,143.9800,,,24.385,,24.353,0.111,,,,,,,,,,,,,,,,,,,,,,,,,,,,,,,,,,,,,,,,,,Sample USSB_31 #2 Tube #829238 2022-08-02,,Demo Lab 8890 5977B,1,,Microplastics MMU (AN161) 28July.M,Deconvolution_2023-05-22.m,Success,
,,,,,,,,,,,,,,,,,,,,,,47,,,Cpd 47: 24.501,,,,,,,,,,,,,,,,,,,,,,,,,Find by Chromatogram Deconvolution,177008,,97.1000,,,,C:\Users\55129944\OneDrive - MMU (1)\PhD\Labs\TD_Markes_2022\Groupings\Categories\Plastic_Cups\PC_Sample_8_USSB_31_2.D,24.567,,,11039,,,28,Positive,,,,,,97.1000,,,24.501,,24.462,0.105,,,,,,,,,,,,,,,,,,,,,,,,,,,,,,,,,,,,,,,,,,Sample USSB_31 #2 Tube #829238 2022-08-02,,Demo Lab 8890 5977B,1,,Microplastics MMU (AN161) 28July.M,Deconvolution_2023-05-22.m,Success,
,,,,,,,,,,,,,,,,,,,,,,48,,,Cpd 48: 24.710,,,,,,,,,,,,,,,,,,,,,,,,,Find by Chromatogram Deconvolution,212144,,55.0300,,,,C:\Users\55129944\OneDrive - MMU (1)\PhD\Labs\TD_Markes_2022\Groupings\Categories\Plastic_Cups\PC_Sample_8_USSB_31_2.D,24.792,,,14967,,,32,Positive,,,,,,55.0300,,,24.710,,24.635,0.156,,,,,,,,,,,,,,,,,,,,,,,,,,,,,,,,,,,,,,,,,,Sample USSB_31 #2 Tube #829238 2022-08-02,,Demo Lab 8890 5977B,1,,Microplastics MMU (AN161) 28July.M,Deconvolution_2023-05-22.m,Success,
,,,,,,,,,,,,,,,,,,,,,,49,,,Cpd 49: 24.834,,,,,,,,,,,,,,,,,,,,,,,,,Find by Chromatogram Deconvolution,1293617,,92.0600,,,,C:\Users\55129944\OneDrive - MMU (1)\PhD\Labs\TD_Markes_2022\Groupings\Categories\Plastic_Cups\PC_Sample_8_USSB_31_2.D,24.920,,,208771,,,20,Positive,,,,,,92.0600,,,24.834,,24.794,0.126,,,,,,,,,,,,,,,,,,,,,,,,,,,,,,,,,,,,,,,,,,Sample USSB_31 #2 Tube #829238 2022-08-02,,Demo Lab 8890 5977B,1,,Microplastics MMU (AN161) 28July.M,Deconvolution_2023-05-22.m,Success,
,,,,,,,,,,,,,,,,,,,,,,50,,,Cpd 50: 25.200,,,,,,,,,,,,,,,,,,,,,,,,,Find by Chromatogram Deconvolution,541088,,97.1000,,,,C:\Users\55129944\OneDrive - MMU (1)\PhD\Labs\TD_Markes_2022\Groupings\Categories\Plastic_Cups\PC_Sample_8_USSB_31_2.D,25.259,,,25586,,,45,Positive,,,,,,97.1000,,,25.200,,25.153,0.107,,,,,,,,,,,,,,,,,,,,,,,,,,,,,,,,,,,,,,,,,,Sample USSB_31 #2 Tube #829238 2022-08-02,,Demo Lab 8890 5977B,1,,Microplastics MMU (AN161) 28July.M,Deconvolution_2023-05-22.m,Success,
,,,,,,,,,,,,,,,,,,,,,,51,,,Cpd 51: 25.327,,,,,,,,,,,,,,,,,,,,,,,,,Find by Chromatogram Deconvolution,337996,,104.1000,,,,C:\Users\55129944\OneDrive - MMU (1)\PhD\Labs\TD_Markes_2022\Groupings\Categories\Plastic_Cups\PC_Sample_8_USSB_31_2.D,25.422,,,110041,,,11,Positive,,,,,,104.1000,,,25.327,,25.280,0.141,,,,,,,,,,,,,,,,,,,,,,,,,,,,,,,,,,,,,,,,,,Sample USSB_31 #2 Tube #829238 2022-08-02,,Demo Lab 8890 5977B,1,,Microplastics MMU (AN161) 28July.M,Deconvolution_2023-05-22.m,Success,
,,,,,,,,,,,,,,,,,,,,,,52,,,Cpd 52: 25.487,,,,,,,,,,,,,,,,,,,,,,,,,Find by Chromatogram Deconvolution,1568270,,90.9700,,,,C:\Users\55129944\OneDrive - MMU (1)\PhD\Labs\TD_Markes_2022\Groupings\Categories\Plastic_Cups\PC_Sample_8_USSB_31_2.D,25.591,,,266393,,,28,Positive,,,,,,90.9700,,,25.487,,25.441,0.151,,,,,,,,,,,,,,,,,,,,,,,,,,,,,,,,,,,,,,,,,,Sample USSB_31 #2 Tube #829238 2022-08-02,,Demo Lab 8890 5977B,1,,Microplastics MMU (AN161) 28July.M,Deconvolution_2023-05-22.m,Success,
,,,,,,,,,,,,,,,,,,,,,,53,,,Cpd 53: 25.675,,,,,,,,,,,,,,,,,,,,,,,,,Find by Chromatogram Deconvolution,279445,,115.0100,,,,C:\Users\55129944\OneDrive - MMU (1)\PhD\Labs\TD_Markes_2022\Groupings\Categories\Plastic_Cups\PC_Sample_8_USSB_31_2.D,25.725,,,6146,,,52,Positive,,,,,,115.0100,,,25.675,,25.618,0.107,,,,,,,,,,,,,,,,,,,,,,,,,,,,,,,,,,,,,,,,,,Sample USSB_31 #2 Tube #829238 2022-08-02,,Demo Lab 8890 5977B,1,,Microplastics MMU (AN161) 28July.M,Deconvolution_2023-05-22.m,Success,
,,,,,,,,,,,,,,,,,,,,,,54,,,Cpd 54: 25.750,,,,,,,,,,,,,,,,,,,,,,,,,Find by Chromatogram Deconvolution,1243465,,99.0600,,,,C:\Users\55129944\OneDrive - MMU (1)\PhD\Labs\TD_Markes_2022\Groupings\Categories\Plastic_Cups\PC_Sample_8_USSB_31_2.D,25.832,,,96554,,,42,Positive,,,,,,99.0600,,,25.750,,25.702,0.130,,,,,,,,,,,,,,,,,,,,,,,,,,,,,,,,,,,,,,,,,,Sample USSB_31 #2 Tube #829238 2022-08-02,,Demo Lab 8890 5977B,1,,Microplastics MMU (AN161) 28July.M,Deconvolution_2023-05-22.m,Success,
,,,,,,,,,,,,,,,,,,,,,,55,,,Cpd 55: 25.863,,,,,,,,,,,,,,,,,,,,,,,,,Find by Chromatogram Deconvolution,6261398,,104.1000,,,,C:\Users\55129944\OneDrive - MMU (1)\PhD\Labs\TD_Markes_2022\Groupings\Categories\Plastic_Cups\PC_Sample_8_USSB_31_2.D,25.967,,,1780303,,,15,Positive,,,,,,104.1000,,,25.863,,25.811,0.157,,,,,,,,,,,,,,,,,,,,,,,,,,,,,,,,,,,,,,,,,,Sample USSB_31 #2 Tube #829238 2022-08-02,,Demo Lab 8890 5977B,1,,Microplastics MMU (AN161) 28July.M,Deconvolution_2023-05-22.m,Success,
,,,,,,,,,,,,,,,,,,,,,,56,,,Cpd 56: 26.148,,,,,,,,,,,,,,,,,,,,,,,,,Find by Chromatogram Deconvolution,237508,,129.9500,,,,C:\Users\55129944\OneDrive - MMU (1)\PhD\Labs\TD_Markes_2022\Groupings\Categories\Plastic_Cups\PC_Sample_8_USSB_31_2.D,26.200,,,12068,,,31,Positive,,,,,,129.9500,,,26.148,,26.069,0.132,,,,,,,,,,,,,,,,,,,,,,,,,,,,,,,,,,,,,,,,,,Sample USSB_31 #2 Tube #829238 2022-08-02,,Demo Lab 8890 5977B,1,,Microplastics MMU (AN161) 28July.M,Deconvolution_2023-05-22.m,Success,
,,,,,,,,,,,,,,,,,,,,,,57,,,Cpd 57: 26.318,,,,,,,,,,,,,,,,,,,,,,,,,Find by Chromatogram Deconvolution,10841552,,97.1000,,,,C:\Users\55129944\OneDrive - MMU (1)\PhD\Labs\TD_Markes_2022\Groupings\Categories\Plastic_Cups\PC_Sample_8_USSB_31_2.D,26.454,,,403036,,,60,Positive,,,,,,97.1000,,,26.318,,26.265,0.189,,,,,,,,,,,,,,,,,,,,,,,,,,,,,,,,,,,,,,,,,,Sample USSB_31 #2 Tube #829238 2022-08-02,,Demo Lab 8890 5977B,1,,Microplastics MMU (AN161) 28July.M,Deconvolution_2023-05-22.m,Success,
,,,,,,,,,,,,,,,,,,,,,,58,,,Cpd 58: 26.477,,,,,,,,,,,,,,,,,,,,,,,,,Find by Chromatogram Deconvolution,152665,,206.1000,,,,C:\Users\55129944\OneDrive - MMU (1)\PhD\Labs\TD_Markes_2022\Groupings\Categories\Plastic_Cups\PC_Sample_8_USSB_31_2.D,26.553,,,11556,,,23,Positive,,,,,,206.1000,,,26.477,,26.422,0.132,,,,,,,,,,,,,,,,,,,,,,,,,,,,,,,,,,,,,,,,,,Sample USSB_31 #2 Tube #829238 2022-08-02,,Demo Lab 8890 5977B,1,,Microplastics MMU (AN161) 28July.M,Deconvolution_2023-05-22.m,Success,
,,,,,,,,,,,,,,,,,,,,,,59,,,Cpd 59: 26.507,,,,,,,,,,,,,,,,,,,,,,,,,Find by Chromatogram Deconvolution,1027046,,43.0300,,,,C:\Users\55129944\OneDrive - MMU (1)\PhD\Labs\TD_Markes_2022\Groupings\Categories\Plastic_Cups\PC_Sample_8_USSB_31_2.D,26.633,,,24198,,,68,Positive,,,,,,43.0300,,,26.507,,26.437,0.197,,,,,,,,,,,,,,,,,,,,,,,,,,,,,,,,,,,,,,,,,,Sample USSB_31 #2 Tube #829238 2022-08-02,,Demo Lab 8890 5977B,1,,Microplastics MMU (AN161) 28July.M,Deconvolution_2023-05-22.m,Success,
,,,,,,,,,,,,,,,,,,,,,,60,,,Cpd 60: 26.768,,,,,,,,,,,,,,,,,,,,,,,,,Find by Chromatogram Deconvolution,772662,,90.9700,,,,C:\Users\55129944\OneDrive - MMU (1)\PhD\Labs\TD_Markes_2022\Groupings\Categories\Plastic_Cups\PC_Sample_8_USSB_31_2.D,26.889,,,144182,,,17,Positive,,,,,,90.9700,,,26.768,,26.706,0.183,,,,,,,,,,,,,,,,,,,,,,,,,,,,,,,,,,,,,,,,,,Sample USSB_31 #2 Tube #829238 2022-08-02,,Demo Lab 8890 5977B,1,,Microplastics MMU (AN161) 28July.M,Deconvolution_2023-05-22.m,Success,
,,,,,,,,,,,,,,,,,,,,,,61,,,Cpd 61: 27.271,,,,,,,,,,,,,,,,,,,,,,,,,Find by Chromatogram Deconvolution,5063643,,57.9700,,,,C:\Users\55129944\OneDrive - MMU (1)\PhD\Labs\TD_Markes_2022\Groupings\Categories\Plastic_Cups\PC_Sample_8_USSB_31_2.D,27.410,,,333731,,,44,Positive,,,,,,57.9700,,,27.271,,27.210,0.200,,,,,,,,,,,,,,,,,,,,,,,,,,,,,,,,,,,,,,,,,,Sample USSB_31 #2 Tube #829238 2022-08-02,,Demo Lab 8890 5977B,1,,Microplastics MMU (AN161) 28July.M,Deconvolution_2023-05-22.m,Success,
,,,,,,,,,,,,,,,,,,,,,,62,,,Cpd 62: 27.699,,,,,,,,,,,,,,,,,,,,,,,,,Find by Chromatogram Deconvolution,1368850,,97.1000,,,,C:\Users\55129944\OneDrive - MMU (1)\PhD\Labs\TD_Markes_2022\Groupings\Categories\Plastic_Cups\PC_Sample_8_USSB_31_2.D,27.790,,,38710,,,60,Positive,,,,,,97.1000,,,27.699,,27.629,0.160,,,,,,,,,,,,,,,,,,,,,,,,,,,,,,,,,,,,,,,,,,Sample USSB_31 #2 Tube #829238 2022-08-02,,Demo Lab 8890 5977B,1,,Microplastics MMU (AN161) 28July.M,Deconvolution_2023-05-22.m,Success,
,,,,,,,,,,,,,,,,,,,,,,63,,,Cpd 63: 28.461,,,,,,,,,,,,,,,,,,,,,,,,,Find by Chromatogram Deconvolution,4007958,,73.0000,,,,C:\Users\55129944\OneDrive - MMU (1)\PhD\Labs\TD_Markes_2022\Groupings\Categories\Plastic_Cups\PC_Sample_8_USSB_31_2.D,28.740,,,79605,,,66,Positive,,,,,,73.0000,,,28.461,,28.377,0.363,,,,,,,,,,,,,,,,,,,,,,,,,,,,,,,,,,,,,,,,,,Sample USSB_31 #2 Tube #829238 2022-08-02,,Demo Lab 8890 5977B,1,,Microplastics MMU (AN161) 28July.M,Deconvolution_2023-05-22.m,Success,
,,,,,,,,,,,,,,,,,,,,,,64,,,Cpd 64: 28.523,,,,,,,,,,,,,,,,,,,,,,,,,Find by Chromatogram Deconvolution,550257,,99.0600,,,,C:\Users\55129944\OneDrive - MMU (1)\PhD\Labs\TD_Markes_2022\Groupings\Categories\Plastic_Cups\PC_Sample_8_USSB_31_2.D,28.650,,,44668,,,20,Positive,,,,,,99.0600,,,28.523,,28.389,0.261,,,,,,,,,,,,,,,,,,,,,,,,,,,,,,,,,,,,,,,,,,Sample USSB_31 #2 Tube #829238 2022-08-02,,Demo Lab 8890 5977B,1,,Microplastics MMU (AN161) 28July.M,Deconvolution_2023-05-22.m,Success,
,,,,,,,,,,,,,,,,,,,,,,65,,,Cpd 65: 28.922,,,,,,,,,,,,,,,,,,,,,,,,,Find by Chromatogram Deconvolution,345764,,69.0400,,,,C:\Users\55129944\OneDrive - MMU (1)\PhD\Labs\TD_Markes_2022\Groupings\Categories\Plastic_Cups\PC_Sample_8_USSB_31_2.D,28.975,,,13802,,,29,Positive,,,,,,69.0400,,,28.922,,28.837,0.137,,,,,,,,,,,,,,,,,,,,,,,,,,,,,,,,,,,,,,,,,,Sample USSB_31 #2 Tube #829238 2022-08-02,,Demo Lab 8890 5977B,1,,Microplastics MMU (AN161) 28July.M,Deconvolution_2023-05-22.m,Success,
,,,,,,,,,,,,,,,,,,,,,,66,,,Cpd 66: 29.139,,,,,,,,,,,,,,,,,,,,,,,,,Find by Chromatogram Deconvolution,171550,,121.9500,,,,C:\Users\55129944\OneDrive - MMU (1)\PhD\Labs\TD_Markes_2022\Groupings\Categories\Plastic_Cups\PC_Sample_8_USSB_31_2.D,29.242,,,6676,,,21,Positive,,,,,,121.9500,,,29.139,,29.061,0.181,,,,,,,,,,,,,,,,,,,,,,,,,,,,,,,,,,,,,,,,,,Sample USSB_31 #2 Tube #829238 2022-08-02,,Demo Lab 8890 5977B,1,,Microplastics MMU (AN161) 28July.M,Deconvolution_2023-05-22.m,Success,
,,,,,,,,,,,,,,,,,,,,,,67,,,Cpd 67: 29.448,,,,,,,,,,,,,,,,,,,,,,,,,Find by Chromatogram Deconvolution,11998751,,97.1000,,,,C:\Users\55129944\OneDrive - MMU (1)\PhD\Labs\TD_Markes_2022\Groupings\Categories\Plastic_Cups\PC_Sample_8_USSB_31_2.D,29.629,,,235141,,,68,Positive,,,,,,97.1000,,,29.448,,29.360,0.269,,,,,,,,,,,,,,,,,,,,,,,,,,,,,,,,,,,,,,,,,,Sample USSB_31 #2 Tube #829238 2022-08-02,,Demo Lab 8890 5977B,1,,Microplastics MMU (AN161) 28July.M,Deconvolution_2023-05-22.m,Success,
,,,,,,,,,,,,,,,,,,,,,,68,,,Cpd 68: 29.762,,,,,,,,,,,,,,,,,,,,,,,,,Find by Chromatogram Deconvolution,849856,,43.0300,,,,C:\Users\55129944\OneDrive - MMU (1)\PhD\Labs\TD_Markes_2022\Groupings\Categories\Plastic_Cups\PC_Sample_8_USSB_31_2.D,29.876,,,15641,,,56,Positive,,,,,,43.0300,,,29.762,,29.673,0.202,,,,,,,,,,,,,,,,,,,,,,,,,,,,,,,,,,,,,,,,,,Sample USSB_31 #2 Tube #829238 2022-08-02,,Demo Lab 8890 5977B,1,,Microplastics MMU (AN161) 28July.M,Deconvolution_2023-05-22.m,Success,
,,,,,,,,,,,,,,,,,,,,,,69,,,Cpd 69: 29.776,,,,,,,,,,,,,,,,,,,,,,,,,Find by Chromatogram Deconvolution,150386,,55.0300,,,,C:\Users\55129944\OneDrive - MMU (1)\PhD\Labs\TD_Markes_2022\Groupings\Categories\Plastic_Cups\PC_Sample_8_USSB_31_2.D,29.837,,,8995,,,19,Positive,,,,,,55.0300,,,29.776,,29.706,0.132,,,,,,,,,,,,,,,,,,,,,,,,,,,,,,,,,,,,,,,,,,Sample USSB_31 #2 Tube #829238 2022-08-02,,Demo Lab 8890 5977B,1,,Microplastics MMU (AN161) 28July.M,Deconvolution_2023-05-22.m,Success,
