Version 1

Score (Bio),"Diff (Bio, mDa)","Diff (Bio, ppm)",Uncertainty,Fit Score,Enzyme,Hits (Bioconfirm),Links,Seq Loc,Rule,Missed,Mods,Significance,Pred Mods,Sequence,Seq Name,Seq Type,Tgt Seq Mass,AGILENTID,CAS,Compound ID,Name,Cpd,HMP,KEGG,Label,LMP,METLIN,MPPID,NCBI ID,Notes,Swiss-Prot,Hits (DB),Mass (DB),"Diff (DB, mDa)",Formula (DB),"Diff (DB, ppm)",RT (DB),RT Diff (DB),Score (DB),Shared (DB),Unique (DB),"Diff (MFG, mDa)",Mass (MFG),Formula (MFG),"Diff (MFG, ppm)",Score (MFG),Tgt Hit Pos,Score Diff,Abund,Algorithm,Area,Avg Mass,Base Peak,Z Count,CE,MS/MS Count,File,End,Formula,FV,Height,ID Source,ID Techniques Applied,Ions,Polarity,Max Z,Min Z,Modified,Mass,Score,m/z,m/z (prod.),Score (MFE),RT,Saturated,Start,Width,Library,Score (Lib),Cpds/Group,Group,Std Dev,Vol %,Vol,Primary Base,Primary Note,ADC% Area,ADC% Height,EIC/TIC% Area,EIC/TIC% Height,TIC% Area,TIC% Height,TWC% Area,TWC% Height,UVA% Area,UVA% Height,UVB% Area,UVB% Height,UVC% Area,UVC% Height,Purity Comments,Purity Result,Purity Value,Score (Frag),FIs Conf.,FIs Conf. %,FIs Eval.,Source,"Diff (Tgt, mDa)",Formula (Tgt),"Diff (Tgt, ppm)",RT (Tgt),RT Diff (Tgt),Score (Tgt),Flags (Tgt),Flag Severity (Tgt),Flag Severity Code (Tgt),Mass (Tgt),Sample Name,Sample Type,Instrument Name,Position,User Name,Acq Method,DA Method,IRM Calibration status
,,,,,,,,,,,,,,,,,,,,,,1,,,Cpd 1: 13.438,,,,,,,,,,,,,,,,,,,,,,,,,Find by Chromatogram Deconvolution,3880664,,98.1000,,,,C:\Users\55129944\OneDrive - MMU (1)\PhD\Labs\TD_Markes_2022\Groupings\Categories\Plastic_Cups\PC_Sample_18_USSB_34_3.D,13.542,,,838934,,,11,Positive,,,,,,98.1000,,,13.438,,13.384,0.158,,,,,,,,,,,,,,,,,,,,,,,,,,,,,,,,,,,,,,,,,,Sample USSB_34 #3 Tube #829265 2022-08-03,,Demo Lab 8890 5977B,1,,Microplastics MMU (AN161) 28July.M,Deconvolution_2023-05-22.m,Success,
,,,,,,,,,,,,,,,,,,,,,,2,,,Cpd 2: 13.546,,,,,,,,,,,,,,,,,,,,,,,,,Find by Chromatogram Deconvolution,2184058,,91.1000,,,,C:\Users\55129944\OneDrive - MMU (1)\PhD\Labs\TD_Markes_2022\Groupings\Categories\Plastic_Cups\PC_Sample_18_USSB_34_3.D,13.648,,,499980,,,11,Positive,,,,,,91.1000,,,13.546,,13.496,0.152,,,,,,,,,,,,,,,,,,,,,,,,,,,,,,,,,,,,,,,,,,Sample USSB_34 #3 Tube #829265 2022-08-03,,Demo Lab 8890 5977B,1,,Microplastics MMU (AN161) 28July.M,Deconvolution_2023-05-22.m,Success,
,,,,,,,,,,,,,,,,,,,,,,3,,,Cpd 3: 15.700,,,,,,,,,,,,,,,,,,,,,,,,,Find by Chromatogram Deconvolution,670818,,91.1000,,,,C:\Users\55129944\OneDrive - MMU (1)\PhD\Labs\TD_Markes_2022\Groupings\Categories\Plastic_Cups\PC_Sample_18_USSB_34_3.D,15.781,,,190161,,,16,Positive,,,,,,91.1000,,,15.700,,15.659,0.122,,,,,,,,,,,,,,,,,,,,,,,,,,,,,,,,,,,,,,,,,,Sample USSB_34 #3 Tube #829265 2022-08-03,,Demo Lab 8890 5977B,1,,Microplastics MMU (AN161) 28July.M,Deconvolution_2023-05-22.m,Success,
,,,,,,,,,,,,,,,,,,,,,,4,,,Cpd 4: 16.343,,,,,,,,,,,,,,,,,,,,,,,,,Find by Chromatogram Deconvolution,42565920,,104.1000,,,,C:\Users\55129944\OneDrive - MMU (1)\PhD\Labs\TD_Markes_2022\Groupings\Categories\Plastic_Cups\PC_Sample_18_USSB_34_3.D,16.447,,,8207246,,,15,Positive,,,,,,104.1000,,,16.343,,16.298,0.148,,,,,,,,,,,,,,,,,,,,,,,,,,,,,,,,,,,,,,,,,,Sample USSB_34 #3 Tube #829265 2022-08-03,,Demo Lab 8890 5977B,1,,Microplastics MMU (AN161) 28July.M,Deconvolution_2023-05-22.m,Success,
,,,,,,,,,,,,,,,,,,,,,,5,,,Cpd 5: 24.834,,,,,,,,,,,,,,,,,,,,,,,,,Find by Chromatogram Deconvolution,970160,,92.1000,,,,C:\Users\55129944\OneDrive - MMU (1)\PhD\Labs\TD_Markes_2022\Groupings\Categories\Plastic_Cups\PC_Sample_18_USSB_34_3.D,24.898,,,148285,,,21,Positive,,,,,,92.1000,,,24.834,,24.791,0.107,,,,,,,,,,,,,,,,,,,,,,,,,,,,,,,,,,,,,,,,,,Sample USSB_34 #3 Tube #829265 2022-08-03,,Demo Lab 8890 5977B,1,,Microplastics MMU (AN161) 28July.M,Deconvolution_2023-05-22.m,Success,
,,,,,,,,,,,,,,,,,,,,,,6,,,Cpd 6: 25.487,,,,,,,,,,,,,,,,,,,,,,,,,Find by Chromatogram Deconvolution,19263791,,91.1000,,,,C:\Users\55129944\OneDrive - MMU (1)\PhD\Labs\TD_Markes_2022\Groupings\Categories\Plastic_Cups\PC_Sample_18_USSB_34_3.D,25.593,,,3199618,,,27,Positive,,,,,,91.1000,,,25.487,,25.438,0.155,,,,,,,,,,,,,,,,,,,,,,,,,,,,,,,,,,,,,,,,,,Sample USSB_34 #3 Tube #829265 2022-08-03,,Demo Lab 8890 5977B,1,,Microplastics MMU (AN161) 28July.M,Deconvolution_2023-05-22.m,Success,
,,,,,,,,,,,,,,,,,,,,,,7,,,Cpd 7: 25.861,,,,,,,,,,,,,,,,,,,,,,,,,Find by Chromatogram Deconvolution,6411128,,104.1000,,,,C:\Users\55129944\OneDrive - MMU (1)\PhD\Labs\TD_Markes_2022\Groupings\Categories\Plastic_Cups\PC_Sample_18_USSB_34_3.D,25.961,,,1851819,,,15,Positive,,,,,,104.1000,,,25.861,,25.806,0.155,,,,,,,,,,,,,,,,,,,,,,,,,,,,,,,,,,,,,,,,,,Sample USSB_34 #3 Tube #829265 2022-08-03,,Demo Lab 8890 5977B,1,,Microplastics MMU (AN161) 28July.M,Deconvolution_2023-05-22.m,Success,
,,,,,,,,,,,,,,,,,,,,,,8,,,Cpd 8: 26.315,,,,,,,,,,,,,,,,,,,,,,,,,Find by Chromatogram Deconvolution,575388,,96.9900,,,,C:\Users\55129944\OneDrive - MMU (1)\PhD\Labs\TD_Markes_2022\Groupings\Categories\Plastic_Cups\PC_Sample_18_USSB_34_3.D,26.405,,,20352,,,42,Positive,,,,,,96.9900,,,26.315,,26.264,0.141,,,,,,,,,,,,,,,,,,,,,,,,,,,,,,,,,,,,,,,,,,Sample USSB_34 #3 Tube #829265 2022-08-03,,Demo Lab 8890 5977B,1,,Microplastics MMU (AN161) 28July.M,Deconvolution_2023-05-22.m,Success,
,,,,,,,,,,,,,,,,,,,,,,9,,,Cpd 9: 28.453,,,,,,,,,,,,,,,,,,,,,,,,,Find by Chromatogram Deconvolution,938040,,72.9900,,,,C:\Users\55129944\OneDrive - MMU (1)\PhD\Labs\TD_Markes_2022\Groupings\Categories\Plastic_Cups\PC_Sample_18_USSB_34_3.D,28.666,,,27587,,,41,Positive,,,,,,72.9900,,,28.453,,28.374,0.292,,,,,,,,,,,,,,,,,,,,,,,,,,,,,,,,,,,,,,,,,,Sample USSB_34 #3 Tube #829265 2022-08-03,,Demo Lab 8890 5977B,1,,Microplastics MMU (AN161) 28July.M,Deconvolution_2023-05-22.m,Success,
,,,,,,,,,,,,,,,,,,,,,,10,,,Cpd 10: 28.707,,,,,,,,,,,,,,,,,,,,,,,,,Find by Chromatogram Deconvolution,617828,,116.0900,,,,C:\Users\55129944\OneDrive - MMU (1)\PhD\Labs\TD_Markes_2022\Groupings\Categories\Plastic_Cups\PC_Sample_18_USSB_34_3.D,28.727,,,81038,,,18,Positive,,,,,,116.0900,,,28.707,,28.552,0.176,,,,,,,,,,,,,,,,,,,,,,,,,,,,,,,,,,,,,,,,,,Sample USSB_34 #3 Tube #829265 2022-08-03,,Demo Lab 8890 5977B,1,,Microplastics MMU (AN161) 28July.M,Deconvolution_2023-05-22.m,Success,
,,,,,,,,,,,,,,,,,,,,,,11,,,Cpd 11: 28.768,,,,,,,,,,,,,,,,,,,,,,,,,Find by Chromatogram Deconvolution,2434737,,206.1900,,,,C:\Users\55129944\OneDrive - MMU (1)\PhD\Labs\TD_Markes_2022\Groupings\Categories\Plastic_Cups\PC_Sample_18_USSB_34_3.D,28.798,,,83940,,,36,Positive,,,,,,206.1900,,,28.768,,28.538,0.259,,,,,,,,,,,,,,,,,,,,,,,,,,,,,,,,,,,,,,,,,,Sample USSB_34 #3 Tube #829265 2022-08-03,,Demo Lab 8890 5977B,1,,Microplastics MMU (AN161) 28July.M,Deconvolution_2023-05-22.m,Success,
,,,,,,,,,,,,,,,,,,,,,,12,,,Cpd 12: 28.777,,,,,,,,,,,,,,,,,,,,,,,,,Find by Chromatogram Deconvolution,37750004,,91.1000,,,,C:\Users\55129944\OneDrive - MMU (1)\PhD\Labs\TD_Markes_2022\Groupings\Categories\Plastic_Cups\PC_Sample_18_USSB_34_3.D,29.185,,,3432279,,,9,Positive,,,,,,91.1000,,,28.777,,28.542,0.643,,,,,,,,,,,,,,,,,,,,,,,,,,,,,,,,,,,,,,,,,,Sample USSB_34 #3 Tube #829265 2022-08-03,,Demo Lab 8890 5977B,1,,Microplastics MMU (AN161) 28July.M,Deconvolution_2023-05-22.m,Success,
,,,,,,,,,,,,,,,,,,,,,,13,,,Cpd 13: 28.790,,,,,,,,,,,,,,,,,,,,,,,,,Find by Chromatogram Deconvolution,41498984,,91.1000,,,,C:\Users\55129944\OneDrive - MMU (1)\PhD\Labs\TD_Markes_2022\Groupings\Categories\Plastic_Cups\PC_Sample_18_USSB_34_3.D,29.170,,,3494020,,,19,Positive,,,,,,91.1000,,,28.790,,28.771,0.399,,,,,,,,,,,,,,,,,,,,,,,,,,,,,,,,,,,,,,,,,,Sample USSB_34 #3 Tube #829265 2022-08-03,,Demo Lab 8890 5977B,1,,Microplastics MMU (AN161) 28July.M,Deconvolution_2023-05-22.m,Success,
,,,,,,,,,,,,,,,,,,,,,,14,,,Cpd 14: 28.803,,,,,,,,,,,,,,,,,,,,,,,,,Find by Chromatogram Deconvolution,6075430,,193.0900,,,,C:\Users\55129944\OneDrive - MMU (1)\PhD\Labs\TD_Markes_2022\Groupings\Categories\Plastic_Cups\PC_Sample_18_USSB_34_3.D,29.029,,,247184,,,32,Positive,,,,,,193.0900,,,28.803,,28.777,0.252,,,,,,,,,,,,,,,,,,,,,,,,,,,,,,,,,,,,,,,,,,Sample USSB_34 #3 Tube #829265 2022-08-03,,Demo Lab 8890 5977B,1,,Microplastics MMU (AN161) 28July.M,Deconvolution_2023-05-22.m,Success,
,,,,,,,,,,,,,,,,,,,,,,15,,,Cpd 15: 29.439,,,,,,,,,,,,,,,,,,,,,,,,,Find by Chromatogram Deconvolution,427470,,109.9600,,,,C:\Users\55129944\OneDrive - MMU (1)\PhD\Labs\TD_Markes_2022\Groupings\Categories\Plastic_Cups\PC_Sample_18_USSB_34_3.D,29.532,,,11552,,,38,Positive,,,,,,109.9600,,,29.439,,29.370,0.162,,,,,,,,,,,,,,,,,,,,,,,,,,,,,,,,,,,,,,,,,,Sample USSB_34 #3 Tube #829265 2022-08-03,,Demo Lab 8890 5977B,1,,Microplastics MMU (AN161) 28July.M,Deconvolution_2023-05-22.m,Success,
,,,,,,,,,,,,,,,,,,,,,,16,,,Cpd 16: 29.447,,,,,,,,,,,,,,,,,,,,,,,,,Find by Chromatogram Deconvolution,488334,,96.9900,,,,C:\Users\55129944\OneDrive - MMU (1)\PhD\Labs\TD_Markes_2022\Groupings\Categories\Plastic_Cups\PC_Sample_18_USSB_34_3.D,29.536,,,14171,,,34,Positive,,,,,,96.9900,,,29.447,,29.370,0.166,,,,,,,,,,,,,,,,,,,,,,,,,,,,,,,,,,,,,,,,,,Sample USSB_34 #3 Tube #829265 2022-08-03,,Demo Lab 8890 5977B,1,,Microplastics MMU (AN161) 28July.M,Deconvolution_2023-05-22.m,Success,
