Version 1

Score (Bio),"Diff (Bio, mDa)","Diff (Bio, ppm)",Uncertainty,Fit Score,Enzyme,Hits (Bioconfirm),Links,Seq Loc,Rule,Missed,Mods,Significance,Pred Mods,Sequence,Seq Name,Seq Type,Tgt Seq Mass,AGILENTID,CAS,Compound ID,Name,Cpd,HMP,KEGG,Label,LMP,METLIN,MPPID,NCBI ID,Notes,Swiss-Prot,Hits (DB),Mass (DB),"Diff (DB, mDa)",Formula (DB),"Diff (DB, ppm)",RT (DB),RT Diff (DB),Score (DB),Shared (DB),Unique (DB),"Diff (MFG, mDa)",Mass (MFG),Formula (MFG),"Diff (MFG, ppm)",Score (MFG),Tgt Hit Pos,Score Diff,Abund,Algorithm,Area,Avg Mass,Base Peak,Z Count,CE,MS/MS Count,File,End,Formula,FV,Height,ID Source,ID Techniques Applied,Ions,Polarity,Max Z,Min Z,Modified,Mass,Score,m/z,m/z (prod.),Score (MFE),RT,Saturated,Start,Width,Library,Score (Lib),Cpds/Group,Group,Std Dev,Vol %,Vol,Primary Base,Primary Note,ADC% Area,ADC% Height,EIC/TIC% Area,EIC/TIC% Height,TIC% Area,TIC% Height,TWC% Area,TWC% Height,UVA% Area,UVA% Height,UVB% Area,UVB% Height,UVC% Area,UVC% Height,Purity Comments,Purity Result,Purity Value,Score (Frag),FIs Conf.,FIs Conf. %,FIs Eval.,Source,"Diff (Tgt, mDa)",Formula (Tgt),"Diff (Tgt, ppm)",RT (Tgt),RT Diff (Tgt),Score (Tgt),Flags (Tgt),Flag Severity (Tgt),Flag Severity Code (Tgt),Mass (Tgt),Sample Name,Sample Type,Instrument Name,Position,User Name,Acq Method,DA Method,IRM Calibration status
,,,,,,,,,,,,,,,,,,,,,,1,,,Cpd 1: 1.160,,,,,,,,,,,,,,,,,,,,,,,,,Find by Chromatogram Deconvolution,97604,,39.9200,,,,C:\Users\55129944\OneDrive - MMU (1)\PhD\Labs\TD_Markes_2022\Groupings\Categories\Plastic_Cups\PC_Sample_1_USE_04_1.D,1.200,,,28699,,,2,Positive,,,,,,39.9200,,,1.160,,1.128,0.072,,,,,,,,,,,,,,,,,,,,,,,,,,,,,,,,,,,,,,,,,,Sample USE_04 #1 Tube #829225 2022-07-28,,Demo Lab 8890 5977B,1,,Microplastics MMU (AN161) 28July.M,Deconvolution_2023-05-22.m,Success,
,,,,,,,,,,,,,,,,,,,,,,2,,,Cpd 2: 1.386,,,,,,,,,,,,,,,,,,,,,,,,,Find by Chromatogram Deconvolution,362921,,44.0000,,,,C:\Users\55129944\OneDrive - MMU (1)\PhD\Labs\TD_Markes_2022\Groupings\Categories\Plastic_Cups\PC_Sample_1_USE_04_1.D,1.584,,,67089,,,2,Positive,,,,,,44.0000,,,1.386,,1.310,0.274,,,,,,,,,,,,,,,,,,,,,,,,,,,,,,,,,,,,,,,,,,Sample USE_04 #1 Tube #829225 2022-07-28,,Demo Lab 8890 5977B,1,,Microplastics MMU (AN161) 28July.M,Deconvolution_2023-05-22.m,Success,
,,,,,,,,,,,,,,,,,,,,,,3,,,Cpd 3: 1.516,,,,,,,,,,,,,,,,,,,,,,,,,Find by Chromatogram Deconvolution,312702,,41.0000,,,,C:\Users\55129944\OneDrive - MMU (1)\PhD\Labs\TD_Markes_2022\Groupings\Categories\Plastic_Cups\PC_Sample_1_USE_04_1.D,1.601,,,65047,,,7,Positive,,,,,,41.0000,,,1.516,,1.483,0.118,,,,,,,,,,,,,,,,,,,,,,,,,,,,,,,,,,,,,,,,,,Sample USE_04 #1 Tube #829225 2022-07-28,,Demo Lab 8890 5977B,1,,Microplastics MMU (AN161) 28July.M,Deconvolution_2023-05-22.m,Success,
,,,,,,,,,,,,,,,,,,,,,,4,,,Cpd 4: 1.656,,,,,,,,,,,,,,,,,,,,,,,,,Find by Chromatogram Deconvolution,213885,,63.7600,,,,C:\Users\55129944\OneDrive - MMU (1)\PhD\Labs\TD_Markes_2022\Groupings\Categories\Plastic_Cups\PC_Sample_1_USE_04_1.D,1.924,,,33792,,,6,Positive,,,,,,63.7600,,,1.656,,1.599,0.325,,,,,,,,,,,,,,,,,,,,,,,,,,,,,,,,,,,,,,,,,,Sample USE_04 #1 Tube #829225 2022-07-28,,Demo Lab 8890 5977B,1,,Microplastics MMU (AN161) 28July.M,Deconvolution_2023-05-22.m,Success,
,,,,,,,,,,,,,,,,,,,,,,5,,,Cpd 5: 1.712,,,,,,,,,,,,,,,,,,,,,,,,,Find by Chromatogram Deconvolution,63737,,49.7700,,,,C:\Users\55129944\OneDrive - MMU (1)\PhD\Labs\TD_Markes_2022\Groupings\Categories\Plastic_Cups\PC_Sample_1_USE_04_1.D,1.768,,,17926,,,6,Positive,,,,,,49.7700,,,1.712,,1.673,0.095,,,,,,,,,,,,,,,,,,,,,,,,,,,,,,,,,,,,,,,,,,Sample USE_04 #1 Tube #829225 2022-07-28,,Demo Lab 8890 5977B,1,,Microplastics MMU (AN161) 28July.M,Deconvolution_2023-05-22.m,Success,
,,,,,,,,,,,,,,,,,,,,,,6,,,Cpd 6: 1.803,,,,,,,,,,,,,,,,,,,,,,,,,Find by Chromatogram Deconvolution,339033,,41.0000,,,,C:\Users\55129944\OneDrive - MMU (1)\PhD\Labs\TD_Markes_2022\Groupings\Categories\Plastic_Cups\PC_Sample_1_USE_04_1.D,1.875,,,65164,,,13,Positive,,,,,,41.0000,,,1.803,,1.763,0.112,,,,,,,,,,,,,,,,,,,,,,,,,,,,,,,,,,,,,,,,,,Sample USE_04 #1 Tube #829225 2022-07-28,,Demo Lab 8890 5977B,1,,Microplastics MMU (AN161) 28July.M,Deconvolution_2023-05-22.m,Success,
,,,,,,,,,,,,,,,,,,,,,,7,,,Cpd 7: 1.905,,,,,,,,,,,,,,,,,,,,,,,,,Find by Chromatogram Deconvolution,325994,,44.0000,,,,C:\Users\55129944\OneDrive - MMU (1)\PhD\Labs\TD_Markes_2022\Groupings\Categories\Plastic_Cups\PC_Sample_1_USE_04_1.D,1.999,,,99315,,,6,Positive,,,,,,44.0000,,,1.905,,1.875,0.124,,,,,,,,,,,,,,,,,,,,,,,,,,,,,,,,,,,,,,,,,,Sample USE_04 #1 Tube #829225 2022-07-28,,Demo Lab 8890 5977B,1,,Microplastics MMU (AN161) 28July.M,Deconvolution_2023-05-22.m,Success,
,,,,,,,,,,,,,,,,,,,,,,8,,,Cpd 8: 2.050,,,,,,,,,,,,,,,,,,,,,,,,,Find by Chromatogram Deconvolution,69033,,46.8500,,,,C:\Users\55129944\OneDrive - MMU (1)\PhD\Labs\TD_Markes_2022\Groupings\Categories\Plastic_Cups\PC_Sample_1_USE_04_1.D,2.141,,,10986,,,5,Positive,,,,,,46.8500,,,2.050,,2.019,0.122,,,,,,,,,,,,,,,,,,,,,,,,,,,,,,,,,,,,,,,,,,Sample USE_04 #1 Tube #829225 2022-07-28,,Demo Lab 8890 5977B,1,,Microplastics MMU (AN161) 28July.M,Deconvolution_2023-05-22.m,Success,
,,,,,,,,,,,,,,,,,,,,,,9,,,Cpd 9: 2.563,,,,,,,,,,,,,,,,,,,,,,,,,Find by Chromatogram Deconvolution,71275,,41.9700,,,,C:\Users\55129944\OneDrive - MMU (1)\PhD\Labs\TD_Markes_2022\Groupings\Categories\Plastic_Cups\PC_Sample_1_USE_04_1.D,2.626,,,9113,,,5,Positive,,,,,,41.9700,,,2.563,,2.504,0.122,,,,,,,,,,,,,,,,,,,,,,,,,,,,,,,,,,,,,,,,,,Sample USE_04 #1 Tube #829225 2022-07-28,,Demo Lab 8890 5977B,1,,Microplastics MMU (AN161) 28July.M,Deconvolution_2023-05-22.m,Success,
,,,,,,,,,,,,,,,,,,,,,,10,,,Cpd 10: 2.625,,,,,,,,,,,,,,,,,,,,,,,,,Find by Chromatogram Deconvolution,2272872,,45.0000,,,,C:\Users\55129944\OneDrive - MMU (1)\PhD\Labs\TD_Markes_2022\Groupings\Categories\Plastic_Cups\PC_Sample_1_USE_04_1.D,2.729,,,501779,,,4,Positive,,,,,,45.0000,,,2.625,,2.590,0.139,,,,,,,,,,,,,,,,,,,,,,,,,,,,,,,,,,,,,,,,,,Sample USE_04 #1 Tube #829225 2022-07-28,,Demo Lab 8890 5977B,1,,Microplastics MMU (AN161) 28July.M,Deconvolution_2023-05-22.m,Success,
,,,,,,,,,,,,,,,,,,,,,,11,,,Cpd 11: 2.635,,,,,,,,,,,,,,,,,,,,,,,,,Find by Chromatogram Deconvolution,2057445,,43.0100,,,,C:\Users\55129944\OneDrive - MMU (1)\PhD\Labs\TD_Markes_2022\Groupings\Categories\Plastic_Cups\PC_Sample_1_USE_04_1.D,2.736,,,332529,,,9,Positive,,,,,,43.0100,,,2.635,,2.581,0.156,,,,,,,,,,,,,,,,,,,,,,,,,,,,,,,,,,,,,,,,,,Sample USE_04 #1 Tube #829225 2022-07-28,,Demo Lab 8890 5977B,1,,Microplastics MMU (AN161) 28July.M,Deconvolution_2023-05-22.m,Success,
,,,,,,,,,,,,,,,,,,,,,,12,,,Cpd 12: 3.075,,,,,,,,,,,,,,,,,,,,,,,,,Find by Chromatogram Deconvolution,311855,,43.0100,,,,C:\Users\55129944\OneDrive - MMU (1)\PhD\Labs\TD_Markes_2022\Groupings\Categories\Plastic_Cups\PC_Sample_1_USE_04_1.D,3.202,,,85753,,,5,Positive,,,,,,43.0100,,,3.075,,3.037,0.165,,,,,,,,,,,,,,,,,,,,,,,,,,,,,,,,,,,,,,,,,,Sample USE_04 #1 Tube #829225 2022-07-28,,Demo Lab 8890 5977B,1,,Microplastics MMU (AN161) 28July.M,Deconvolution_2023-05-22.m,Success,
,,,,,,,,,,,,,,,,,,,,,,13,,,Cpd 13: 3.373,,,,,,,,,,,,,,,,,,,,,,,,,Find by Chromatogram Deconvolution,147885,,75.9000,,,,C:\Users\55129944\OneDrive - MMU (1)\PhD\Labs\TD_Markes_2022\Groupings\Categories\Plastic_Cups\PC_Sample_1_USE_04_1.D,3.501,,,22984,,,7,Positive,,,,,,75.9000,,,3.373,,3.330,0.171,,,,,,,,,,,,,,,,,,,,,,,,,,,,,,,,,,,,,,,,,,Sample USE_04 #1 Tube #829225 2022-07-28,,Demo Lab 8890 5977B,1,,Microplastics MMU (AN161) 28July.M,Deconvolution_2023-05-22.m,Success,
,,,,,,,,,,,,,,,,,,,,,,14,,,Cpd 14: 3.849,,,,,,,,,,,,,,,,,,,,,,,,,Find by Chromatogram Deconvolution,63769,,43.0100,,,,C:\Users\55129944\OneDrive - MMU (1)\PhD\Labs\TD_Markes_2022\Groupings\Categories\Plastic_Cups\PC_Sample_1_USE_04_1.D,3.929,,,7313,,,6,Positive,,,,,,43.0100,,,3.849,,3.653,0.276,,,,,,,,,,,,,,,,,,,,,,,,,,,,,,,,,,,,,,,,,,Sample USE_04 #1 Tube #829225 2022-07-28,,Demo Lab 8890 5977B,1,,Microplastics MMU (AN161) 28July.M,Deconvolution_2023-05-22.m,Success,
,,,,,,,,,,,,,,,,,,,,,,15,,,Cpd 15: 4.498,,,,,,,,,,,,,,,,,,,,,,,,,Find by Chromatogram Deconvolution,1787103,,56.0400,,,,C:\Users\55129944\OneDrive - MMU (1)\PhD\Labs\TD_Markes_2022\Groupings\Categories\Plastic_Cups\PC_Sample_1_USE_04_1.D,4.600,,,124237,,,19,Positive,,,,,,56.0400,,,4.498,,4.418,0.183,,,,,,,,,,,,,,,,,,,,,,,,,,,,,,,,,,,,,,,,,,Sample USE_04 #1 Tube #829225 2022-07-28,,Demo Lab 8890 5977B,1,,Microplastics MMU (AN161) 28July.M,Deconvolution_2023-05-22.m,Success,
,,,,,,,,,,,,,,,,,,,,,,16,,,Cpd 16: 4.692,,,,,,,,,,,,,,,,,,,,,,,,,Find by Chromatogram Deconvolution,69519,,41.0000,,,,C:\Users\55129944\OneDrive - MMU (1)\PhD\Labs\TD_Markes_2022\Groupings\Categories\Plastic_Cups\PC_Sample_1_USE_04_1.D,4.785,,,8925,,,6,Positive,,,,,,41.0000,,,4.692,,4.632,0.152,,,,,,,,,,,,,,,,,,,,,,,,,,,,,,,,,,,,,,,,,,Sample USE_04 #1 Tube #829225 2022-07-28,,Demo Lab 8890 5977B,1,,Microplastics MMU (AN161) 28July.M,Deconvolution_2023-05-22.m,Success,
,,,,,,,,,,,,,,,,,,,,,,17,,,Cpd 17: 5.572,,,,,,,,,,,,,,,,,,,,,,,,,Find by Chromatogram Deconvolution,75370,,43.0100,,,,C:\Users\55129944\OneDrive - MMU (1)\PhD\Labs\TD_Markes_2022\Groupings\Categories\Plastic_Cups\PC_Sample_1_USE_04_1.D,5.794,,,9327,,,9,Positive,,,,,,43.0100,,,5.572,,5.522,0.272,,,,,,,,,,,,,,,,,,,,,,,,,,,,,,,,,,,,,,,,,,Sample USE_04 #1 Tube #829225 2022-07-28,,Demo Lab 8890 5977B,1,,Microplastics MMU (AN161) 28July.M,Deconvolution_2023-05-22.m,Success,
,,,,,,,,,,,,,,,,,,,,,,18,,,Cpd 18: 5.935,,,,,,,,,,,,,,,,,,,,,,,,,Find by Chromatogram Deconvolution,90928,,74.8200,,,,C:\Users\55129944\OneDrive - MMU (1)\PhD\Labs\TD_Markes_2022\Groupings\Categories\Plastic_Cups\PC_Sample_1_USE_04_1.D,6.040,,,9396,,,6,Positive,,,,,,74.8200,,,5.935,,5.834,0.205,,,,,,,,,,,,,,,,,,,,,,,,,,,,,,,,,,,,,,,,,,Sample USE_04 #1 Tube #829225 2022-07-28,,Demo Lab 8890 5977B,1,,Microplastics MMU (AN161) 28July.M,Deconvolution_2023-05-22.m,Success,
,,,,,,,,,,,,,,,,,,,,,,19,,,Cpd 19: 6.098,,,,,,,,,,,,,,,,,,,,,,,,,Find by Chromatogram Deconvolution,157161,,132.0000,,,,C:\Users\55129944\OneDrive - MMU (1)\PhD\Labs\TD_Markes_2022\Groupings\Categories\Plastic_Cups\PC_Sample_1_USE_04_1.D,6.182,,,26113,,,8,Positive,,,,,,132.0000,,,6.098,,6.011,0.171,,,,,,,,,,,,,,,,,,,,,,,,,,,,,,,,,,,,,,,,,,Sample USE_04 #1 Tube #829225 2022-07-28,,Demo Lab 8890 5977B,1,,Microplastics MMU (AN161) 28July.M,Deconvolution_2023-05-22.m,Success,
,,,,,,,,,,,,,,,,,,,,,,20,,,Cpd 20: 8.339,,,,,,,,,,,,,,,,,,,,,,,,,Find by Chromatogram Deconvolution,188932,,77.9600,,,,C:\Users\55129944\OneDrive - MMU (1)\PhD\Labs\TD_Markes_2022\Groupings\Categories\Plastic_Cups\PC_Sample_1_USE_04_1.D,8.454,,,19694,,,9,Positive,,,,,,77.9600,,,8.339,,8.226,0.228,,,,,,,,,,,,,,,,,,,,,,,,,,,,,,,,,,,,,,,,,,Sample USE_04 #1 Tube #829225 2022-07-28,,Demo Lab 8890 5977B,1,,Microplastics MMU (AN161) 28July.M,Deconvolution_2023-05-22.m,Success,
,,,,,,,,,,,,,,,,,,,,,,21,,,Cpd 21: 9.495,,,,,,,,,,,,,,,,,,,,,,,,,Find by Chromatogram Deconvolution,77538,,41.0000,,,,C:\Users\55129944\OneDrive - MMU (1)\PhD\Labs\TD_Markes_2022\Groupings\Categories\Plastic_Cups\PC_Sample_1_USE_04_1.D,9.498,,,3681,,,6,Positive,,,,,,41.0000,,,9.495,,9.490,0.008,,,,,,,,,,,,,,,,,,,,,,,,,,,,,,,,,,,,,,,,,,Sample USE_04 #1 Tube #829225 2022-07-28,,Demo Lab 8890 5977B,1,,Microplastics MMU (AN161) 28July.M,Deconvolution_2023-05-22.m,Success,
,,,,,,,,,,,,,,,,,,,,,,22,,,Cpd 22: 10.327,,,,,,,,,,,,,,,,,,,,,,,,,Find by Chromatogram Deconvolution,84338,,43.0100,,,,C:\Users\55129944\OneDrive - MMU (1)\PhD\Labs\TD_Markes_2022\Groupings\Categories\Plastic_Cups\PC_Sample_1_USE_04_1.D,10.447,,,6203,,,4,Positive,,,,,,43.0100,,,10.327,,10.260,0.186,,,,,,,,,,,,,,,,,,,,,,,,,,,,,,,,,,,,,,,,,,Sample USE_04 #1 Tube #829225 2022-07-28,,Demo Lab 8890 5977B,1,,Microplastics MMU (AN161) 28July.M,Deconvolution_2023-05-22.m,Success,
,,,,,,,,,,,,,,,,,,,,,,23,,,Cpd 23: 10.877,,,,,,,,,,,,,,,,,,,,,,,,,Find by Chromatogram Deconvolution,61668,,56.0400,,,,C:\Users\55129944\OneDrive - MMU (1)\PhD\Labs\TD_Markes_2022\Groupings\Categories\Plastic_Cups\PC_Sample_1_USE_04_1.D,10.958,,,5016,,,6,Positive,,,,,,56.0400,,,10.877,,10.762,0.196,,,,,,,,,,,,,,,,,,,,,,,,,,,,,,,,,,,,,,,,,,Sample USE_04 #1 Tube #829225 2022-07-28,,Demo Lab 8890 5977B,1,,Microplastics MMU (AN161) 28July.M,Deconvolution_2023-05-22.m,Success,
,,,,,,,,,,,,,,,,,,,,,,24,,,Cpd 24: 11.617,,,,,,,,,,,,,,,,,,,,,,,,,Find by Chromatogram Deconvolution,46552,,96.0000,,,,C:\Users\55129944\OneDrive - MMU (1)\PhD\Labs\TD_Markes_2022\Groupings\Categories\Plastic_Cups\PC_Sample_1_USE_04_1.D,11.690,,,4293,,,9,Positive,,,,,,96.0000,,,11.617,,11.555,0.135,,,,,,,,,,,,,,,,,,,,,,,,,,,,,,,,,,,,,,,,,,Sample USE_04 #1 Tube #829225 2022-07-28,,Demo Lab 8890 5977B,1,,Microplastics MMU (AN161) 28July.M,Deconvolution_2023-05-22.m,Success,
,,,,,,,,,,,,,,,,,,,,,,25,,,Cpd 25: 13.057,,,,,,,,,,,,,,,,,,,,,,,,,Find by Chromatogram Deconvolution,1169075,,43.0100,,,,C:\Users\55129944\OneDrive - MMU (1)\PhD\Labs\TD_Markes_2022\Groupings\Categories\Plastic_Cups\PC_Sample_1_USE_04_1.D,13.124,,,130106,,,16,Positive,,,,,,43.0100,,,13.057,,12.994,0.129,,,,,,,,,,,,,,,,,,,,,,,,,,,,,,,,,,,,,,,,,,Sample USE_04 #1 Tube #829225 2022-07-28,,Demo Lab 8890 5977B,1,,Microplastics MMU (AN161) 28July.M,Deconvolution_2023-05-22.m,Success,
,,,,,,,,,,,,,,,,,,,,,,26,,,Cpd 26: 13.428,,,,,,,,,,,,,,,,,,,,,,,,,Find by Chromatogram Deconvolution,3449244,,98.1000,,,,C:\Users\55129944\OneDrive - MMU (1)\PhD\Labs\TD_Markes_2022\Groupings\Categories\Plastic_Cups\PC_Sample_1_USE_04_1.D,13.519,,,717352,,,12,Positive,,,,,,98.1000,,,13.428,,13.375,0.145,,,,,,,,,,,,,,,,,,,,,,,,,,,,,,,,,,,,,,,,,,Sample USE_04 #1 Tube #829225 2022-07-28,,Demo Lab 8890 5977B,1,,Microplastics MMU (AN161) 28July.M,Deconvolution_2023-05-22.m,Success,
,,,,,,,,,,,,,,,,,,,,,,27,,,Cpd 27: 13.534,,,,,,,,,,,,,,,,,,,,,,,,,Find by Chromatogram Deconvolution,53153,,90.8500,,,,C:\Users\55129944\OneDrive - MMU (1)\PhD\Labs\TD_Markes_2022\Groupings\Categories\Plastic_Cups\PC_Sample_1_USE_04_1.D,13.605,,,9138,,,6,Positive,,,,,,90.8500,,,13.534,,13.487,0.118,,,,,,,,,,,,,,,,,,,,,,,,,,,,,,,,,,,,,,,,,,Sample USE_04 #1 Tube #829225 2022-07-28,,Demo Lab 8890 5977B,1,,Microplastics MMU (AN161) 28July.M,Deconvolution_2023-05-22.m,Success,
,,,,,,,,,,,,,,,,,,,,,,28,,,Cpd 28: 13.813,,,,,,,,,,,,,,,,,,,,,,,,,Find by Chromatogram Deconvolution,89382,,54.9800,,,,C:\Users\55129944\OneDrive - MMU (1)\PhD\Labs\TD_Markes_2022\Groupings\Categories\Plastic_Cups\PC_Sample_1_USE_04_1.D,13.890,,,6862,,,10,Positive,,,,,,54.9800,,,13.813,,13.759,0.131,,,,,,,,,,,,,,,,,,,,,,,,,,,,,,,,,,,,,,,,,,Sample USE_04 #1 Tube #829225 2022-07-28,,Demo Lab 8890 5977B,1,,Microplastics MMU (AN161) 28July.M,Deconvolution_2023-05-22.m,Success,
,,,,,,,,,,,,,,,,,,,,,,29,,,Cpd 29: 14.430,,,,,,,,,,,,,,,,,,,,,,,,,Find by Chromatogram Deconvolution,560430,,206.9700,,,,C:\Users\55129944\OneDrive - MMU (1)\PhD\Labs\TD_Markes_2022\Groupings\Categories\Plastic_Cups\PC_Sample_1_USE_04_1.D,14.512,,,98820,,,23,Positive,,,,,,206.9700,,,14.430,,14.371,0.141,,,,,,,,,,,,,,,,,,,,,,,,,,,,,,,,,,,,,,,,,,Sample USE_04 #1 Tube #829225 2022-07-28,,Demo Lab 8890 5977B,1,,Microplastics MMU (AN161) 28July.M,Deconvolution_2023-05-22.m,Success,
,,,,,,,,,,,,,,,,,,,,,,30,,,Cpd 30: 14.505,,,,,,,,,,,,,,,,,,,,,,,,,Find by Chromatogram Deconvolution,59152,,43.0100,,,,C:\Users\55129944\OneDrive - MMU (1)\PhD\Labs\TD_Markes_2022\Groupings\Categories\Plastic_Cups\PC_Sample_1_USE_04_1.D,14.611,,,12857,,,11,Positive,,,,,,43.0100,,,14.505,,14.453,0.158,,,,,,,,,,,,,,,,,,,,,,,,,,,,,,,,,,,,,,,,,,Sample USE_04 #1 Tube #829225 2022-07-28,,Demo Lab 8890 5977B,1,,Microplastics MMU (AN161) 28July.M,Deconvolution_2023-05-22.m,Success,
,,,,,,,,,,,,,,,,,,,,,,31,,,Cpd 31: 14.755,,,,,,,,,,,,,,,,,,,,,,,,,Find by Chromatogram Deconvolution,122234,,54.9800,,,,C:\Users\55129944\OneDrive - MMU (1)\PhD\Labs\TD_Markes_2022\Groupings\Categories\Plastic_Cups\PC_Sample_1_USE_04_1.D,14.832,,,21944,,,6,Positive,,,,,,54.9800,,,14.755,,14.676,0.156,,,,,,,,,,,,,,,,,,,,,,,,,,,,,,,,,,,,,,,,,,Sample USE_04 #1 Tube #829225 2022-07-28,,Demo Lab 8890 5977B,1,,Microplastics MMU (AN161) 28July.M,Deconvolution_2023-05-22.m,Success,
,,,,,,,,,,,,,,,,,,,,,,32,,,Cpd 32: 15.001,,,,,,,,,,,,,,,,,,,,,,,,,Find by Chromatogram Deconvolution,4253486,,70.0600,,,,C:\Users\55129944\OneDrive - MMU (1)\PhD\Labs\TD_Markes_2022\Groupings\Categories\Plastic_Cups\PC_Sample_1_USE_04_1.D,15.083,,,417429,,,22,Positive,,,,,,70.0600,,,15.001,,14.957,0.126,,,,,,,,,,,,,,,,,,,,,,,,,,,,,,,,,,,,,,,,,,Sample USE_04 #1 Tube #829225 2022-07-28,,Demo Lab 8890 5977B,1,,Microplastics MMU (AN161) 28July.M,Deconvolution_2023-05-22.m,Success,
,,,,,,,,,,,,,,,,,,,,,,33,,,Cpd 33: 15.544,,,,,,,,,,,,,,,,,,,,,,,,,Find by Chromatogram Deconvolution,70010,,58.8400,,,,C:\Users\55129944\OneDrive - MMU (1)\PhD\Labs\TD_Markes_2022\Groupings\Categories\Plastic_Cups\PC_Sample_1_USE_04_1.D,15.775,,,5493,,,8,Positive,,,,,,58.8400,,,15.544,,15.482,0.293,,,,,,,,,,,,,,,,,,,,,,,,,,,,,,,,,,,,,,,,,,Sample USE_04 #1 Tube #829225 2022-07-28,,Demo Lab 8890 5977B,1,,Microplastics MMU (AN161) 28July.M,Deconvolution_2023-05-22.m,Success,
,,,,,,,,,,,,,,,,,,,,,,34,,,Cpd 34: 15.781,,,,,,,,,,,,,,,,,,,,,,,,,Find by Chromatogram Deconvolution,118264,,94.8800,,,,C:\Users\55129944\OneDrive - MMU (1)\PhD\Labs\TD_Markes_2022\Groupings\Categories\Plastic_Cups\PC_Sample_1_USE_04_1.D,15.857,,,14533,,,13,Positive,,,,,,94.8800,,,15.781,,15.743,0.114,,,,,,,,,,,,,,,,,,,,,,,,,,,,,,,,,,,,,,,,,,Sample USE_04 #1 Tube #829225 2022-07-28,,Demo Lab 8890 5977B,1,,Microplastics MMU (AN161) 28July.M,Deconvolution_2023-05-22.m,Success,
,,,,,,,,,,,,,,,,,,,,,,35,,,Cpd 35: 15.842,,,,,,,,,,,,,,,,,,,,,,,,,Find by Chromatogram Deconvolution,77022,,56.0400,,,,C:\Users\55129944\OneDrive - MMU (1)\PhD\Labs\TD_Markes_2022\Groupings\Categories\Plastic_Cups\PC_Sample_1_USE_04_1.D,15.910,,,13483,,,9,Positive,,,,,,56.0400,,,15.842,,15.802,0.108,,,,,,,,,,,,,,,,,,,,,,,,,,,,,,,,,,,,,,,,,,Sample USE_04 #1 Tube #829225 2022-07-28,,Demo Lab 8890 5977B,1,,Microplastics MMU (AN161) 28July.M,Deconvolution_2023-05-22.m,Success,
,,,,,,,,,,,,,,,,,,,,,,36,,,Cpd 36: 15.933,,,,,,,,,,,,,,,,,,,,,,,,,Find by Chromatogram Deconvolution,106527,,56.0400,,,,C:\Users\55129944\OneDrive - MMU (1)\PhD\Labs\TD_Markes_2022\Groupings\Categories\Plastic_Cups\PC_Sample_1_USE_04_1.D,15.965,,,9946,,,17,Positive,,,,,,56.0400,,,15.933,,15.895,0.070,,,,,,,,,,,,,,,,,,,,,,,,,,,,,,,,,,,,,,,,,,Sample USE_04 #1 Tube #829225 2022-07-28,,Demo Lab 8890 5977B,1,,Microplastics MMU (AN161) 28July.M,Deconvolution_2023-05-22.m,Success,
,,,,,,,,,,,,,,,,,,,,,,37,,,Cpd 37: 15.992,,,,,,,,,,,,,,,,,,,,,,,,,Find by Chromatogram Deconvolution,87947,,43.0100,,,,C:\Users\55129944\OneDrive - MMU (1)\PhD\Labs\TD_Markes_2022\Groupings\Categories\Plastic_Cups\PC_Sample_1_USE_04_1.D,16.083,,,9198,,,10,Positive,,,,,,43.0100,,,15.992,,15.958,0.126,,,,,,,,,,,,,,,,,,,,,,,,,,,,,,,,,,,,,,,,,,Sample USE_04 #1 Tube #829225 2022-07-28,,Demo Lab 8890 5977B,1,,Microplastics MMU (AN161) 28July.M,Deconvolution_2023-05-22.m,Success,
,,,,,,,,,,,,,,,,,,,,,,38,,,Cpd 38: 16.307,,,,,,,,,,,,,,,,,,,,,,,,,Find by Chromatogram Deconvolution,132779,,103.7600,,,,C:\Users\55129944\OneDrive - MMU (1)\PhD\Labs\TD_Markes_2022\Groupings\Categories\Plastic_Cups\PC_Sample_1_USE_04_1.D,16.414,,,7661,,,21,Positive,,,,,,103.7600,,,16.307,,16.270,0.145,,,,,,,,,,,,,,,,,,,,,,,,,,,,,,,,,,,,,,,,,,Sample USE_04 #1 Tube #829225 2022-07-28,,Demo Lab 8890 5977B,1,,Microplastics MMU (AN161) 28July.M,Deconvolution_2023-05-22.m,Success,
,,,,,,,,,,,,,,,,,,,,,,39,,,Cpd 39: 17.018,,,,,,,,,,,,,,,,,,,,,,,,,Find by Chromatogram Deconvolution,102298,,56.9900,,,,C:\Users\55129944\OneDrive - MMU (1)\PhD\Labs\TD_Markes_2022\Groupings\Categories\Plastic_Cups\PC_Sample_1_USE_04_1.D,17.090,,,14746,,,14,Positive,,,,,,56.9900,,,17.018,,16.972,0.118,,,,,,,,,,,,,,,,,,,,,,,,,,,,,,,,,,,,,,,,,,Sample USE_04 #1 Tube #829225 2022-07-28,,Demo Lab 8890 5977B,1,,Microplastics MMU (AN161) 28July.M,Deconvolution_2023-05-22.m,Success,
,,,,,,,,,,,,,,,,,,,,,,40,,,Cpd 40: 17.233,,,,,,,,,,,,,,,,,,,,,,,,,Find by Chromatogram Deconvolution,84234,,280.8900,,,,C:\Users\55129944\OneDrive - MMU (1)\PhD\Labs\TD_Markes_2022\Groupings\Categories\Plastic_Cups\PC_Sample_1_USE_04_1.D,17.287,,,16033,,,13,Positive,,,,,,280.8900,,,17.233,,17.185,0.103,,,,,,,,,,,,,,,,,,,,,,,,,,,,,,,,,,,,,,,,,,Sample USE_04 #1 Tube #829225 2022-07-28,,Demo Lab 8890 5977B,1,,Microplastics MMU (AN161) 28July.M,Deconvolution_2023-05-22.m,Success,
,,,,,,,,,,,,,,,,,,,,,,41,,,Cpd 41: 17.484,,,,,,,,,,,,,,,,,,,,,,,,,Find by Chromatogram Deconvolution,129991,,54.9800,,,,C:\Users\55129944\OneDrive - MMU (1)\PhD\Labs\TD_Markes_2022\Groupings\Categories\Plastic_Cups\PC_Sample_1_USE_04_1.D,17.527,,,10077,,,20,Positive,,,,,,54.9800,,,17.484,,17.445,0.082,,,,,,,,,,,,,,,,,,,,,,,,,,,,,,,,,,,,,,,,,,Sample USE_04 #1 Tube #829225 2022-07-28,,Demo Lab 8890 5977B,1,,Microplastics MMU (AN161) 28July.M,Deconvolution_2023-05-22.m,Success,
,,,,,,,,,,,,,,,,,,,,,,42,,,Cpd 42: 17.559,,,,,,,,,,,,,,,,,,,,,,,,,Find by Chromatogram Deconvolution,71545,,56.9900,,,,C:\Users\55129944\OneDrive - MMU (1)\PhD\Labs\TD_Markes_2022\Groupings\Categories\Plastic_Cups\PC_Sample_1_USE_04_1.D,17.609,,,8266,,,12,Positive,,,,,,56.9900,,,17.559,,17.512,0.097,,,,,,,,,,,,,,,,,,,,,,,,,,,,,,,,,,,,,,,,,,Sample USE_04 #1 Tube #829225 2022-07-28,,Demo Lab 8890 5977B,1,,Microplastics MMU (AN161) 28July.M,Deconvolution_2023-05-22.m,Success,
,,,,,,,,,,,,,,,,,,,,,,43,,,Cpd 43: 17.696,,,,,,,,,,,,,,,,,,,,,,,,,Find by Chromatogram Deconvolution,576980,,70.9900,,,,C:\Users\55129944\OneDrive - MMU (1)\PhD\Labs\TD_Markes_2022\Groupings\Categories\Plastic_Cups\PC_Sample_1_USE_04_1.D,17.729,,,67131,,,23,Positive,,,,,,70.9900,,,17.696,,17.655,0.074,,,,,,,,,,,,,,,,,,,,,,,,,,,,,,,,,,,,,,,,,,Sample USE_04 #1 Tube #829225 2022-07-28,,Demo Lab 8890 5977B,1,,Microplastics MMU (AN161) 28July.M,Deconvolution_2023-05-22.m,Success,
,,,,,,,,,,,,,,,,,,,,,,44,,,Cpd 44: 17.753,,,,,,,,,,,,,,,,,,,,,,,,,Find by Chromatogram Deconvolution,505883,,70.9900,,,,C:\Users\55129944\OneDrive - MMU (1)\PhD\Labs\TD_Markes_2022\Groupings\Categories\Plastic_Cups\PC_Sample_1_USE_04_1.D,17.826,,,74788,,,17,Positive,,,,,,70.9900,,,17.753,,17.723,0.103,,,,,,,,,,,,,,,,,,,,,,,,,,,,,,,,,,,,,,,,,,Sample USE_04 #1 Tube #829225 2022-07-28,,Demo Lab 8890 5977B,1,,Microplastics MMU (AN161) 28July.M,Deconvolution_2023-05-22.m,Success,
,,,,,,,,,,,,,,,,,,,,,,45,,,Cpd 45: 17.792,,,,,,,,,,,,,,,,,,,,,,,,,Find by Chromatogram Deconvolution,43460,,76.8400,,,,C:\Users\55129944\OneDrive - MMU (1)\PhD\Labs\TD_Markes_2022\Groupings\Categories\Plastic_Cups\PC_Sample_1_USE_04_1.D,17.843,,,8385,,,6,Positive,,,,,,76.8400,,,17.792,,17.754,0.089,,,,,,,,,,,,,,,,,,,,,,,,,,,,,,,,,,,,,,,,,,Sample USE_04 #1 Tube #829225 2022-07-28,,Demo Lab 8890 5977B,1,,Microplastics MMU (AN161) 28July.M,Deconvolution_2023-05-22.m,Success,
,,,,,,,,,,,,,,,,,,,,,,46,,,Cpd 46: 18.083,,,,,,,,,,,,,,,,,,,,,,,,,Find by Chromatogram Deconvolution,78933,,56.9900,,,,C:\Users\55129944\OneDrive - MMU (1)\PhD\Labs\TD_Markes_2022\Groupings\Categories\Plastic_Cups\PC_Sample_1_USE_04_1.D,18.140,,,6295,,,16,Positive,,,,,,56.9900,,,18.083,,18.018,0.122,,,,,,,,,,,,,,,,,,,,,,,,,,,,,,,,,,,,,,,,,,Sample USE_04 #1 Tube #829225 2022-07-28,,Demo Lab 8890 5977B,1,,Microplastics MMU (AN161) 28July.M,Deconvolution_2023-05-22.m,Success,
,,,,,,,,,,,,,,,,,,,,,,47,,,Cpd 47: 18.192,,,,,,,,,,,,,,,,,,,,,,,,,Find by Chromatogram Deconvolution,68619,,56.0400,,,,C:\Users\55129944\OneDrive - MMU (1)\PhD\Labs\TD_Markes_2022\Groupings\Categories\Plastic_Cups\PC_Sample_1_USE_04_1.D,18.237,,,6020,,,18,Positive,,,,,,56.0400,,,18.192,,18.155,0.082,,,,,,,,,,,,,,,,,,,,,,,,,,,,,,,,,,,,,,,,,,Sample USE_04 #1 Tube #829225 2022-07-28,,Demo Lab 8890 5977B,1,,Microplastics MMU (AN161) 28July.M,Deconvolution_2023-05-22.m,Success,
,,,,,,,,,,,,,,,,,,,,,,48,,,Cpd 48: 18.328,,,,,,,,,,,,,,,,,,,,,,,,,Find by Chromatogram Deconvolution,50949,,56.9900,,,,C:\Users\55129944\OneDrive - MMU (1)\PhD\Labs\TD_Markes_2022\Groupings\Categories\Plastic_Cups\PC_Sample_1_USE_04_1.D,18.383,,,6022,,,11,Positive,,,,,,56.9900,,,18.328,,18.290,0.093,,,,,,,,,,,,,,,,,,,,,,,,,,,,,,,,,,,,,,,,,,Sample USE_04 #1 Tube #829225 2022-07-28,,Demo Lab 8890 5977B,1,,Microplastics MMU (AN161) 28July.M,Deconvolution_2023-05-22.m,Success,
,,,,,,,,,,,,,,,,,,,,,,49,,,Cpd 49: 18.460,,,,,,,,,,,,,,,,,,,,,,,,,Find by Chromatogram Deconvolution,127803,,56.9900,,,,C:\Users\55129944\OneDrive - MMU (1)\PhD\Labs\TD_Markes_2022\Groupings\Categories\Plastic_Cups\PC_Sample_1_USE_04_1.D,18.541,,,23468,,,16,Positive,,,,,,56.9900,,,18.460,,18.425,0.116,,,,,,,,,,,,,,,,,,,,,,,,,,,,,,,,,,,,,,,,,,Sample USE_04 #1 Tube #829225 2022-07-28,,Demo Lab 8890 5977B,1,,Microplastics MMU (AN161) 28July.M,Deconvolution_2023-05-22.m,Success,
,,,,,,,,,,,,,,,,,,,,,,50,,,Cpd 50: 18.655,,,,,,,,,,,,,,,,,,,,,,,,,Find by Chromatogram Deconvolution,904363,,68.9800,,,,C:\Users\55129944\OneDrive - MMU (1)\PhD\Labs\TD_Markes_2022\Groupings\Categories\Plastic_Cups\PC_Sample_1_USE_04_1.D,18.680,,,75491,,,33,Positive,,,,,,68.9800,,,18.655,,18.614,0.067,,,,,,,,,,,,,,,,,,,,,,,,,,,,,,,,,,,,,,,,,,Sample USE_04 #1 Tube #829225 2022-07-28,,Demo Lab 8890 5977B,1,,Microplastics MMU (AN161) 28July.M,Deconvolution_2023-05-22.m,Success,
,,,,,,,,,,,,,,,,,,,,,,51,,,Cpd 51: 18.704,,,,,,,,,,,,,,,,,,,,,,,,,Find by Chromatogram Deconvolution,987371,,68.9800,,,,C:\Users\55129944\OneDrive - MMU (1)\PhD\Labs\TD_Markes_2022\Groupings\Categories\Plastic_Cups\PC_Sample_1_USE_04_1.D,18.749,,,77494,,,35,Positive,,,,,,68.9800,,,18.704,,18.678,0.070,,,,,,,,,,,,,,,,,,,,,,,,,,,,,,,,,,,,,,,,,,Sample USE_04 #1 Tube #829225 2022-07-28,,Demo Lab 8890 5977B,1,,Microplastics MMU (AN161) 28July.M,Deconvolution_2023-05-22.m,Success,
,,,,,,,,,,,,,,,,,,,,,,52,,,Cpd 52: 18.773,,,,,,,,,,,,,,,,,,,,,,,,,Find by Chromatogram Deconvolution,135796,,54.9800,,,,C:\Users\55129944\OneDrive - MMU (1)\PhD\Labs\TD_Markes_2022\Groupings\Categories\Plastic_Cups\PC_Sample_1_USE_04_1.D,18.813,,,11088,,,20,Positive,,,,,,54.9800,,,18.773,,18.739,0.074,,,,,,,,,,,,,,,,,,,,,,,,,,,,,,,,,,,,,,,,,,Sample USE_04 #1 Tube #829225 2022-07-28,,Demo Lab 8890 5977B,1,,Microplastics MMU (AN161) 28July.M,Deconvolution_2023-05-22.m,Success,
,,,,,,,,,,,,,,,,,,,,,,53,,,Cpd 53: 18.831,,,,,,,,,,,,,,,,,,,,,,,,,Find by Chromatogram Deconvolution,64268,,56.9900,,,,C:\Users\55129944\OneDrive - MMU (1)\PhD\Labs\TD_Markes_2022\Groupings\Categories\Plastic_Cups\PC_Sample_1_USE_04_1.D,18.872,,,10939,,,9,Positive,,,,,,56.9900,,,18.831,,18.794,0.078,,,,,,,,,,,,,,,,,,,,,,,,,,,,,,,,,,,,,,,,,,Sample USE_04 #1 Tube #829225 2022-07-28,,Demo Lab 8890 5977B,1,,Microplastics MMU (AN161) 28July.M,Deconvolution_2023-05-22.m,Success,
,,,,,,,,,,,,,,,,,,,,,,54,,,Cpd 54: 18.869,,,,,,,,,,,,,,,,,,,,,,,,,Find by Chromatogram Deconvolution,57003,,43.0100,,,,C:\Users\55129944\OneDrive - MMU (1)\PhD\Labs\TD_Markes_2022\Groupings\Categories\Plastic_Cups\PC_Sample_1_USE_04_1.D,18.952,,,7051,,,10,Positive,,,,,,43.0100,,,18.869,,18.813,0.139,,,,,,,,,,,,,,,,,,,,,,,,,,,,,,,,,,,,,,,,,,Sample USE_04 #1 Tube #829225 2022-07-28,,Demo Lab 8890 5977B,1,,Microplastics MMU (AN161) 28July.M,Deconvolution_2023-05-22.m,Success,
,,,,,,,,,,,,,,,,,,,,,,55,,,Cpd 55: 19.335,,,,,,,,,,,,,,,,,,,,,,,,,Find by Chromatogram Deconvolution,144688,,56.9900,,,,C:\Users\55129944\OneDrive - MMU (1)\PhD\Labs\TD_Markes_2022\Groupings\Categories\Plastic_Cups\PC_Sample_1_USE_04_1.D,19.388,,,12501,,,21,Positive,,,,,,56.9900,,,19.335,,19.270,0.118,,,,,,,,,,,,,,,,,,,,,,,,,,,,,,,,,,,,,,,,,,Sample USE_04 #1 Tube #829225 2022-07-28,,Demo Lab 8890 5977B,1,,Microplastics MMU (AN161) 28July.M,Deconvolution_2023-05-22.m,Success,
,,,,,,,,,,,,,,,,,,,,,,56,,,Cpd 56: 19.913,,,,,,,,,,,,,,,,,,,,,,,,,Find by Chromatogram Deconvolution,128791,,54.9800,,,,C:\Users\55129944\OneDrive - MMU (1)\PhD\Labs\TD_Markes_2022\Groupings\Categories\Plastic_Cups\PC_Sample_1_USE_04_1.D,19.950,,,8959,,,21,Positive,,,,,,54.9800,,,19.913,,19.873,0.076,,,,,,,,,,,,,,,,,,,,,,,,,,,,,,,,,,,,,,,,,,Sample USE_04 #1 Tube #829225 2022-07-28,,Demo Lab 8890 5977B,1,,Microplastics MMU (AN161) 28July.M,Deconvolution_2023-05-22.m,Success,
,,,,,,,,,,,,,,,,,,,,,,57,,,Cpd 57: 19.962,,,,,,,,,,,,,,,,,,,,,,,,,Find by Chromatogram Deconvolution,81454,,56.9900,,,,C:\Users\55129944\OneDrive - MMU (1)\PhD\Labs\TD_Markes_2022\Groupings\Categories\Plastic_Cups\PC_Sample_1_USE_04_1.D,20.005,,,14015,,,12,Positive,,,,,,56.9900,,,19.962,,19.929,0.076,,,,,,,,,,,,,,,,,,,,,,,,,,,,,,,,,,,,,,,,,,Sample USE_04 #1 Tube #829225 2022-07-28,,Demo Lab 8890 5977B,1,,Microplastics MMU (AN161) 28July.M,Deconvolution_2023-05-22.m,Success,
,,,,,,,,,,,,,,,,,,,,,,58,,,Cpd 58: 20.357,,,,,,,,,,,,,,,,,,,,,,,,,Find by Chromatogram Deconvolution,95126,,70.9900,,,,C:\Users\55129944\OneDrive - MMU (1)\PhD\Labs\TD_Markes_2022\Groupings\Categories\Plastic_Cups\PC_Sample_1_USE_04_1.D,20.422,,,10856,,,14,Positive,,,,,,70.9900,,,20.357,,20.307,0.114,,,,,,,,,,,,,,,,,,,,,,,,,,,,,,,,,,,,,,,,,,Sample USE_04 #1 Tube #829225 2022-07-28,,Demo Lab 8890 5977B,1,,Microplastics MMU (AN161) 28July.M,Deconvolution_2023-05-22.m,Success,
,,,,,,,,,,,,,,,,,,,,,,59,,,Cpd 59: 20.450,,,,,,,,,,,,,,,,,,,,,,,,,Find by Chromatogram Deconvolution,212003,,70.9900,,,,C:\Users\55129944\OneDrive - MMU (1)\PhD\Labs\TD_Markes_2022\Groupings\Categories\Plastic_Cups\PC_Sample_1_USE_04_1.D,20.507,,,21067,,,24,Positive,,,,,,70.9900,,,20.450,,20.408,0.099,,,,,,,,,,,,,,,,,,,,,,,,,,,,,,,,,,,,,,,,,,Sample USE_04 #1 Tube #829225 2022-07-28,,Demo Lab 8890 5977B,1,,Microplastics MMU (AN161) 28July.M,Deconvolution_2023-05-22.m,Success,
,,,,,,,,,,,,,,,,,,,,,,60,,,Cpd 60: 20.527,,,,,,,,,,,,,,,,,,,,,,,,,Find by Chromatogram Deconvolution,90157,,70.9900,,,,C:\Users\55129944\OneDrive - MMU (1)\PhD\Labs\TD_Markes_2022\Groupings\Categories\Plastic_Cups\PC_Sample_1_USE_04_1.D,20.587,,,13126,,,14,Positive,,,,,,70.9900,,,20.527,,20.486,0.101,,,,,,,,,,,,,,,,,,,,,,,,,,,,,,,,,,,,,,,,,,Sample USE_04 #1 Tube #829225 2022-07-28,,Demo Lab 8890 5977B,1,,Microplastics MMU (AN161) 28July.M,Deconvolution_2023-05-22.m,Success,
,,,,,,,,,,,,,,,,,,,,,,61,,,Cpd 61: 20.738,,,,,,,,,,,,,,,,,,,,,,,,,Find by Chromatogram Deconvolution,63803,,70.0600,,,,C:\Users\55129944\OneDrive - MMU (1)\PhD\Labs\TD_Markes_2022\Groupings\Categories\Plastic_Cups\PC_Sample_1_USE_04_1.D,20.793,,,6295,,,19,Positive,,,,,,70.0600,,,20.738,,20.692,0.101,,,,,,,,,,,,,,,,,,,,,,,,,,,,,,,,,,,,,,,,,,Sample USE_04 #1 Tube #829225 2022-07-28,,Demo Lab 8890 5977B,1,,Microplastics MMU (AN161) 28July.M,Deconvolution_2023-05-22.m,Success,
,,,,,,,,,,,,,,,,,,,,,,62,,,Cpd 62: 20.813,,,,,,,,,,,,,,,,,,,,,,,,,Find by Chromatogram Deconvolution,91723,,70.9900,,,,C:\Users\55129944\OneDrive - MMU (1)\PhD\Labs\TD_Markes_2022\Groupings\Categories\Plastic_Cups\PC_Sample_1_USE_04_1.D,20.861,,,9102,,,13,Positive,,,,,,70.9900,,,20.813,,20.770,0.091,,,,,,,,,,,,,,,,,,,,,,,,,,,,,,,,,,,,,,,,,,Sample USE_04 #1 Tube #829225 2022-07-28,,Demo Lab 8890 5977B,1,,Microplastics MMU (AN161) 28July.M,Deconvolution_2023-05-22.m,Success,
,,,,,,,,,,,,,,,,,,,,,,63,,,Cpd 63: 20.953,,,,,,,,,,,,,,,,,,,,,,,,,Find by Chromatogram Deconvolution,215402,,54.9800,,,,C:\Users\55129944\OneDrive - MMU (1)\PhD\Labs\TD_Markes_2022\Groupings\Categories\Plastic_Cups\PC_Sample_1_USE_04_1.D,20.998,,,10207,,,30,Positive,,,,,,54.9800,,,20.953,,20.871,0.128,,,,,,,,,,,,,,,,,,,,,,,,,,,,,,,,,,,,,,,,,,Sample USE_04 #1 Tube #829225 2022-07-28,,Demo Lab 8890 5977B,1,,Microplastics MMU (AN161) 28July.M,Deconvolution_2023-05-22.m,Success,
,,,,,,,,,,,,,,,,,,,,,,64,,,Cpd 64: 20.968,,,,,,,,,,,,,,,,,,,,,,,,,Find by Chromatogram Deconvolution,1333684,,132.8700,,,,C:\Users\55129944\OneDrive - MMU (1)\PhD\Labs\TD_Markes_2022\Groupings\Categories\Plastic_Cups\PC_Sample_1_USE_04_1.D,21.050,,,203018,,,23,Positive,,,,,,132.8700,,,20.968,,20.932,0.118,,,,,,,,,,,,,,,,,,,,,,,,,,,,,,,,,,,,,,,,,,Sample USE_04 #1 Tube #829225 2022-07-28,,Demo Lab 8890 5977B,1,,Microplastics MMU (AN161) 28July.M,Deconvolution_2023-05-22.m,Success,
,,,,,,,,,,,,,,,,,,,,,,65,,,Cpd 65: 20.995,,,,,,,,,,,,,,,,,,,,,,,,,Find by Chromatogram Deconvolution,152483,,56.9900,,,,C:\Users\55129944\OneDrive - MMU (1)\PhD\Labs\TD_Markes_2022\Groupings\Categories\Plastic_Cups\PC_Sample_1_USE_04_1.D,21.052,,,22372,,,18,Positive,,,,,,56.9900,,,20.995,,20.934,0.118,,,,,,,,,,,,,,,,,,,,,,,,,,,,,,,,,,,,,,,,,,Sample USE_04 #1 Tube #829225 2022-07-28,,Demo Lab 8890 5977B,1,,Microplastics MMU (AN161) 28July.M,Deconvolution_2023-05-22.m,Success,
,,,,,,,,,,,,,,,,,,,,,,66,,,Cpd 66: 21.007,,,,,,,,,,,,,,,,,,,,,,,,,Find by Chromatogram Deconvolution,162522,,70.9900,,,,C:\Users\55129944\OneDrive - MMU (1)\PhD\Labs\TD_Markes_2022\Groupings\Categories\Plastic_Cups\PC_Sample_1_USE_04_1.D,21.084,,,15389,,,23,Positive,,,,,,70.9900,,,21.007,,20.934,0.150,,,,,,,,,,,,,,,,,,,,,,,,,,,,,,,,,,,,,,,,,,Sample USE_04 #1 Tube #829225 2022-07-28,,Demo Lab 8890 5977B,1,,Microplastics MMU (AN161) 28July.M,Deconvolution_2023-05-22.m,Success,
,,,,,,,,,,,,,,,,,,,,,,67,,,Cpd 67: 21.124,,,,,,,,,,,,,,,,,,,,,,,,,Find by Chromatogram Deconvolution,1486808,,68.9800,,,,C:\Users\55129944\OneDrive - MMU (1)\PhD\Labs\TD_Markes_2022\Groupings\Categories\Plastic_Cups\PC_Sample_1_USE_04_1.D,21.172,,,121182,,,37,Positive,,,,,,68.9800,,,21.124,,21.086,0.086,,,,,,,,,,,,,,,,,,,,,,,,,,,,,,,,,,,,,,,,,,Sample USE_04 #1 Tube #829225 2022-07-28,,Demo Lab 8890 5977B,1,,Microplastics MMU (AN161) 28July.M,Deconvolution_2023-05-22.m,Success,
,,,,,,,,,,,,,,,,,,,,,,68,,,Cpd 68: 21.207,,,,,,,,,,,,,,,,,,,,,,,,,Find by Chromatogram Deconvolution,1460338,,68.9800,,,,C:\Users\55129944\OneDrive - MMU (1)\PhD\Labs\TD_Markes_2022\Groupings\Categories\Plastic_Cups\PC_Sample_1_USE_04_1.D,21.257,,,109857,,,35,Positive,,,,,,68.9800,,,21.207,,21.168,0.089,,,,,,,,,,,,,,,,,,,,,,,,,,,,,,,,,,,,,,,,,,Sample USE_04 #1 Tube #829225 2022-07-28,,Demo Lab 8890 5977B,1,,Microplastics MMU (AN161) 28July.M,Deconvolution_2023-05-22.m,Success,
,,,,,,,,,,,,,,,,,,,,,,69,,,Cpd 69: 21.293,,,,,,,,,,,,,,,,,,,,,,,,,Find by Chromatogram Deconvolution,1590234,,68.9800,,,,C:\Users\55129944\OneDrive - MMU (1)\PhD\Labs\TD_Markes_2022\Groupings\Categories\Plastic_Cups\PC_Sample_1_USE_04_1.D,21.362,,,118208,,,36,Positive,,,,,,68.9800,,,21.293,,21.238,0.124,,,,,,,,,,,,,,,,,,,,,,,,,,,,,,,,,,,,,,,,,,Sample USE_04 #1 Tube #829225 2022-07-28,,Demo Lab 8890 5977B,1,,Microplastics MMU (AN161) 28July.M,Deconvolution_2023-05-22.m,Success,
,,,,,,,,,,,,,,,,,,,,,,70,,,Cpd 70: 21.371,,,,,,,,,,,,,,,,,,,,,,,,,Find by Chromatogram Deconvolution,78555,,90.8500,,,,C:\Users\55129944\OneDrive - MMU (1)\PhD\Labs\TD_Markes_2022\Groupings\Categories\Plastic_Cups\PC_Sample_1_USE_04_1.D,21.436,,,7663,,,14,Positive,,,,,,90.8500,,,21.371,,21.335,0.101,,,,,,,,,,,,,,,,,,,,,,,,,,,,,,,,,,,,,,,,,,Sample USE_04 #1 Tube #829225 2022-07-28,,Demo Lab 8890 5977B,1,,Microplastics MMU (AN161) 28July.M,Deconvolution_2023-05-22.m,Success,
,,,,,,,,,,,,,,,,,,,,,,71,,,Cpd 71: 21.749,,,,,,,,,,,,,,,,,,,,,,,,,Find by Chromatogram Deconvolution,141721,,54.9800,,,,C:\Users\55129944\OneDrive - MMU (1)\PhD\Labs\TD_Markes_2022\Groupings\Categories\Plastic_Cups\PC_Sample_1_USE_04_1.D,21.815,,,15327,,,12,Positive,,,,,,54.9800,,,21.749,,21.716,0.099,,,,,,,,,,,,,,,,,,,,,,,,,,,,,,,,,,,,,,,,,,Sample USE_04 #1 Tube #829225 2022-07-28,,Demo Lab 8890 5977B,1,,Microplastics MMU (AN161) 28July.M,Deconvolution_2023-05-22.m,Success,
,,,,,,,,,,,,,,,,,,,,,,72,,,Cpd 72: 21.830,,,,,,,,,,,,,,,,,,,,,,,,,Find by Chromatogram Deconvolution,51448,,71.9500,,,,C:\Users\55129944\OneDrive - MMU (1)\PhD\Labs\TD_Markes_2022\Groupings\Categories\Plastic_Cups\PC_Sample_1_USE_04_1.D,21.889,,,14462,,,7,Positive,,,,,,71.9500,,,21.830,,21.790,0.099,,,,,,,,,,,,,,,,,,,,,,,,,,,,,,,,,,,,,,,,,,Sample USE_04 #1 Tube #829225 2022-07-28,,Demo Lab 8890 5977B,1,,Microplastics MMU (AN161) 28July.M,Deconvolution_2023-05-22.m,Success,
,,,,,,,,,,,,,,,,,,,,,,73,,,Cpd 73: 21.919,,,,,,,,,,,,,,,,,,,,,,,,,Find by Chromatogram Deconvolution,464200,,54.9800,,,,C:\Users\55129944\OneDrive - MMU (1)\PhD\Labs\TD_Markes_2022\Groupings\Categories\Plastic_Cups\PC_Sample_1_USE_04_1.D,21.994,,,30984,,,31,Positive,,,,,,54.9800,,,21.919,,21.880,0.114,,,,,,,,,,,,,,,,,,,,,,,,,,,,,,,,,,,,,,,,,,Sample USE_04 #1 Tube #829225 2022-07-28,,Demo Lab 8890 5977B,1,,Microplastics MMU (AN161) 28July.M,Deconvolution_2023-05-22.m,Success,
,,,,,,,,,,,,,,,,,,,,,,74,,,Cpd 74: 21.953,,,,,,,,,,,,,,,,,,,,,,,,,Find by Chromatogram Deconvolution,253143,,56.9900,,,,C:\Users\55129944\OneDrive - MMU (1)\PhD\Labs\TD_Markes_2022\Groupings\Categories\Plastic_Cups\PC_Sample_1_USE_04_1.D,22.023,,,37754,,,23,Positive,,,,,,56.9900,,,21.953,,21.901,0.122,,,,,,,,,,,,,,,,,,,,,,,,,,,,,,,,,,,,,,,,,,Sample USE_04 #1 Tube #829225 2022-07-28,,Demo Lab 8890 5977B,1,,Microplastics MMU (AN161) 28July.M,Deconvolution_2023-05-22.m,Success,
,,,,,,,,,,,,,,,,,,,,,,75,,,Cpd 75: 22.248,,,,,,,,,,,,,,,,,,,,,,,,,Find by Chromatogram Deconvolution,192968,,87.7600,,,,C:\Users\55129944\OneDrive - MMU (1)\PhD\Labs\TD_Markes_2022\Groupings\Categories\Plastic_Cups\PC_Sample_1_USE_04_1.D,22.297,,,23033,,,25,Positive,,,,,,87.7600,,,22.248,,22.209,0.088,,,,,,,,,,,,,,,,,,,,,,,,,,,,,,,,,,,,,,,,,,Sample USE_04 #1 Tube #829225 2022-07-28,,Demo Lab 8890 5977B,1,,Microplastics MMU (AN161) 28July.M,Deconvolution_2023-05-22.m,Success,
,,,,,,,,,,,,,,,,,,,,,,76,,,Cpd 76: 22.446,,,,,,,,,,,,,,,,,,,,,,,,,Find by Chromatogram Deconvolution,130767,,56.9900,,,,C:\Users\55129944\OneDrive - MMU (1)\PhD\Labs\TD_Markes_2022\Groupings\Categories\Plastic_Cups\PC_Sample_1_USE_04_1.D,22.520,,,7699,,,21,Positive,,,,,,56.9900,,,22.446,,22.394,0.126,,,,,,,,,,,,,,,,,,,,,,,,,,,,,,,,,,,,,,,,,,Sample USE_04 #1 Tube #829225 2022-07-28,,Demo Lab 8890 5977B,1,,Microplastics MMU (AN161) 28July.M,Deconvolution_2023-05-22.m,Success,
,,,,,,,,,,,,,,,,,,,,,,77,,,Cpd 77: 22.541,,,,,,,,,,,,,,,,,,,,,,,,,Find by Chromatogram Deconvolution,115154,,70.9900,,,,C:\Users\55129944\OneDrive - MMU (1)\PhD\Labs\TD_Markes_2022\Groupings\Categories\Plastic_Cups\PC_Sample_1_USE_04_1.D,22.584,,,13543,,,14,Positive,,,,,,70.9900,,,22.541,,22.502,0.082,,,,,,,,,,,,,,,,,,,,,,,,,,,,,,,,,,,,,,,,,,Sample USE_04 #1 Tube #829225 2022-07-28,,Demo Lab 8890 5977B,1,,Microplastics MMU (AN161) 28July.M,Deconvolution_2023-05-22.m,Success,
,,,,,,,,,,,,,,,,,,,,,,78,,,Cpd 78: 22.618,,,,,,,,,,,,,,,,,,,,,,,,,Find by Chromatogram Deconvolution,81011,,70.9900,,,,C:\Users\55129944\OneDrive - MMU (1)\PhD\Labs\TD_Markes_2022\Groupings\Categories\Plastic_Cups\PC_Sample_1_USE_04_1.D,22.674,,,12414,,,11,Positive,,,,,,70.9900,,,22.618,,22.577,0.097,,,,,,,,,,,,,,,,,,,,,,,,,,,,,,,,,,,,,,,,,,Sample USE_04 #1 Tube #829225 2022-07-28,,Demo Lab 8890 5977B,1,,Microplastics MMU (AN161) 28July.M,Deconvolution_2023-05-22.m,Success,
,,,,,,,,,,,,,,,,,,,,,,79,,,Cpd 79: 22.706,,,,,,,,,,,,,,,,,,,,,,,,,Find by Chromatogram Deconvolution,85286,,70.9900,,,,C:\Users\55129944\OneDrive - MMU (1)\PhD\Labs\TD_Markes_2022\Groupings\Categories\Plastic_Cups\PC_Sample_1_USE_04_1.D,22.742,,,14338,,,12,Positive,,,,,,70.9900,,,22.706,,22.657,0.086,,,,,,,,,,,,,,,,,,,,,,,,,,,,,,,,,,,,,,,,,,Sample USE_04 #1 Tube #829225 2022-07-28,,Demo Lab 8890 5977B,1,,Microplastics MMU (AN161) 28July.M,Deconvolution_2023-05-22.m,Success,
,,,,,,,,,,,,,,,,,,,,,,80,,,Cpd 80: 22.788,,,,,,,,,,,,,,,,,,,,,,,,,Find by Chromatogram Deconvolution,53171,,56.9900,,,,C:\Users\55129944\OneDrive - MMU (1)\PhD\Labs\TD_Markes_2022\Groupings\Categories\Plastic_Cups\PC_Sample_1_USE_04_1.D,22.819,,,7232,,,12,Positive,,,,,,56.9900,,,22.788,,22.740,0.078,,,,,,,,,,,,,,,,,,,,,,,,,,,,,,,,,,,,,,,,,,Sample USE_04 #1 Tube #829225 2022-07-28,,Demo Lab 8890 5977B,1,,Microplastics MMU (AN161) 28July.M,Deconvolution_2023-05-22.m,Success,
,,,,,,,,,,,,,,,,,,,,,,81,,,Cpd 81: 22.821,,,,,,,,,,,,,,,,,,,,,,,,,Find by Chromatogram Deconvolution,205607,,68.9800,,,,C:\Users\55129944\OneDrive - MMU (1)\PhD\Labs\TD_Markes_2022\Groupings\Categories\Plastic_Cups\PC_Sample_1_USE_04_1.D,22.927,,,10806,,,23,Positive,,,,,,68.9800,,,22.821,,22.754,0.173,,,,,,,,,,,,,,,,,,,,,,,,,,,,,,,,,,,,,,,,,,Sample USE_04 #1 Tube #829225 2022-07-28,,Demo Lab 8890 5977B,1,,Microplastics MMU (AN161) 28July.M,Deconvolution_2023-05-22.m,Success,
,,,,,,,,,,,,,,,,,,,,,,82,,,Cpd 82: 22.850,,,,,,,,,,,,,,,,,,,,,,,,,Find by Chromatogram Deconvolution,255420,,56.9900,,,,C:\Users\55129944\OneDrive - MMU (1)\PhD\Labs\TD_Markes_2022\Groupings\Categories\Plastic_Cups\PC_Sample_1_USE_04_1.D,22.939,,,33658,,,20,Positive,,,,,,56.9900,,,22.850,,22.801,0.137,,,,,,,,,,,,,,,,,,,,,,,,,,,,,,,,,,,,,,,,,,Sample USE_04 #1 Tube #829225 2022-07-28,,Demo Lab 8890 5977B,1,,Microplastics MMU (AN161) 28July.M,Deconvolution_2023-05-22.m,Success,
,,,,,,,,,,,,,,,,,,,,,,83,,,Cpd 83: 22.995,,,,,,,,,,,,,,,,,,,,,,,,,Find by Chromatogram Deconvolution,96975,,68.9800,,,,C:\Users\55129944\OneDrive - MMU (1)\PhD\Labs\TD_Markes_2022\Groupings\Categories\Plastic_Cups\PC_Sample_1_USE_04_1.D,23.060,,,6432,,,19,Positive,,,,,,68.9800,,,22.995,,22.956,0.105,,,,,,,,,,,,,,,,,,,,,,,,,,,,,,,,,,,,,,,,,,Sample USE_04 #1 Tube #829225 2022-07-28,,Demo Lab 8890 5977B,1,,Microplastics MMU (AN161) 28July.M,Deconvolution_2023-05-22.m,Success,
,,,,,,,,,,,,,,,,,,,,,,84,,,Cpd 84: 23.136,,,,,,,,,,,,,,,,,,,,,,,,,Find by Chromatogram Deconvolution,392916,,68.9800,,,,C:\Users\55129944\OneDrive - MMU (1)\PhD\Labs\TD_Markes_2022\Groupings\Categories\Plastic_Cups\PC_Sample_1_USE_04_1.D,23.186,,,33552,,,34,Positive,,,,,,68.9800,,,23.136,,23.085,0.101,,,,,,,,,,,,,,,,,,,,,,,,,,,,,,,,,,,,,,,,,,Sample USE_04 #1 Tube #829225 2022-07-28,,Demo Lab 8890 5977B,1,,Microplastics MMU (AN161) 28July.M,Deconvolution_2023-05-22.m,Success,
,,,,,,,,,,,,,,,,,,,,,,85,,,Cpd 85: 23.216,,,,,,,,,,,,,,,,,,,,,,,,,Find by Chromatogram Deconvolution,614909,,70.9900,,,,C:\Users\55129944\OneDrive - MMU (1)\PhD\Labs\TD_Markes_2022\Groupings\Categories\Plastic_Cups\PC_Sample_1_USE_04_1.D,23.255,,,44089,,,35,Positive,,,,,,70.9900,,,23.216,,23.178,0.076,,,,,,,,,,,,,,,,,,,,,,,,,,,,,,,,,,,,,,,,,,Sample USE_04 #1 Tube #829225 2022-07-28,,Demo Lab 8890 5977B,1,,Microplastics MMU (AN161) 28July.M,Deconvolution_2023-05-22.m,Success,
,,,,,,,,,,,,,,,,,,,,,,86,,,Cpd 86: 23.281,,,,,,,,,,,,,,,,,,,,,,,,,Find by Chromatogram Deconvolution,375958,,68.9800,,,,C:\Users\55129944\OneDrive - MMU (1)\PhD\Labs\TD_Markes_2022\Groupings\Categories\Plastic_Cups\PC_Sample_1_USE_04_1.D,23.333,,,23049,,,28,Positive,,,,,,68.9800,,,23.281,,23.243,0.089,,,,,,,,,,,,,,,,,,,,,,,,,,,,,,,,,,,,,,,,,,Sample USE_04 #1 Tube #829225 2022-07-28,,Demo Lab 8890 5977B,1,,Microplastics MMU (AN161) 28July.M,Deconvolution_2023-05-22.m,Success,
,,,,,,,,,,,,,,,,,,,,,,87,,,Cpd 87: 23.365,,,,,,,,,,,,,,,,,,,,,,,,,Find by Chromatogram Deconvolution,579742,,68.9800,,,,C:\Users\55129944\OneDrive - MMU (1)\PhD\Labs\TD_Markes_2022\Groupings\Categories\Plastic_Cups\PC_Sample_1_USE_04_1.D,23.420,,,42396,,,32,Positive,,,,,,68.9800,,,23.365,,23.317,0.103,,,,,,,,,,,,,,,,,,,,,,,,,,,,,,,,,,,,,,,,,,Sample USE_04 #1 Tube #829225 2022-07-28,,Demo Lab 8890 5977B,1,,Microplastics MMU (AN161) 28July.M,Deconvolution_2023-05-22.m,Success,
,,,,,,,,,,,,,,,,,,,,,,88,,,Cpd 88: 23.452,,,,,,,,,,,,,,,,,,,,,,,,,Find by Chromatogram Deconvolution,344856,,68.9800,,,,C:\Users\55129944\OneDrive - MMU (1)\PhD\Labs\TD_Markes_2022\Groupings\Categories\Plastic_Cups\PC_Sample_1_USE_04_1.D,23.538,,,25011,,,30,Positive,,,,,,68.9800,,,23.452,,23.416,0.122,,,,,,,,,,,,,,,,,,,,,,,,,,,,,,,,,,,,,,,,,,Sample USE_04 #1 Tube #829225 2022-07-28,,Demo Lab 8890 5977B,1,,Microplastics MMU (AN161) 28July.M,Deconvolution_2023-05-22.m,Success,
,,,,,,,,,,,,,,,,,,,,,,89,,,Cpd 89: 23.571,,,,,,,,,,,,,,,,,,,,,,,,,Find by Chromatogram Deconvolution,1887337,,191.1000,,,,C:\Users\55129944\OneDrive - MMU (1)\PhD\Labs\TD_Markes_2022\Groupings\Categories\Plastic_Cups\PC_Sample_1_USE_04_1.D,23.641,,,482295,,,28,Positive,,,,,,191.1000,,,23.571,,23.535,0.107,,,,,,,,,,,,,,,,,,,,,,,,,,,,,,,,,,,,,,,,,,Sample USE_04 #1 Tube #829225 2022-07-28,,Demo Lab 8890 5977B,1,,Microplastics MMU (AN161) 28July.M,Deconvolution_2023-05-22.m,Success,
,,,,,,,,,,,,,,,,,,,,,,90,,,Cpd 90: 23.674,,,,,,,,,,,,,,,,,,,,,,,,,Find by Chromatogram Deconvolution,451140,,54.9800,,,,C:\Users\55129944\OneDrive - MMU (1)\PhD\Labs\TD_Markes_2022\Groupings\Categories\Plastic_Cups\PC_Sample_1_USE_04_1.D,23.754,,,26704,,,28,Positive,,,,,,54.9800,,,23.674,,23.632,0.122,,,,,,,,,,,,,,,,,,,,,,,,,,,,,,,,,,,,,,,,,,Sample USE_04 #1 Tube #829225 2022-07-28,,Demo Lab 8890 5977B,1,,Microplastics MMU (AN161) 28July.M,Deconvolution_2023-05-22.m,Success,
,,,,,,,,,,,,,,,,,,,,,,91,,,Cpd 91: 23.697,,,,,,,,,,,,,,,,,,,,,,,,,Find by Chromatogram Deconvolution,215937,,56.9900,,,,C:\Users\55129944\OneDrive - MMU (1)\PhD\Labs\TD_Markes_2022\Groupings\Categories\Plastic_Cups\PC_Sample_1_USE_04_1.D,23.754,,,33651,,,13,Positive,,,,,,56.9900,,,23.697,,23.649,0.105,,,,,,,,,,,,,,,,,,,,,,,,,,,,,,,,,,,,,,,,,,Sample USE_04 #1 Tube #829225 2022-07-28,,Demo Lab 8890 5977B,1,,Microplastics MMU (AN161) 28July.M,Deconvolution_2023-05-22.m,Success,
,,,,,,,,,,,,,,,,,,,,,,92,,,Cpd 92: 24.124,,,,,,,,,,,,,,,,,,,,,,,,,Find by Chromatogram Deconvolution,217677,,70.9900,,,,C:\Users\55129944\OneDrive - MMU (1)\PhD\Labs\TD_Markes_2022\Groupings\Categories\Plastic_Cups\PC_Sample_1_USE_04_1.D,24.165,,,60730,,,18,Positive,,,,,,70.9900,,,24.124,,24.081,0.084,,,,,,,,,,,,,,,,,,,,,,,,,,,,,,,,,,,,,,,,,,Sample USE_04 #1 Tube #829225 2022-07-28,,Demo Lab 8890 5977B,1,,Microplastics MMU (AN161) 28July.M,Deconvolution_2023-05-22.m,Success,
,,,,,,,,,,,,,,,,,,,,,,93,,,Cpd 93: 24.190,,,,,,,,,,,,,,,,,,,,,,,,,Find by Chromatogram Deconvolution,80672,,90.8500,,,,C:\Users\55129944\OneDrive - MMU (1)\PhD\Labs\TD_Markes_2022\Groupings\Categories\Plastic_Cups\PC_Sample_1_USE_04_1.D,24.232,,,4935,,,20,Positive,,,,,,90.8500,,,24.190,,24.150,0.082,,,,,,,,,,,,,,,,,,,,,,,,,,,,,,,,,,,,,,,,,,Sample USE_04 #1 Tube #829225 2022-07-28,,Demo Lab 8890 5977B,1,,Microplastics MMU (AN161) 28July.M,Deconvolution_2023-05-22.m,Success,
,,,,,,,,,,,,,,,,,,,,,,94,,,Cpd 94: 24.266,,,,,,,,,,,,,,,,,,,,,,,,,Find by Chromatogram Deconvolution,62650,,56.9900,,,,C:\Users\55129944\OneDrive - MMU (1)\PhD\Labs\TD_Markes_2022\Groupings\Categories\Plastic_Cups\PC_Sample_1_USE_04_1.D,24.312,,,3889,,,16,Positive,,,,,,56.9900,,,24.266,,24.226,0.086,,,,,,,,,,,,,,,,,,,,,,,,,,,,,,,,,,,,,,,,,,Sample USE_04 #1 Tube #829225 2022-07-28,,Demo Lab 8890 5977B,1,,Microplastics MMU (AN161) 28July.M,Deconvolution_2023-05-22.m,Success,
,,,,,,,,,,,,,,,,,,,,,,95,,,Cpd 95: 24.322,,,,,,,,,,,,,,,,,,,,,,,,,Find by Chromatogram Deconvolution,722666,,39.9200,,,,C:\Users\55129944\OneDrive - MMU (1)\PhD\Labs\TD_Markes_2022\Groupings\Categories\Plastic_Cups\PC_Sample_1_USE_04_1.D,24.388,,,476266,,,2,Positive,,,,,,39.9200,,,24.322,,24.293,0.095,,,,,,,,,,,,,,,,,,,,,,,,,,,,,,,,,,,,,,,,,,Sample USE_04 #1 Tube #829225 2022-07-28,,Demo Lab 8890 5977B,1,,Microplastics MMU (AN161) 28July.M,Deconvolution_2023-05-22.m,Success,
,,,,,,,,,,,,,,,,,,,,,,96,,,Cpd 96: 24.518,,,,,,,,,,,,,,,,,,,,,,,,,Find by Chromatogram Deconvolution,183689,,56.9900,,,,C:\Users\55129944\OneDrive - MMU (1)\PhD\Labs\TD_Markes_2022\Groupings\Categories\Plastic_Cups\PC_Sample_1_USE_04_1.D,24.567,,,16590,,,20,Positive,,,,,,56.9900,,,24.518,,24.470,0.097,,,,,,,,,,,,,,,,,,,,,,,,,,,,,,,,,,,,,,,,,,Sample USE_04 #1 Tube #829225 2022-07-28,,Demo Lab 8890 5977B,1,,Microplastics MMU (AN161) 28July.M,Deconvolution_2023-05-22.m,Success,
,,,,,,,,,,,,,,,,,,,,,,97,,,Cpd 97: 24.666,,,,,,,,,,,,,,,,,,,,,,,,,Find by Chromatogram Deconvolution,91148,,70.9900,,,,C:\Users\55129944\OneDrive - MMU (1)\PhD\Labs\TD_Markes_2022\Groupings\Categories\Plastic_Cups\PC_Sample_1_USE_04_1.D,24.702,,,8868,,,16,Positive,,,,,,70.9900,,,24.666,,24.596,0.107,,,,,,,,,,,,,,,,,,,,,,,,,,,,,,,,,,,,,,,,,,Sample USE_04 #1 Tube #829225 2022-07-28,,Demo Lab 8890 5977B,1,,Microplastics MMU (AN161) 28July.M,Deconvolution_2023-05-22.m,Success,
,,,,,,,,,,,,,,,,,,,,,,98,,,Cpd 98: 24.716,,,,,,,,,,,,,,,,,,,,,,,,,Find by Chromatogram Deconvolution,157986,,54.9800,,,,C:\Users\55129944\OneDrive - MMU (1)\PhD\Labs\TD_Markes_2022\Groupings\Categories\Plastic_Cups\PC_Sample_1_USE_04_1.D,24.779,,,13421,,,27,Positive,,,,,,54.9800,,,24.716,,24.679,0.099,,,,,,,,,,,,,,,,,,,,,,,,,,,,,,,,,,,,,,,,,,Sample USE_04 #1 Tube #829225 2022-07-28,,Demo Lab 8890 5977B,1,,Microplastics MMU (AN161) 28July.M,Deconvolution_2023-05-22.m,Success,
,,,,,,,,,,,,,,,,,,,,,,99,,,Cpd 99: 24.981,,,,,,,,,,,,,,,,,,,,,,,,,Find by Chromatogram Deconvolution,656799,,68.9800,,,,C:\Users\55129944\OneDrive - MMU (1)\PhD\Labs\TD_Markes_2022\Groupings\Categories\Plastic_Cups\PC_Sample_1_USE_04_1.D,25.026,,,47252,,,35,Positive,,,,,,68.9800,,,24.981,,24.933,0.093,,,,,,,,,,,,,,,,,,,,,,,,,,,,,,,,,,,,,,,,,,Sample USE_04 #1 Tube #829225 2022-07-28,,Demo Lab 8890 5977B,1,,Microplastics MMU (AN161) 28July.M,Deconvolution_2023-05-22.m,Success,
,,,,,,,,,,,,,,,,,,,,,,100,,,Cpd 100: 25.059,,,,,,,,,,,,,,,,,,,,,,,,,Find by Chromatogram Deconvolution,578816,,70.9900,,,,C:\Users\55129944\OneDrive - MMU (1)\PhD\Labs\TD_Markes_2022\Groupings\Categories\Plastic_Cups\PC_Sample_1_USE_04_1.D,25.100,,,31031,,,36,Positive,,,,,,70.9900,,,25.059,,25.015,0.086,,,,,,,,,,,,,,,,,,,,,,,,,,,,,,,,,,,,,,,,,,Sample USE_04 #1 Tube #829225 2022-07-28,,Demo Lab 8890 5977B,1,,Microplastics MMU (AN161) 28July.M,Deconvolution_2023-05-22.m,Success,
,,,,,,,,,,,,,,,,,,,,,,101,,,Cpd 101: 25.111,,,,,,,,,,,,,,,,,,,,,,,,,Find by Chromatogram Deconvolution,109682,,82.0000,,,,C:\Users\55129944\OneDrive - MMU (1)\PhD\Labs\TD_Markes_2022\Groupings\Categories\Plastic_Cups\PC_Sample_1_USE_04_1.D,25.179,,,7642,,,14,Positive,,,,,,82.0000,,,25.111,,25.055,0.124,,,,,,,,,,,,,,,,,,,,,,,,,,,,,,,,,,,,,,,,,,Sample USE_04 #1 Tube #829225 2022-07-28,,Demo Lab 8890 5977B,1,,Microplastics MMU (AN161) 28July.M,Deconvolution_2023-05-22.m,Success,
,,,,,,,,,,,,,,,,,,,,,,102,,,Cpd 102: 25.136,,,,,,,,,,,,,,,,,,,,,,,,,Find by Chromatogram Deconvolution,608714,,68.9800,,,,C:\Users\55129944\OneDrive - MMU (1)\PhD\Labs\TD_Markes_2022\Groupings\Categories\Plastic_Cups\PC_Sample_1_USE_04_1.D,25.184,,,28689,,,27,Positive,,,,,,68.9800,,,25.136,,25.085,0.099,,,,,,,,,,,,,,,,,,,,,,,,,,,,,,,,,,,,,,,,,,Sample USE_04 #1 Tube #829225 2022-07-28,,Demo Lab 8890 5977B,1,,Microplastics MMU (AN161) 28July.M,Deconvolution_2023-05-22.m,Success,
,,,,,,,,,,,,,,,,,,,,,,103,,,Cpd 103: 25.211,,,,,,,,,,,,,,,,,,,,,,,,,Find by Chromatogram Deconvolution,86018,,110.1000,,,,C:\Users\55129944\OneDrive - MMU (1)\PhD\Labs\TD_Markes_2022\Groupings\Categories\Plastic_Cups\PC_Sample_1_USE_04_1.D,25.280,,,8603,,,13,Positive,,,,,,110.1000,,,25.211,,25.154,0.126,,,,,,,,,,,,,,,,,,,,,,,,,,,,,,,,,,,,,,,,,,Sample USE_04 #1 Tube #829225 2022-07-28,,Demo Lab 8890 5977B,1,,Microplastics MMU (AN161) 28July.M,Deconvolution_2023-05-22.m,Success,
,,,,,,,,,,,,,,,,,,,,,,104,,,Cpd 104: 25.243,,,,,,,,,,,,,,,,,,,,,,,,,Find by Chromatogram Deconvolution,1571248,,68.9800,,,,C:\Users\55129944\OneDrive - MMU (1)\PhD\Labs\TD_Markes_2022\Groupings\Categories\Plastic_Cups\PC_Sample_1_USE_04_1.D,25.293,,,73785,,,40,Positive,,,,,,68.9800,,,25.243,,25.173,0.120,,,,,,,,,,,,,,,,,,,,,,,,,,,,,,,,,,,,,,,,,,Sample USE_04 #1 Tube #829225 2022-07-28,,Demo Lab 8890 5977B,1,,Microplastics MMU (AN161) 28July.M,Deconvolution_2023-05-22.m,Success,
,,,,,,,,,,,,,,,,,,,,,,105,,,Cpd 105: 25.328,,,,,,,,,,,,,,,,,,,,,,,,,Find by Chromatogram Deconvolution,476815,,68.9800,,,,C:\Users\55129944\OneDrive - MMU (1)\PhD\Labs\TD_Markes_2022\Groupings\Categories\Plastic_Cups\PC_Sample_1_USE_04_1.D,25.398,,,27396,,,33,Positive,,,,,,68.9800,,,25.328,,25.285,0.112,,,,,,,,,,,,,,,,,,,,,,,,,,,,,,,,,,,,,,,,,,Sample USE_04 #1 Tube #829225 2022-07-28,,Demo Lab 8890 5977B,1,,Microplastics MMU (AN161) 28July.M,Deconvolution_2023-05-22.m,Success,
,,,,,,,,,,,,,,,,,,,,,,106,,,Cpd 106: 25.454,,,,,,,,,,,,,,,,,,,,,,,,,Find by Chromatogram Deconvolution,382809,,68.9800,,,,C:\Users\55129944\OneDrive - MMU (1)\PhD\Labs\TD_Markes_2022\Groupings\Categories\Plastic_Cups\PC_Sample_1_USE_04_1.D,25.508,,,19299,,,29,Positive,,,,,,68.9800,,,25.454,,25.386,0.122,,,,,,,,,,,,,,,,,,,,,,,,,,,,,,,,,,,,,,,,,,Sample USE_04 #1 Tube #829225 2022-07-28,,Demo Lab 8890 5977B,1,,Microplastics MMU (AN161) 28July.M,Deconvolution_2023-05-22.m,Success,
,,,,,,,,,,,,,,,,,,,,,,107,,,Cpd 107: 25.568,,,,,,,,,,,,,,,,,,,,,,,,,Find by Chromatogram Deconvolution,520782,,68.9800,,,,C:\Users\55129944\OneDrive - MMU (1)\PhD\Labs\TD_Markes_2022\Groupings\Categories\Plastic_Cups\PC_Sample_1_USE_04_1.D,25.640,,,33145,,,34,Positive,,,,,,68.9800,,,25.568,,25.522,0.118,,,,,,,,,,,,,,,,,,,,,,,,,,,,,,,,,,,,,,,,,,Sample USE_04 #1 Tube #829225 2022-07-28,,Demo Lab 8890 5977B,1,,Microplastics MMU (AN161) 28July.M,Deconvolution_2023-05-22.m,Success,
,,,,,,,,,,,,,,,,,,,,,,108,,,Cpd 108: 25.763,,,,,,,,,,,,,,,,,,,,,,,,,Find by Chromatogram Deconvolution,193993,,99.0400,,,,C:\Users\55129944\OneDrive - MMU (1)\PhD\Labs\TD_Markes_2022\Groupings\Categories\Plastic_Cups\PC_Sample_1_USE_04_1.D,25.832,,,13296,,,25,Positive,,,,,,99.0400,,,25.763,,25.704,0.128,,,,,,,,,,,,,,,,,,,,,,,,,,,,,,,,,,,,,,,,,,Sample USE_04 #1 Tube #829225 2022-07-28,,Demo Lab 8890 5977B,1,,Microplastics MMU (AN161) 28July.M,Deconvolution_2023-05-22.m,Success,
,,,,,,,,,,,,,,,,,,,,,,109,,,Cpd 109: 25.960,,,,,,,,,,,,,,,,,,,,,,,,,Find by Chromatogram Deconvolution,82295,,43.0100,,,,C:\Users\55129944\OneDrive - MMU (1)\PhD\Labs\TD_Markes_2022\Groupings\Categories\Plastic_Cups\PC_Sample_1_USE_04_1.D,26.017,,,4058,,,13,Positive,,,,,,43.0100,,,25.960,,25.920,0.097,,,,,,,,,,,,,,,,,,,,,,,,,,,,,,,,,,,,,,,,,,Sample USE_04 #1 Tube #829225 2022-07-28,,Demo Lab 8890 5977B,1,,Microplastics MMU (AN161) 28July.M,Deconvolution_2023-05-22.m,Success,
,,,,,,,,,,,,,,,,,,,,,,110,,,Cpd 110: 26.196,,,,,,,,,,,,,,,,,,,,,,,,,Find by Chromatogram Deconvolution,336601,,56.9900,,,,C:\Users\55129944\OneDrive - MMU (1)\PhD\Labs\TD_Markes_2022\Groupings\Categories\Plastic_Cups\PC_Sample_1_USE_04_1.D,26.274,,,13677,,,32,Positive,,,,,,56.9900,,,26.196,,26.137,0.137,,,,,,,,,,,,,,,,,,,,,,,,,,,,,,,,,,,,,,,,,,Sample USE_04 #1 Tube #829225 2022-07-28,,Demo Lab 8890 5977B,1,,Microplastics MMU (AN161) 28July.M,Deconvolution_2023-05-22.m,Success,
,,,,,,,,,,,,,,,,,,,,,,111,,,Cpd 111: 26.329,,,,,,,,,,,,,,,,,,,,,,,,,Find by Chromatogram Deconvolution,2923148,,96.9700,,,,C:\Users\55129944\OneDrive - MMU (1)\PhD\Labs\TD_Markes_2022\Groupings\Categories\Plastic_Cups\PC_Sample_1_USE_04_1.D,26.451,,,101972,,,61,Positive,,,,,,96.9700,,,26.329,,26.278,0.173,,,,,,,,,,,,,,,,,,,,,,,,,,,,,,,,,,,,,,,,,,Sample USE_04 #1 Tube #829225 2022-07-28,,Demo Lab 8890 5977B,1,,Microplastics MMU (AN161) 28July.M,Deconvolution_2023-05-22.m,Success,
,,,,,,,,,,,,,,,,,,,,,,112,,,Cpd 112: 26.520,,,,,,,,,,,,,,,,,,,,,,,,,Find by Chromatogram Deconvolution,164907,,43.0100,,,,C:\Users\55129944\OneDrive - MMU (1)\PhD\Labs\TD_Markes_2022\Groupings\Categories\Plastic_Cups\PC_Sample_1_USE_04_1.D,26.575,,,6602,,,29,Positive,,,,,,43.0100,,,26.520,,26.468,0.107,,,,,,,,,,,,,,,,,,,,,,,,,,,,,,,,,,,,,,,,,,Sample USE_04 #1 Tube #829225 2022-07-28,,Demo Lab 8890 5977B,1,,Microplastics MMU (AN161) 28July.M,Deconvolution_2023-05-22.m,Success,
,,,,,,,,,,,,,,,,,,,,,,113,,,Cpd 113: 26.990,,,,,,,,,,,,,,,,,,,,,,,,,Find by Chromatogram Deconvolution,55229,,56.9900,,,,C:\Users\55129944\OneDrive - MMU (1)\PhD\Labs\TD_Markes_2022\Groupings\Categories\Plastic_Cups\PC_Sample_1_USE_04_1.D,27.063,,,6950,,,7,Positive,,,,,,56.9900,,,26.990,,26.931,0.131,,,,,,,,,,,,,,,,,,,,,,,,,,,,,,,,,,,,,,,,,,Sample USE_04 #1 Tube #829225 2022-07-28,,Demo Lab 8890 5977B,1,,Microplastics MMU (AN161) 28July.M,Deconvolution_2023-05-22.m,Success,
,,,,,,,,,,,,,,,,,,,,,,114,,,Cpd 114: 26.997,,,,,,,,,,,,,,,,,,,,,,,,,Find by Chromatogram Deconvolution,56742,,70.9900,,,,C:\Users\55129944\OneDrive - MMU (1)\PhD\Labs\TD_Markes_2022\Groupings\Categories\Plastic_Cups\PC_Sample_1_USE_04_1.D,27.057,,,6882,,,7,Positive,,,,,,70.9900,,,26.997,,26.935,0.122,,,,,,,,,,,,,,,,,,,,,,,,,,,,,,,,,,,,,,,,,,Sample USE_04 #1 Tube #829225 2022-07-28,,Demo Lab 8890 5977B,1,,Microplastics MMU (AN161) 28July.M,Deconvolution_2023-05-22.m,Success,
,,,,,,,,,,,,,,,,,,,,,,115,,,Cpd 115: 27.282,,,,,,,,,,,,,,,,,,,,,,,,,Find by Chromatogram Deconvolution,818992,,57.9600,,,,C:\Users\55129944\OneDrive - MMU (1)\PhD\Labs\TD_Markes_2022\Groupings\Categories\Plastic_Cups\PC_Sample_1_USE_04_1.D,27.405,,,61018,,,39,Positive,,,,,,57.9600,,,27.282,,27.219,0.187,,,,,,,,,,,,,,,,,,,,,,,,,,,,,,,,,,,,,,,,,,Sample USE_04 #1 Tube #829225 2022-07-28,,Demo Lab 8890 5977B,1,,Microplastics MMU (AN161) 28July.M,Deconvolution_2023-05-22.m,Success,
,,,,,,,,,,,,,,,,,,,,,,116,,,Cpd 116: 27.473,,,,,,,,,,,,,,,,,,,,,,,,,Find by Chromatogram Deconvolution,138891,,68.9800,,,,C:\Users\55129944\OneDrive - MMU (1)\PhD\Labs\TD_Markes_2022\Groupings\Categories\Plastic_Cups\PC_Sample_1_USE_04_1.D,27.525,,,9370,,,15,Positive,,,,,,68.9800,,,27.473,,27.417,0.109,,,,,,,,,,,,,,,,,,,,,,,,,,,,,,,,,,,,,,,,,,Sample USE_04 #1 Tube #829225 2022-07-28,,Demo Lab 8890 5977B,1,,Microplastics MMU (AN161) 28July.M,Deconvolution_2023-05-22.m,Success,
,,,,,,,,,,,,,,,,,,,,,,117,,,Cpd 117: 27.530,,,,,,,,,,,,,,,,,,,,,,,,,Find by Chromatogram Deconvolution,42909,,82.0000,,,,C:\Users\55129944\OneDrive - MMU (1)\PhD\Labs\TD_Markes_2022\Groupings\Categories\Plastic_Cups\PC_Sample_1_USE_04_1.D,27.577,,,3073,,,8,Positive,,,,,,82.0000,,,27.530,,27.482,0.095,,,,,,,,,,,,,,,,,,,,,,,,,,,,,,,,,,,,,,,,,,Sample USE_04 #1 Tube #829225 2022-07-28,,Demo Lab 8890 5977B,1,,Microplastics MMU (AN161) 28July.M,Deconvolution_2023-05-22.m,Success,
,,,,,,,,,,,,,,,,,,,,,,118,,,Cpd 118: 27.559,,,,,,,,,,,,,,,,,,,,,,,,,Find by Chromatogram Deconvolution,192482,,56.9900,,,,C:\Users\55129944\OneDrive - MMU (1)\PhD\Labs\TD_Markes_2022\Groupings\Categories\Plastic_Cups\PC_Sample_1_USE_04_1.D,27.642,,,14409,,,10,Positive,,,,,,56.9900,,,27.559,,27.476,0.166,,,,,,,,,,,,,,,,,,,,,,,,,,,,,,,,,,,,,,,,,,Sample USE_04 #1 Tube #829225 2022-07-28,,Demo Lab 8890 5977B,1,,Microplastics MMU (AN161) 28July.M,Deconvolution_2023-05-22.m,Success,
,,,,,,,,,,,,,,,,,,,,,,119,,,Cpd 119: 27.579,,,,,,,,,,,,,,,,,,,,,,,,,Find by Chromatogram Deconvolution,110510,,43.0100,,,,C:\Users\55129944\OneDrive - MMU (1)\PhD\Labs\TD_Markes_2022\Groupings\Categories\Plastic_Cups\PC_Sample_1_USE_04_1.D,27.640,,,6009,,,15,Positive,,,,,,43.0100,,,27.579,,27.525,0.114,,,,,,,,,,,,,,,,,,,,,,,,,,,,,,,,,,,,,,,,,,Sample USE_04 #1 Tube #829225 2022-07-28,,Demo Lab 8890 5977B,1,,Microplastics MMU (AN161) 28July.M,Deconvolution_2023-05-22.m,Success,
,,,,,,,,,,,,,,,,,,,,,,120,,,Cpd 120: 27.709,,,,,,,,,,,,,,,,,,,,,,,,,Find by Chromatogram Deconvolution,517350,,56.9900,,,,C:\Users\55129944\OneDrive - MMU (1)\PhD\Labs\TD_Markes_2022\Groupings\Categories\Plastic_Cups\PC_Sample_1_USE_04_1.D,27.786,,,17483,,,35,Positive,,,,,,56.9900,,,27.709,,27.632,0.154,,,,,,,,,,,,,,,,,,,,,,,,,,,,,,,,,,,,,,,,,,Sample USE_04 #1 Tube #829225 2022-07-28,,Demo Lab 8890 5977B,1,,Microplastics MMU (AN161) 28July.M,Deconvolution_2023-05-22.m,Success,
,,,,,,,,,,,,,,,,,,,,,,121,,,Cpd 121: 27.839,,,,,,,,,,,,,,,,,,,,,,,,,Find by Chromatogram Deconvolution,230473,,68.9800,,,,C:\Users\55129944\OneDrive - MMU (1)\PhD\Labs\TD_Markes_2022\Groupings\Categories\Plastic_Cups\PC_Sample_1_USE_04_1.D,27.863,,,10607,,,23,Positive,,,,,,68.9800,,,27.839,,27.823,0.040,,,,,,,,,,,,,,,,,,,,,,,,,,,,,,,,,,,,,,,,,,Sample USE_04 #1 Tube #829225 2022-07-28,,Demo Lab 8890 5977B,1,,Microplastics MMU (AN161) 28July.M,Deconvolution_2023-05-22.m,Success,
,,,,,,,,,,,,,,,,,,,,,,122,,,Cpd 122: 27.979,,,,,,,,,,,,,,,,,,,,,,,,,Find by Chromatogram Deconvolution,156571,,68.9800,,,,C:\Users\55129944\OneDrive - MMU (1)\PhD\Labs\TD_Markes_2022\Groupings\Categories\Plastic_Cups\PC_Sample_1_USE_04_1.D,28.015,,,6783,,,15,Positive,,,,,,68.9800,,,27.979,,27.924,0.091,,,,,,,,,,,,,,,,,,,,,,,,,,,,,,,,,,,,,,,,,,Sample USE_04 #1 Tube #829225 2022-07-28,,Demo Lab 8890 5977B,1,,Microplastics MMU (AN161) 28July.M,Deconvolution_2023-05-22.m,Success,
,,,,,,,,,,,,,,,,,,,,,,123,,,Cpd 123: 28.302,,,,,,,,,,,,,,,,,,,,,,,,,Find by Chromatogram Deconvolution,71742,,56.9900,,,,C:\Users\55129944\OneDrive - MMU (1)\PhD\Labs\TD_Markes_2022\Groupings\Categories\Plastic_Cups\PC_Sample_1_USE_04_1.D,28.337,,,7386,,,6,Positive,,,,,,56.9900,,,28.302,,28.249,0.088,,,,,,,,,,,,,,,,,,,,,,,,,,,,,,,,,,,,,,,,,,Sample USE_04 #1 Tube #829225 2022-07-28,,Demo Lab 8890 5977B,1,,Microplastics MMU (AN161) 28July.M,Deconvolution_2023-05-22.m,Success,
,,,,,,,,,,,,,,,,,,,,,,124,,,Cpd 124: 28.469,,,,,,,,,,,,,,,,,,,,,,,,,Find by Chromatogram Deconvolution,254925,,72.8900,,,,C:\Users\55129944\OneDrive - MMU (1)\PhD\Labs\TD_Markes_2022\Groupings\Categories\Plastic_Cups\PC_Sample_1_USE_04_1.D,28.554,,,10074,,,26,Positive,,,,,,72.8900,,,28.469,,28.400,0.154,,,,,,,,,,,,,,,,,,,,,,,,,,,,,,,,,,,,,,,,,,Sample USE_04 #1 Tube #829225 2022-07-28,,Demo Lab 8890 5977B,1,,Microplastics MMU (AN161) 28July.M,Deconvolution_2023-05-22.m,Success,
,,,,,,,,,,,,,,,,,,,,,,125,,,Cpd 125: 28.531,,,,,,,,,,,,,,,,,,,,,,,,,Find by Chromatogram Deconvolution,59303,,99.0400,,,,C:\Users\55129944\OneDrive - MMU (1)\PhD\Labs\TD_Markes_2022\Groupings\Categories\Plastic_Cups\PC_Sample_1_USE_04_1.D,28.630,,,6714,,,7,Positive,,,,,,99.0400,,,28.531,,28.480,0.151,,,,,,,,,,,,,,,,,,,,,,,,,,,,,,,,,,,,,,,,,,Sample USE_04 #1 Tube #829225 2022-07-28,,Demo Lab 8890 5977B,1,,Microplastics MMU (AN161) 28July.M,Deconvolution_2023-05-22.m,Success,
,,,,,,,,,,,,,,,,,,,,,,126,,,Cpd 126: 28.537,,,,,,,,,,,,,,,,,,,,,,,,,Find by Chromatogram Deconvolution,47920,,111.9600,,,,C:\Users\55129944\OneDrive - MMU (1)\PhD\Labs\TD_Markes_2022\Groupings\Categories\Plastic_Cups\PC_Sample_1_USE_04_1.D,28.636,,,4117,,,9,Positive,,,,,,111.9600,,,28.537,,28.453,0.183,,,,,,,,,,,,,,,,,,,,,,,,,,,,,,,,,,,,,,,,,,Sample USE_04 #1 Tube #829225 2022-07-28,,Demo Lab 8890 5977B,1,,Microplastics MMU (AN161) 28July.M,Deconvolution_2023-05-22.m,Success,
,,,,,,,,,,,,,,,,,,,,,,127,,,Cpd 127: 28.556,,,,,,,,,,,,,,,,,,,,,,,,,Find by Chromatogram Deconvolution,47574,,56.9900,,,,C:\Users\55129944\OneDrive - MMU (1)\PhD\Labs\TD_Markes_2022\Groupings\Categories\Plastic_Cups\PC_Sample_1_USE_04_1.D,28.629,,,4162,,,8,Positive,,,,,,56.9900,,,28.556,,28.531,0.097,,,,,,,,,,,,,,,,,,,,,,,,,,,,,,,,,,,,,,,,,,Sample USE_04 #1 Tube #829225 2022-07-28,,Demo Lab 8890 5977B,1,,Microplastics MMU (AN161) 28July.M,Deconvolution_2023-05-22.m,Success,
,,,,,,,,,,,,,,,,,,,,,,128,,,Cpd 128: 28.786,,,,,,,,,,,,,,,,,,,,,,,,,Find by Chromatogram Deconvolution,42587,,68.9800,,,,C:\Users\55129944\OneDrive - MMU (1)\PhD\Labs\TD_Markes_2022\Groupings\Categories\Plastic_Cups\PC_Sample_1_USE_04_1.D,28.857,,,2962,,,8,Positive,,,,,,68.9800,,,28.786,,28.745,0.112,,,,,,,,,,,,,,,,,,,,,,,,,,,,,,,,,,,,,,,,,,Sample USE_04 #1 Tube #829225 2022-07-28,,Demo Lab 8890 5977B,1,,Microplastics MMU (AN161) 28July.M,Deconvolution_2023-05-22.m,Success,
,,,,,,,,,,,,,,,,,,,,,,129,,,Cpd 129: 28.915,,,,,,,,,,,,,,,,,,,,,,,,,Find by Chromatogram Deconvolution,43675,,54.9800,,,,C:\Users\55129944\OneDrive - MMU (1)\PhD\Labs\TD_Markes_2022\Groupings\Categories\Plastic_Cups\PC_Sample_1_USE_04_1.D,28.941,,,3107,,,6,Positive,,,,,,54.9800,,,28.915,,28.863,0.078,,,,,,,,,,,,,,,,,,,,,,,,,,,,,,,,,,,,,,,,,,Sample USE_04 #1 Tube #829225 2022-07-28,,Demo Lab 8890 5977B,1,,Microplastics MMU (AN161) 28July.M,Deconvolution_2023-05-22.m,Success,
,,,,,,,,,,,,,,,,,,,,,,130,,,Cpd 130: 29.209,,,,,,,,,,,,,,,,,,,,,,,,,Find by Chromatogram Deconvolution,101104,,82.0000,,,,C:\Users\55129944\OneDrive - MMU (1)\PhD\Labs\TD_Markes_2022\Groupings\Categories\Plastic_Cups\PC_Sample_1_USE_04_1.D,29.274,,,4172,,,16,Positive,,,,,,82.0000,,,29.209,,29.139,0.135,,,,,,,,,,,,,,,,,,,,,,,,,,,,,,,,,,,,,,,,,,Sample USE_04 #1 Tube #829225 2022-07-28,,Demo Lab 8890 5977B,1,,Microplastics MMU (AN161) 28July.M,Deconvolution_2023-05-22.m,Success,
,,,,,,,,,,,,,,,,,,,,,,131,,,Cpd 131: 29.455,,,,,,,,,,,,,,,,,,,,,,,,,Find by Chromatogram Deconvolution,3328031,,96.9700,,,,C:\Users\55129944\OneDrive - MMU (1)\PhD\Labs\TD_Markes_2022\Groupings\Categories\Plastic_Cups\PC_Sample_1_USE_04_1.D,29.596,,,65224,,,70,Positive,,,,,,96.9700,,,29.455,,29.373,0.223,,,,,,,,,,,,,,,,,,,,,,,,,,,,,,,,,,,,,,,,,,Sample USE_04 #1 Tube #829225 2022-07-28,,Demo Lab 8890 5977B,1,,Microplastics MMU (AN161) 28July.M,Deconvolution_2023-05-22.m,Success,
,,,,,,,,,,,,,,,,,,,,,,132,,,Cpd 132: 29.471,,,,,,,,,,,,,,,,,,,,,,,,,Find by Chromatogram Deconvolution,52093,,138.0700,,,,C:\Users\55129944\OneDrive - MMU (1)\PhD\Labs\TD_Markes_2022\Groupings\Categories\Plastic_Cups\PC_Sample_1_USE_04_1.D,29.556,,,14624,,,9,Positive,,,,,,138.0700,,,29.471,,29.442,0.114,,,,,,,,,,,,,,,,,,,,,,,,,,,,,,,,,,,,,,,,,,Sample USE_04 #1 Tube #829225 2022-07-28,,Demo Lab 8890 5977B,1,,Microplastics MMU (AN161) 28July.M,Deconvolution_2023-05-22.m,Success,
,,,,,,,,,,,,,,,,,,,,,,133,,,Cpd 133: 29.782,,,,,,,,,,,,,,,,,,,,,,,,,Find by Chromatogram Deconvolution,177699,,56.9900,,,,C:\Users\55129944\OneDrive - MMU (1)\PhD\Labs\TD_Markes_2022\Groupings\Categories\Plastic_Cups\PC_Sample_1_USE_04_1.D,29.836,,,7575,,,21,Positive,,,,,,56.9900,,,29.782,,29.709,0.128,,,,,,,,,,,,,,,,,,,,,,,,,,,,,,,,,,,,,,,,,,Sample USE_04 #1 Tube #829225 2022-07-28,,Demo Lab 8890 5977B,1,,Microplastics MMU (AN161) 28July.M,Deconvolution_2023-05-22.m,Success,
