Version 1

Score (Bio),"Diff (Bio, mDa)","Diff (Bio, ppm)",Uncertainty,Fit Score,Enzyme,Hits (Bioconfirm),Links,Seq Loc,Rule,Missed,Mods,Significance,Pred Mods,Sequence,Seq Name,Seq Type,Tgt Seq Mass,AGILENTID,CAS,Compound ID,Name,Cpd,HMP,KEGG,Label,LMP,METLIN,MPPID,NCBI ID,Notes,Swiss-Prot,Hits (DB),Mass (DB),"Diff (DB, mDa)",Formula (DB),"Diff (DB, ppm)",RT (DB),RT Diff (DB),Score (DB),Shared (DB),Unique (DB),"Diff (MFG, mDa)",Mass (MFG),Formula (MFG),"Diff (MFG, ppm)",Score (MFG),Tgt Hit Pos,Score Diff,Abund,Algorithm,Area,Avg Mass,Base Peak,Z Count,CE,MS/MS Count,File,End,Formula,FV,Height,ID Source,ID Techniques Applied,Ions,Polarity,Max Z,Min Z,Modified,Mass,Score,m/z,m/z (prod.),Score (MFE),RT,Saturated,Start,Width,Library,Score (Lib),Cpds/Group,Group,Std Dev,Vol %,Vol,Primary Base,Primary Note,ADC% Area,ADC% Height,EIC/TIC% Area,EIC/TIC% Height,TIC% Area,TIC% Height,TWC% Area,TWC% Height,UVA% Area,UVA% Height,UVB% Area,UVB% Height,UVC% Area,UVC% Height,Purity Comments,Purity Result,Purity Value,Score (Frag),FIs Conf.,FIs Conf. %,FIs Eval.,Source,"Diff (Tgt, mDa)",Formula (Tgt),"Diff (Tgt, ppm)",RT (Tgt),RT Diff (Tgt),Score (Tgt),Flags (Tgt),Flag Severity (Tgt),Flag Severity Code (Tgt),Mass (Tgt),Sample Name,Sample Type,Instrument Name,Position,User Name,Acq Method,DA Method,IRM Calibration status
,,,,,,,,,,,,,,,,,,,,,,1,,,Cpd 1: 1.374,,,,,,,,,,,,,,,,,,,,,,,,,Find by Chromatogram Deconvolution,230036,,44.0000,,,,C:\Users\55129944\OneDrive - MMU (1)\PhD\Labs\TD_Markes_2022\Groupings\Categories\Plastic_Cups\PC_Sample_2_USE_04_2.D,1.475,,,65170,,,1,Positive,,,,,,44.0000,,,1.374,,1.287,0.188,,,,,,,,,,,,,,,,,,,,,,,,,,,,,,,,,,,,,,,,,,Sample USE_04 #2 Tube #829226 2022-07-28,,Demo Lab 8890 5977B,1,,Microplastics MMU (AN161) 28July.M,Deconvolution_2023-05-22.m,Success,
,,,,,,,,,,,,,,,,,,,,,,2,,,Cpd 2: 1.506,,,,,,,,,,,,,,,,,,,,,,,,,Find by Chromatogram Deconvolution,777154,,40.9900,,,,C:\Users\55129944\OneDrive - MMU (1)\PhD\Labs\TD_Markes_2022\Groupings\Categories\Plastic_Cups\PC_Sample_2_USE_04_2.D,1.599,,,153870,,,7,Positive,,,,,,40.9900,,,1.506,,1.472,0.127,,,,,,,,,,,,,,,,,,,,,,,,,,,,,,,,,,,,,,,,,,Sample USE_04 #2 Tube #829226 2022-07-28,,Demo Lab 8890 5977B,1,,Microplastics MMU (AN161) 28July.M,Deconvolution_2023-05-22.m,Success,
,,,,,,,,,,,,,,,,,,,,,,3,,,Cpd 3: 1.795,,,,,,,,,,,,,,,,,,,,,,,,,Find by Chromatogram Deconvolution,397393,,40.9900,,,,C:\Users\55129944\OneDrive - MMU (1)\PhD\Labs\TD_Markes_2022\Groupings\Categories\Plastic_Cups\PC_Sample_2_USE_04_2.D,1.858,,,76151,,,13,Positive,,,,,,40.9900,,,1.795,,1.755,0.103,,,,,,,,,,,,,,,,,,,,,,,,,,,,,,,,,,,,,,,,,,Sample USE_04 #2 Tube #829226 2022-07-28,,Demo Lab 8890 5977B,1,,Microplastics MMU (AN161) 28July.M,Deconvolution_2023-05-22.m,Success,
,,,,,,,,,,,,,,,,,,,,,,4,,,Cpd 4: 1.897,,,,,,,,,,,,,,,,,,,,,,,,,Find by Chromatogram Deconvolution,325279,,44.0000,,,,C:\Users\55129944\OneDrive - MMU (1)\PhD\Labs\TD_Markes_2022\Groupings\Categories\Plastic_Cups\PC_Sample_2_USE_04_2.D,1.978,,,103499,,,5,Positive,,,,,,44.0000,,,1.897,,1.863,0.114,,,,,,,,,,,,,,,,,,,,,,,,,,,,,,,,,,,,,,,,,,Sample USE_04 #2 Tube #829226 2022-07-28,,Demo Lab 8890 5977B,1,,Microplastics MMU (AN161) 28July.M,Deconvolution_2023-05-22.m,Success,
,,,,,,,,,,,,,,,,,,,,,,5,,,Cpd 5: 2.629,,,,,,,,,,,,,,,,,,,,,,,,,Find by Chromatogram Deconvolution,3632703,,43.0200,,,,C:\Users\55129944\OneDrive - MMU (1)\PhD\Labs\TD_Markes_2022\Groupings\Categories\Plastic_Cups\PC_Sample_2_USE_04_2.D,2.704,,,546594,,,10,Positive,,,,,,43.0200,,,2.629,,2.573,0.131,,,,,,,,,,,,,,,,,,,,,,,,,,,,,,,,,,,,,,,,,,Sample USE_04 #2 Tube #829226 2022-07-28,,Demo Lab 8890 5977B,1,,Microplastics MMU (AN161) 28July.M,Deconvolution_2023-05-22.m,Success,
,,,,,,,,,,,,,,,,,,,,,,6,,,Cpd 6: 3.062,,,,,,,,,,,,,,,,,,,,,,,,,Find by Chromatogram Deconvolution,2066825,,43.0200,,,,C:\Users\55129944\OneDrive - MMU (1)\PhD\Labs\TD_Markes_2022\Groupings\Categories\Plastic_Cups\PC_Sample_2_USE_04_2.D,3.183,,,589875,,,5,Positive,,,,,,43.0200,,,3.062,,3.018,0.165,,,,,,,,,,,,,,,,,,,,,,,,,,,,,,,,,,,,,,,,,,Sample USE_04 #2 Tube #829226 2022-07-28,,Demo Lab 8890 5977B,1,,Microplastics MMU (AN161) 28July.M,Deconvolution_2023-05-22.m,Success,
,,,,,,,,,,,,,,,,,,,,,,7,,,Cpd 7: 3.364,,,,,,,,,,,,,,,,,,,,,,,,,Find by Chromatogram Deconvolution,200773,,40.9900,,,,C:\Users\55129944\OneDrive - MMU (1)\PhD\Labs\TD_Markes_2022\Groupings\Categories\Plastic_Cups\PC_Sample_2_USE_04_2.D,3.495,,,19153,,,7,Positive,,,,,,40.9900,,,3.364,,3.303,0.192,,,,,,,,,,,,,,,,,,,,,,,,,,,,,,,,,,,,,,,,,,Sample USE_04 #2 Tube #829226 2022-07-28,,Demo Lab 8890 5977B,1,,Microplastics MMU (AN161) 28July.M,Deconvolution_2023-05-22.m,Success,
,,,,,,,,,,,,,,,,,,,,,,8,,,Cpd 8: 3.845,,,,,,,,,,,,,,,,,,,,,,,,,Find by Chromatogram Deconvolution,264681,,43.0200,,,,C:\Users\55129944\OneDrive - MMU (1)\PhD\Labs\TD_Markes_2022\Groupings\Categories\Plastic_Cups\PC_Sample_2_USE_04_2.D,3.959,,,21088,,,10,Positive,,,,,,43.0200,,,3.845,,3.733,0.226,,,,,,,,,,,,,,,,,,,,,,,,,,,,,,,,,,,,,,,,,,Sample USE_04 #2 Tube #829226 2022-07-28,,Demo Lab 8890 5977B,1,,Microplastics MMU (AN161) 28July.M,Deconvolution_2023-05-22.m,Success,
,,,,,,,,,,,,,,,,,,,,,,9,,,Cpd 9: 4.494,,,,,,,,,,,,,,,,,,,,,,,,,Find by Chromatogram Deconvolution,3940973,,55.9800,,,,C:\Users\55129944\OneDrive - MMU (1)\PhD\Labs\TD_Markes_2022\Groupings\Categories\Plastic_Cups\PC_Sample_2_USE_04_2.D,4.598,,,284072,,,18,Positive,,,,,,55.9800,,,4.494,,4.415,0.183,,,,,,,,,,,,,,,,,,,,,,,,,,,,,,,,,,,,,,,,,,Sample USE_04 #2 Tube #829226 2022-07-28,,Demo Lab 8890 5977B,1,,Microplastics MMU (AN161) 28July.M,Deconvolution_2023-05-22.m,Success,
,,,,,,,,,,,,,,,,,,,,,,10,,,Cpd 10: 4.692,,,,,,,,,,,,,,,,,,,,,,,,,Find by Chromatogram Deconvolution,311410,,40.9900,,,,C:\Users\55129944\OneDrive - MMU (1)\PhD\Labs\TD_Markes_2022\Groupings\Categories\Plastic_Cups\PC_Sample_2_USE_04_2.D,4.798,,,26898,,,10,Positive,,,,,,40.9900,,,4.692,,4.619,0.179,,,,,,,,,,,,,,,,,,,,,,,,,,,,,,,,,,,,,,,,,,Sample USE_04 #2 Tube #829226 2022-07-28,,Demo Lab 8890 5977B,1,,Microplastics MMU (AN161) 28July.M,Deconvolution_2023-05-22.m,Success,
,,,,,,,,,,,,,,,,,,,,,,11,,,Cpd 11: 5.943,,,,,,,,,,,,,,,,,,,,,,,,,Find by Chromatogram Deconvolution,181243,,43.0200,,,,C:\Users\55129944\OneDrive - MMU (1)\PhD\Labs\TD_Markes_2022\Groupings\Categories\Plastic_Cups\PC_Sample_2_USE_04_2.D,6.035,,,22608,,,7,Positive,,,,,,43.0200,,,5.943,,5.849,0.186,,,,,,,,,,,,,,,,,,,,,,,,,,,,,,,,,,,,,,,,,,Sample USE_04 #2 Tube #829226 2022-07-28,,Demo Lab 8890 5977B,1,,Microplastics MMU (AN161) 28July.M,Deconvolution_2023-05-22.m,Success,
,,,,,,,,,,,,,,,,,,,,,,12,,,Cpd 12: 6.097,,,,,,,,,,,,,,,,,,,,,,,,,Find by Chromatogram Deconvolution,124219,,131.8400,,,,C:\Users\55129944\OneDrive - MMU (1)\PhD\Labs\TD_Markes_2022\Groupings\Categories\Plastic_Cups\PC_Sample_2_USE_04_2.D,6.203,,,19436,,,8,Positive,,,,,,131.8400,,,6.097,,6.012,0.190,,,,,,,,,,,,,,,,,,,,,,,,,,,,,,,,,,,,,,,,,,Sample USE_04 #2 Tube #829226 2022-07-28,,Demo Lab 8890 5977B,1,,Microplastics MMU (AN161) 28July.M,Deconvolution_2023-05-22.m,Success,
,,,,,,,,,,,,,,,,,,,,,,13,,,Cpd 13: 6.798,,,,,,,,,,,,,,,,,,,,,,,,,Find by Chromatogram Deconvolution,155774,,55.9800,,,,C:\Users\55129944\OneDrive - MMU (1)\PhD\Labs\TD_Markes_2022\Groupings\Categories\Plastic_Cups\PC_Sample_2_USE_04_2.D,6.976,,,9867,,,9,Positive,,,,,,55.9800,,,6.798,,6.680,0.297,,,,,,,,,,,,,,,,,,,,,,,,,,,,,,,,,,,,,,,,,,Sample USE_04 #2 Tube #829226 2022-07-28,,Demo Lab 8890 5977B,1,,Microplastics MMU (AN161) 28July.M,Deconvolution_2023-05-22.m,Success,
,,,,,,,,,,,,,,,,,,,,,,14,,,Cpd 14: 8.324,,,,,,,,,,,,,,,,,,,,,,,,,Find by Chromatogram Deconvolution,155997,,77.7800,,,,C:\Users\55129944\OneDrive - MMU (1)\PhD\Labs\TD_Markes_2022\Groupings\Categories\Plastic_Cups\PC_Sample_2_USE_04_2.D,8.537,,,17633,,,8,Positive,,,,,,77.7800,,,8.324,,8.225,0.312,,,,,,,,,,,,,,,,,,,,,,,,,,,,,,,,,,,,,,,,,,Sample USE_04 #2 Tube #829226 2022-07-28,,Demo Lab 8890 5977B,1,,Microplastics MMU (AN161) 28July.M,Deconvolution_2023-05-22.m,Success,
,,,,,,,,,,,,,,,,,,,,,,15,,,Cpd 15: 10.204,,,,,,,,,,,,,,,,,,,,,,,,,Find by Chromatogram Deconvolution,408540,,43.0200,,,,C:\Users\55129944\OneDrive - MMU (1)\PhD\Labs\TD_Markes_2022\Groupings\Categories\Plastic_Cups\PC_Sample_2_USE_04_2.D,10.556,,,25263,,,8,Positive,,,,,,43.0200,,,10.204,,10.111,0.445,,,,,,,,,,,,,,,,,,,,,,,,,,,,,,,,,,,,,,,,,,Sample USE_04 #2 Tube #829226 2022-07-28,,Demo Lab 8890 5977B,1,,Microplastics MMU (AN161) 28July.M,Deconvolution_2023-05-22.m,Success,
,,,,,,,,,,,,,,,,,,,,,,16,,,Cpd 16: 11.337,,,,,,,,,,,,,,,,,,,,,,,,,Find by Chromatogram Deconvolution,355926,,43.0200,,,,C:\Users\55129944\OneDrive - MMU (1)\PhD\Labs\TD_Markes_2022\Groupings\Categories\Plastic_Cups\PC_Sample_2_USE_04_2.D,11.513,,,61481,,,9,Positive,,,,,,43.0200,,,11.337,,11.273,0.240,,,,,,,,,,,,,,,,,,,,,,,,,,,,,,,,,,,,,,,,,,Sample USE_04 #2 Tube #829226 2022-07-28,,Demo Lab 8890 5977B,1,,Microplastics MMU (AN161) 28July.M,Deconvolution_2023-05-22.m,Success,
,,,,,,,,,,,,,,,,,,,,,,17,,,Cpd 17: 11.617,,,,,,,,,,,,,,,,,,,,,,,,,Find by Chromatogram Deconvolution,366502,,96.0300,,,,C:\Users\55129944\OneDrive - MMU (1)\PhD\Labs\TD_Markes_2022\Groupings\Categories\Plastic_Cups\PC_Sample_2_USE_04_2.D,11.729,,,30747,,,18,Positive,,,,,,96.0300,,,11.617,,11.543,0.186,,,,,,,,,,,,,,,,,,,,,,,,,,,,,,,,,,,,,,,,,,Sample USE_04 #2 Tube #829226 2022-07-28,,Demo Lab 8890 5977B,1,,Microplastics MMU (AN161) 28July.M,Deconvolution_2023-05-22.m,Success,
,,,,,,,,,,,,,,,,,,,,,,18,,,Cpd 18: 13.063,,,,,,,,,,,,,,,,,,,,,,,,,Find by Chromatogram Deconvolution,2499240,,43.0200,,,,C:\Users\55129944\OneDrive - MMU (1)\PhD\Labs\TD_Markes_2022\Groupings\Categories\Plastic_Cups\PC_Sample_2_USE_04_2.D,13.154,,,292207,,,15,Positive,,,,,,43.0200,,,13.063,,13.005,0.148,,,,,,,,,,,,,,,,,,,,,,,,,,,,,,,,,,,,,,,,,,Sample USE_04 #2 Tube #829226 2022-07-28,,Demo Lab 8890 5977B,1,,Microplastics MMU (AN161) 28July.M,Deconvolution_2023-05-22.m,Success,
,,,,,,,,,,,,,,,,,,,,,,19,,,Cpd 19: 13.277,,,,,,,,,,,,,,,,,,,,,,,,,Find by Chromatogram Deconvolution,119143,,43.0200,,,,C:\Users\55129944\OneDrive - MMU (1)\PhD\Labs\TD_Markes_2022\Groupings\Categories\Plastic_Cups\PC_Sample_2_USE_04_2.D,13.384,,,19102,,,12,Positive,,,,,,43.0200,,,13.277,,13.218,0.165,,,,,,,,,,,,,,,,,,,,,,,,,,,,,,,,,,,,,,,,,,Sample USE_04 #2 Tube #829226 2022-07-28,,Demo Lab 8890 5977B,1,,Microplastics MMU (AN161) 28July.M,Deconvolution_2023-05-22.m,Success,
,,,,,,,,,,,,,,,,,,,,,,20,,,Cpd 20: 13.436,,,,,,,,,,,,,,,,,,,,,,,,,Find by Chromatogram Deconvolution,3597850,,98.1000,,,,C:\Users\55129944\OneDrive - MMU (1)\PhD\Labs\TD_Markes_2022\Groupings\Categories\Plastic_Cups\PC_Sample_2_USE_04_2.D,13.547,,,731617,,,14,Positive,,,,,,98.1000,,,13.436,,13.386,0.162,,,,,,,,,,,,,,,,,,,,,,,,,,,,,,,,,,,,,,,,,,Sample USE_04 #2 Tube #829226 2022-07-28,,Demo Lab 8890 5977B,1,,Microplastics MMU (AN161) 28July.M,Deconvolution_2023-05-22.m,Success,
,,,,,,,,,,,,,,,,,,,,,,21,,,Cpd 21: 13.662,,,,,,,,,,,,,,,,,,,,,,,,,Find by Chromatogram Deconvolution,189865,,43.0200,,,,C:\Users\55129944\OneDrive - MMU (1)\PhD\Labs\TD_Markes_2022\Groupings\Categories\Plastic_Cups\PC_Sample_2_USE_04_2.D,13.730,,,59724,,,10,Positive,,,,,,43.0200,,,13.662,,13.610,0.120,,,,,,,,,,,,,,,,,,,,,,,,,,,,,,,,,,,,,,,,,,Sample USE_04 #2 Tube #829226 2022-07-28,,Demo Lab 8890 5977B,1,,Microplastics MMU (AN161) 28July.M,Deconvolution_2023-05-22.m,Success,
,,,,,,,,,,,,,,,,,,,,,,22,,,Cpd 22: 14.376,,,,,,,,,,,,,,,,,,,,,,,,,Find by Chromatogram Deconvolution,160261,,85.0600,,,,C:\Users\55129944\OneDrive - MMU (1)\PhD\Labs\TD_Markes_2022\Groupings\Categories\Plastic_Cups\PC_Sample_2_USE_04_2.D,14.411,,,17894,,,13,Positive,,,,,,85.0600,,,14.376,,14.249,0.162,,,,,,,,,,,,,,,,,,,,,,,,,,,,,,,,,,,,,,,,,,Sample USE_04 #2 Tube #829226 2022-07-28,,Demo Lab 8890 5977B,1,,Microplastics MMU (AN161) 28July.M,Deconvolution_2023-05-22.m,Success,
,,,,,,,,,,,,,,,,,,,,,,23,,,Cpd 23: 14.435,,,,,,,,,,,,,,,,,,,,,,,,,Find by Chromatogram Deconvolution,803270,,207.0000,,,,C:\Users\55129944\OneDrive - MMU (1)\PhD\Labs\TD_Markes_2022\Groupings\Categories\Plastic_Cups\PC_Sample_2_USE_04_2.D,14.494,,,118696,,,31,Positive,,,,,,207.0000,,,14.435,,14.382,0.112,,,,,,,,,,,,,,,,,,,,,,,,,,,,,,,,,,,,,,,,,,Sample USE_04 #2 Tube #829226 2022-07-28,,Demo Lab 8890 5977B,1,,Microplastics MMU (AN161) 28July.M,Deconvolution_2023-05-22.m,Success,
,,,,,,,,,,,,,,,,,,,,,,24,,,Cpd 24: 14.514,,,,,,,,,,,,,,,,,,,,,,,,,Find by Chromatogram Deconvolution,381435,,43.0200,,,,C:\Users\55129944\OneDrive - MMU (1)\PhD\Labs\TD_Markes_2022\Groupings\Categories\Plastic_Cups\PC_Sample_2_USE_04_2.D,14.664,,,47951,,,17,Positive,,,,,,43.0200,,,14.514,,14.474,0.190,,,,,,,,,,,,,,,,,,,,,,,,,,,,,,,,,,,,,,,,,,Sample USE_04 #2 Tube #829226 2022-07-28,,Demo Lab 8890 5977B,1,,Microplastics MMU (AN161) 28July.M,Deconvolution_2023-05-22.m,Success,
,,,,,,,,,,,,,,,,,,,,,,25,,,Cpd 25: 14.701,,,,,,,,,,,,,,,,,,,,,,,,,Find by Chromatogram Deconvolution,258007,,83.1000,,,,C:\Users\55129944\OneDrive - MMU (1)\PhD\Labs\TD_Markes_2022\Groupings\Categories\Plastic_Cups\PC_Sample_2_USE_04_2.D,14.744,,,39013,,,13,Positive,,,,,,83.1000,,,14.701,,14.656,0.087,,,,,,,,,,,,,,,,,,,,,,,,,,,,,,,,,,,,,,,,,,Sample USE_04 #2 Tube #829226 2022-07-28,,Demo Lab 8890 5977B,1,,Microplastics MMU (AN161) 28July.M,Deconvolution_2023-05-22.m,Success,
,,,,,,,,,,,,,,,,,,,,,,26,,,Cpd 26: 14.758,,,,,,,,,,,,,,,,,,,,,,,,,Find by Chromatogram Deconvolution,136985,,54.9900,,,,C:\Users\55129944\OneDrive - MMU (1)\PhD\Labs\TD_Markes_2022\Groupings\Categories\Plastic_Cups\PC_Sample_2_USE_04_2.D,14.797,,,30780,,,9,Positive,,,,,,54.9900,,,14.758,,14.725,0.072,,,,,,,,,,,,,,,,,,,,,,,,,,,,,,,,,,,,,,,,,,Sample USE_04 #2 Tube #829226 2022-07-28,,Demo Lab 8890 5977B,1,,Microplastics MMU (AN161) 28July.M,Deconvolution_2023-05-22.m,Success,
,,,,,,,,,,,,,,,,,,,,,,27,,,Cpd 27: 15.006,,,,,,,,,,,,,,,,,,,,,,,,,Find by Chromatogram Deconvolution,11563030,,70.1000,,,,C:\Users\55129944\OneDrive - MMU (1)\PhD\Labs\TD_Markes_2022\Groupings\Categories\Plastic_Cups\PC_Sample_2_USE_04_2.D,15.099,,,1155237,,,18,Positive,,,,,,70.1000,,,15.006,,14.960,0.139,,,,,,,,,,,,,,,,,,,,,,,,,,,,,,,,,,,,,,,,,,Sample USE_04 #2 Tube #829226 2022-07-28,,Demo Lab 8890 5977B,1,,Microplastics MMU (AN161) 28July.M,Deconvolution_2023-05-22.m,Success,
,,,,,,,,,,,,,,,,,,,,,,28,,,Cpd 28: 15.352,,,,,,,,,,,,,,,,,,,,,,,,,Find by Chromatogram Deconvolution,196371,,69.0500,,,,C:\Users\55129944\OneDrive - MMU (1)\PhD\Labs\TD_Markes_2022\Groupings\Categories\Plastic_Cups\PC_Sample_2_USE_04_2.D,15.442,,,20148,,,16,Positive,,,,,,69.0500,,,15.352,,15.307,0.135,,,,,,,,,,,,,,,,,,,,,,,,,,,,,,,,,,,,,,,,,,Sample USE_04 #2 Tube #829226 2022-07-28,,Demo Lab 8890 5977B,1,,Microplastics MMU (AN161) 28July.M,Deconvolution_2023-05-22.m,Success,
,,,,,,,,,,,,,,,,,,,,,,29,,,Cpd 29: 15.785,,,,,,,,,,,,,,,,,,,,,,,,,Find by Chromatogram Deconvolution,148111,,96.0300,,,,C:\Users\55129944\OneDrive - MMU (1)\PhD\Labs\TD_Markes_2022\Groupings\Categories\Plastic_Cups\PC_Sample_2_USE_04_2.D,15.864,,,17495,,,16,Positive,,,,,,96.0300,,,15.785,,15.740,0.124,,,,,,,,,,,,,,,,,,,,,,,,,,,,,,,,,,,,,,,,,,Sample USE_04 #2 Tube #829226 2022-07-28,,Demo Lab 8890 5977B,1,,Microplastics MMU (AN161) 28July.M,Deconvolution_2023-05-22.m,Success,
,,,,,,,,,,,,,,,,,,,,,,30,,,Cpd 30: 15.935,,,,,,,,,,,,,,,,,,,,,,,,,Find by Chromatogram Deconvolution,126327,,55.9800,,,,C:\Users\55129944\OneDrive - MMU (1)\PhD\Labs\TD_Markes_2022\Groupings\Categories\Plastic_Cups\PC_Sample_2_USE_04_2.D,15.969,,,11603,,,15,Positive,,,,,,55.9800,,,15.935,,15.883,0.086,,,,,,,,,,,,,,,,,,,,,,,,,,,,,,,,,,,,,,,,,,Sample USE_04 #2 Tube #829226 2022-07-28,,Demo Lab 8890 5977B,1,,Microplastics MMU (AN161) 28July.M,Deconvolution_2023-05-22.m,Success,
,,,,,,,,,,,,,,,,,,,,,,31,,,Cpd 31: 15.995,,,,,,,,,,,,,,,,,,,,,,,,,Find by Chromatogram Deconvolution,317955,,43.0200,,,,C:\Users\55129944\OneDrive - MMU (1)\PhD\Labs\TD_Markes_2022\Groupings\Categories\Plastic_Cups\PC_Sample_2_USE_04_2.D,16.064,,,32814,,,17,Positive,,,,,,43.0200,,,15.995,,15.959,0.105,,,,,,,,,,,,,,,,,,,,,,,,,,,,,,,,,,,,,,,,,,Sample USE_04 #2 Tube #829226 2022-07-28,,Demo Lab 8890 5977B,1,,Microplastics MMU (AN161) 28July.M,Deconvolution_2023-05-22.m,Success,
,,,,,,,,,,,,,,,,,,,,,,32,,,Cpd 32: 16.065,,,,,,,,,,,,,,,,,,,,,,,,,Find by Chromatogram Deconvolution,178344,,43.0200,,,,C:\Users\55129944\OneDrive - MMU (1)\PhD\Labs\TD_Markes_2022\Groupings\Categories\Plastic_Cups\PC_Sample_2_USE_04_2.D,16.130,,,40991,,,13,Positive,,,,,,43.0200,,,16.065,,16.024,0.107,,,,,,,,,,,,,,,,,,,,,,,,,,,,,,,,,,,,,,,,,,Sample USE_04 #2 Tube #829226 2022-07-28,,Demo Lab 8890 5977B,1,,Microplastics MMU (AN161) 28July.M,Deconvolution_2023-05-22.m,Success,
,,,,,,,,,,,,,,,,,,,,,,33,,,Cpd 33: 16.341,,,,,,,,,,,,,,,,,,,,,,,,,Find by Chromatogram Deconvolution,380209,,103.9700,,,,C:\Users\55129944\OneDrive - MMU (1)\PhD\Labs\TD_Markes_2022\Groupings\Categories\Plastic_Cups\PC_Sample_2_USE_04_2.D,16.427,,,60691,,,21,Positive,,,,,,103.9700,,,16.341,,16.302,0.126,,,,,,,,,,,,,,,,,,,,,,,,,,,,,,,,,,,,,,,,,,Sample USE_04 #2 Tube #829226 2022-07-28,,Demo Lab 8890 5977B,1,,Microplastics MMU (AN161) 28July.M,Deconvolution_2023-05-22.m,Success,
,,,,,,,,,,,,,,,,,,,,,,34,,,Cpd 34: 16.584,,,,,,,,,,,,,,,,,,,,,,,,,Find by Chromatogram Deconvolution,128507,,43.0200,,,,C:\Users\55129944\OneDrive - MMU (1)\PhD\Labs\TD_Markes_2022\Groupings\Categories\Plastic_Cups\PC_Sample_2_USE_04_2.D,16.654,,,19883,,,16,Positive,,,,,,43.0200,,,16.584,,16.534,0.120,,,,,,,,,,,,,,,,,,,,,,,,,,,,,,,,,,,,,,,,,,Sample USE_04 #2 Tube #829226 2022-07-28,,Demo Lab 8890 5977B,1,,Microplastics MMU (AN161) 28July.M,Deconvolution_2023-05-22.m,Success,
,,,,,,,,,,,,,,,,,,,,,,35,,,Cpd 35: 17.202,,,,,,,,,,,,,,,,,,,,,,,,,Find by Chromatogram Deconvolution,463631,,43.0200,,,,C:\Users\55129944\OneDrive - MMU (1)\PhD\Labs\TD_Markes_2022\Groupings\Categories\Plastic_Cups\PC_Sample_2_USE_04_2.D,17.268,,,88771,,,20,Positive,,,,,,43.0200,,,17.202,,17.164,0.105,,,,,,,,,,,,,,,,,,,,,,,,,,,,,,,,,,,,,,,,,,Sample USE_04 #2 Tube #829226 2022-07-28,,Demo Lab 8890 5977B,1,,Microplastics MMU (AN161) 28July.M,Deconvolution_2023-05-22.m,Success,
,,,,,,,,,,,,,,,,,,,,,,36,,,Cpd 36: 17.234,,,,,,,,,,,,,,,,,,,,,,,,,Find by Chromatogram Deconvolution,129779,,280.9100,,,,C:\Users\55129944\OneDrive - MMU (1)\PhD\Labs\TD_Markes_2022\Groupings\Categories\Plastic_Cups\PC_Sample_2_USE_04_2.D,17.301,,,21689,,,19,Positive,,,,,,280.9100,,,17.234,,17.188,0.112,,,,,,,,,,,,,,,,,,,,,,,,,,,,,,,,,,,,,,,,,,Sample USE_04 #2 Tube #829226 2022-07-28,,Demo Lab 8890 5977B,1,,Microplastics MMU (AN161) 28July.M,Deconvolution_2023-05-22.m,Success,
,,,,,,,,,,,,,,,,,,,,,,37,,,Cpd 37: 17.458,,,,,,,,,,,,,,,,,,,,,,,,,Find by Chromatogram Deconvolution,209837,,104.8600,,,,C:\Users\55129944\OneDrive - MMU (1)\PhD\Labs\TD_Markes_2022\Groupings\Categories\Plastic_Cups\PC_Sample_2_USE_04_2.D,17.519,,,48080,,,21,Positive,,,,,,104.8600,,,17.458,,17.422,0.097,,,,,,,,,,,,,,,,,,,,,,,,,,,,,,,,,,,,,,,,,,Sample USE_04 #2 Tube #829226 2022-07-28,,Demo Lab 8890 5977B,1,,Microplastics MMU (AN161) 28July.M,Deconvolution_2023-05-22.m,Success,
,,,,,,,,,,,,,,,,,,,,,,38,,,Cpd 38: 17.483,,,,,,,,,,,,,,,,,,,,,,,,,Find by Chromatogram Deconvolution,212008,,54.9900,,,,C:\Users\55129944\OneDrive - MMU (1)\PhD\Labs\TD_Markes_2022\Groupings\Categories\Plastic_Cups\PC_Sample_2_USE_04_2.D,17.533,,,14551,,,22,Positive,,,,,,54.9900,,,17.483,,17.428,0.105,,,,,,,,,,,,,,,,,,,,,,,,,,,,,,,,,,,,,,,,,,Sample USE_04 #2 Tube #829226 2022-07-28,,Demo Lab 8890 5977B,1,,Microplastics MMU (AN161) 28July.M,Deconvolution_2023-05-22.m,Success,
,,,,,,,,,,,,,,,,,,,,,,39,,,Cpd 39: 17.561,,,,,,,,,,,,,,,,,,,,,,,,,Find by Chromatogram Deconvolution,154933,,43.0200,,,,C:\Users\55129944\OneDrive - MMU (1)\PhD\Labs\TD_Markes_2022\Groupings\Categories\Plastic_Cups\PC_Sample_2_USE_04_2.D,17.630,,,11694,,,17,Positive,,,,,,43.0200,,,17.561,,17.519,0.110,,,,,,,,,,,,,,,,,,,,,,,,,,,,,,,,,,,,,,,,,,Sample USE_04 #2 Tube #829226 2022-07-28,,Demo Lab 8890 5977B,1,,Microplastics MMU (AN161) 28July.M,Deconvolution_2023-05-22.m,Success,
,,,,,,,,,,,,,,,,,,,,,,40,,,Cpd 40: 17.695,,,,,,,,,,,,,,,,,,,,,,,,,Find by Chromatogram Deconvolution,1410563,,71.1000,,,,C:\Users\55129944\OneDrive - MMU (1)\PhD\Labs\TD_Markes_2022\Groupings\Categories\Plastic_Cups\PC_Sample_2_USE_04_2.D,17.725,,,176172,,,21,Positive,,,,,,71.1000,,,17.695,,17.657,0.069,,,,,,,,,,,,,,,,,,,,,,,,,,,,,,,,,,,,,,,,,,Sample USE_04 #2 Tube #829226 2022-07-28,,Demo Lab 8890 5977B,1,,Microplastics MMU (AN161) 28July.M,Deconvolution_2023-05-22.m,Success,
,,,,,,,,,,,,,,,,,,,,,,41,,,Cpd 41: 17.752,,,,,,,,,,,,,,,,,,,,,,,,,Find by Chromatogram Deconvolution,1347868,,71.1000,,,,C:\Users\55129944\OneDrive - MMU (1)\PhD\Labs\TD_Markes_2022\Groupings\Categories\Plastic_Cups\PC_Sample_2_USE_04_2.D,17.803,,,191138,,,18,Positive,,,,,,71.1000,,,17.752,,17.723,0.080,,,,,,,,,,,,,,,,,,,,,,,,,,,,,,,,,,,,,,,,,,Sample USE_04 #2 Tube #829226 2022-07-28,,Demo Lab 8890 5977B,1,,Microplastics MMU (AN161) 28July.M,Deconvolution_2023-05-22.m,Success,
,,,,,,,,,,,,,,,,,,,,,,42,,,Cpd 42: 17.791,,,,,,,,,,,,,,,,,,,,,,,,,Find by Chromatogram Deconvolution,155277,,76.8700,,,,C:\Users\55129944\OneDrive - MMU (1)\PhD\Labs\TD_Markes_2022\Groupings\Categories\Plastic_Cups\PC_Sample_2_USE_04_2.D,17.843,,,22795,,,14,Positive,,,,,,76.8700,,,17.791,,17.754,0.089,,,,,,,,,,,,,,,,,,,,,,,,,,,,,,,,,,,,,,,,,,Sample USE_04 #2 Tube #829226 2022-07-28,,Demo Lab 8890 5977B,1,,Microplastics MMU (AN161) 28July.M,Deconvolution_2023-05-22.m,Success,
,,,,,,,,,,,,,,,,,,,,,,43,,,Cpd 43: 17.921,,,,,,,,,,,,,,,,,,,,,,,,,Find by Chromatogram Deconvolution,132026,,43.0200,,,,C:\Users\55129944\OneDrive - MMU (1)\PhD\Labs\TD_Markes_2022\Groupings\Categories\Plastic_Cups\PC_Sample_2_USE_04_2.D,17.999,,,15488,,,17,Positive,,,,,,43.0200,,,17.921,,17.870,0.129,,,,,,,,,,,,,,,,,,,,,,,,,,,,,,,,,,,,,,,,,,Sample USE_04 #2 Tube #829226 2022-07-28,,Demo Lab 8890 5977B,1,,Microplastics MMU (AN161) 28July.M,Deconvolution_2023-05-22.m,Success,
,,,,,,,,,,,,,,,,,,,,,,44,,,Cpd 44: 18.109,,,,,,,,,,,,,,,,,,,,,,,,,Find by Chromatogram Deconvolution,121683,,43.0200,,,,C:\Users\55129944\OneDrive - MMU (1)\PhD\Labs\TD_Markes_2022\Groupings\Categories\Plastic_Cups\PC_Sample_2_USE_04_2.D,18.168,,,15887,,,15,Positive,,,,,,43.0200,,,18.109,,18.062,0.107,,,,,,,,,,,,,,,,,,,,,,,,,,,,,,,,,,,,,,,,,,Sample USE_04 #2 Tube #829226 2022-07-28,,Demo Lab 8890 5977B,1,,Microplastics MMU (AN161) 28July.M,Deconvolution_2023-05-22.m,Success,
,,,,,,,,,,,,,,,,,,,,,,45,,,Cpd 45: 18.187,,,,,,,,,,,,,,,,,,,,,,,,,Find by Chromatogram Deconvolution,291665,,68.0500,,,,C:\Users\55129944\OneDrive - MMU (1)\PhD\Labs\TD_Markes_2022\Groupings\Categories\Plastic_Cups\PC_Sample_2_USE_04_2.D,18.250,,,26765,,,32,Positive,,,,,,68.0500,,,18.187,,18.148,0.103,,,,,,,,,,,,,,,,,,,,,,,,,,,,,,,,,,,,,,,,,,Sample USE_04 #2 Tube #829226 2022-07-28,,Demo Lab 8890 5977B,1,,Microplastics MMU (AN161) 28July.M,Deconvolution_2023-05-22.m,Success,
,,,,,,,,,,,,,,,,,,,,,,46,,,Cpd 46: 18.328,,,,,,,,,,,,,,,,,,,,,,,,,Find by Chromatogram Deconvolution,227749,,57.1000,,,,C:\Users\55129944\OneDrive - MMU (1)\PhD\Labs\TD_Markes_2022\Groupings\Categories\Plastic_Cups\PC_Sample_2_USE_04_2.D,18.380,,,20334,,,21,Positive,,,,,,57.1000,,,18.328,,18.290,0.089,,,,,,,,,,,,,,,,,,,,,,,,,,,,,,,,,,,,,,,,,,Sample USE_04 #2 Tube #829226 2022-07-28,,Demo Lab 8890 5977B,1,,Microplastics MMU (AN161) 28July.M,Deconvolution_2023-05-22.m,Success,
,,,,,,,,,,,,,,,,,,,,,,47,,,Cpd 47: 18.458,,,,,,,,,,,,,,,,,,,,,,,,,Find by Chromatogram Deconvolution,145708,,57.1000,,,,C:\Users\55129944\OneDrive - MMU (1)\PhD\Labs\TD_Markes_2022\Groupings\Categories\Plastic_Cups\PC_Sample_2_USE_04_2.D,18.534,,,19757,,,22,Positive,,,,,,57.1000,,,18.458,,18.420,0.114,,,,,,,,,,,,,,,,,,,,,,,,,,,,,,,,,,,,,,,,,,Sample USE_04 #2 Tube #829226 2022-07-28,,Demo Lab 8890 5977B,1,,Microplastics MMU (AN161) 28July.M,Deconvolution_2023-05-22.m,Success,
,,,,,,,,,,,,,,,,,,,,,,48,,,Cpd 48: 18.634,,,,,,,,,,,,,,,,,,,,,,,,,Find by Chromatogram Deconvolution,144906,,93.8600,,,,C:\Users\55129944\OneDrive - MMU (1)\PhD\Labs\TD_Markes_2022\Groupings\Categories\Plastic_Cups\PC_Sample_2_USE_04_2.D,18.686,,,29221,,,18,Positive,,,,,,93.8600,,,18.634,,18.601,0.086,,,,,,,,,,,,,,,,,,,,,,,,,,,,,,,,,,,,,,,,,,Sample USE_04 #2 Tube #829226 2022-07-28,,Demo Lab 8890 5977B,1,,Microplastics MMU (AN161) 28July.M,Deconvolution_2023-05-22.m,Success,
,,,,,,,,,,,,,,,,,,,,,,49,,,Cpd 49: 18.653,,,,,,,,,,,,,,,,,,,,,,,,,Find by Chromatogram Deconvolution,2978777,,69.0500,,,,C:\Users\55129944\OneDrive - MMU (1)\PhD\Labs\TD_Markes_2022\Groupings\Categories\Plastic_Cups\PC_Sample_2_USE_04_2.D,18.679,,,264024,,,29,Positive,,,,,,69.0500,,,18.653,,18.606,0.072,,,,,,,,,,,,,,,,,,,,,,,,,,,,,,,,,,,,,,,,,,Sample USE_04 #2 Tube #829226 2022-07-28,,Demo Lab 8890 5977B,1,,Microplastics MMU (AN161) 28July.M,Deconvolution_2023-05-22.m,Success,
,,,,,,,,,,,,,,,,,,,,,,50,,,Cpd 50: 18.703,,,,,,,,,,,,,,,,,,,,,,,,,Find by Chromatogram Deconvolution,3223922,,69.0500,,,,C:\Users\55129944\OneDrive - MMU (1)\PhD\Labs\TD_Markes_2022\Groupings\Categories\Plastic_Cups\PC_Sample_2_USE_04_2.D,18.757,,,270942,,,34,Positive,,,,,,69.0500,,,18.703,,18.675,0.082,,,,,,,,,,,,,,,,,,,,,,,,,,,,,,,,,,,,,,,,,,Sample USE_04 #2 Tube #829226 2022-07-28,,Demo Lab 8890 5977B,1,,Microplastics MMU (AN161) 28July.M,Deconvolution_2023-05-22.m,Success,
,,,,,,,,,,,,,,,,,,,,,,51,,,Cpd 51: 18.772,,,,,,,,,,,,,,,,,,,,,,,,,Find by Chromatogram Deconvolution,155341,,54.9900,,,,C:\Users\55129944\OneDrive - MMU (1)\PhD\Labs\TD_Markes_2022\Groupings\Categories\Plastic_Cups\PC_Sample_2_USE_04_2.D,18.818,,,12238,,,24,Positive,,,,,,54.9900,,,18.772,,18.740,0.078,,,,,,,,,,,,,,,,,,,,,,,,,,,,,,,,,,,,,,,,,,Sample USE_04 #2 Tube #829226 2022-07-28,,Demo Lab 8890 5977B,1,,Microplastics MMU (AN161) 28July.M,Deconvolution_2023-05-22.m,Success,
,,,,,,,,,,,,,,,,,,,,,,52,,,Cpd 52: 18.868,,,,,,,,,,,,,,,,,,,,,,,,,Find by Chromatogram Deconvolution,189791,,43.0200,,,,C:\Users\55129944\OneDrive - MMU (1)\PhD\Labs\TD_Markes_2022\Groupings\Categories\Plastic_Cups\PC_Sample_2_USE_04_2.D,18.913,,,19473,,,21,Positive,,,,,,43.0200,,,18.868,,18.840,0.072,,,,,,,,,,,,,,,,,,,,,,,,,,,,,,,,,,,,,,,,,,Sample USE_04 #2 Tube #829226 2022-07-28,,Demo Lab 8890 5977B,1,,Microplastics MMU (AN161) 28July.M,Deconvolution_2023-05-22.m,Success,
,,,,,,,,,,,,,,,,,,,,,,53,,,Cpd 53: 19.236,,,,,,,,,,,,,,,,,,,,,,,,,Find by Chromatogram Deconvolution,335917,,43.0200,,,,C:\Users\55129944\OneDrive - MMU (1)\PhD\Labs\TD_Markes_2022\Groupings\Categories\Plastic_Cups\PC_Sample_2_USE_04_2.D,19.286,,,53280,,,33,Positive,,,,,,43.0200,,,19.236,,19.187,0.099,,,,,,,,,,,,,,,,,,,,,,,,,,,,,,,,,,,,,,,,,,Sample USE_04 #2 Tube #829226 2022-07-28,,Demo Lab 8890 5977B,1,,Microplastics MMU (AN161) 28July.M,Deconvolution_2023-05-22.m,Success,
,,,,,,,,,,,,,,,,,,,,,,54,,,Cpd 54: 19.285,,,,,,,,,,,,,,,,,,,,,,,,,Find by Chromatogram Deconvolution,184502,,122.9500,,,,C:\Users\55129944\OneDrive - MMU (1)\PhD\Labs\TD_Markes_2022\Groupings\Categories\Plastic_Cups\PC_Sample_2_USE_04_2.D,19.318,,,59323,,,11,Positive,,,,,,122.9500,,,19.285,,19.257,0.061,,,,,,,,,,,,,,,,,,,,,,,,,,,,,,,,,,,,,,,,,,Sample USE_04 #2 Tube #829226 2022-07-28,,Demo Lab 8890 5977B,1,,Microplastics MMU (AN161) 28July.M,Deconvolution_2023-05-22.m,Success,
,,,,,,,,,,,,,,,,,,,,,,55,,,Cpd 55: 19.331,,,,,,,,,,,,,,,,,,,,,,,,,Find by Chromatogram Deconvolution,246139,,43.0200,,,,C:\Users\55129944\OneDrive - MMU (1)\PhD\Labs\TD_Markes_2022\Groupings\Categories\Plastic_Cups\PC_Sample_2_USE_04_2.D,19.372,,,17704,,,27,Positive,,,,,,43.0200,,,19.331,,19.261,0.110,,,,,,,,,,,,,,,,,,,,,,,,,,,,,,,,,,,,,,,,,,Sample USE_04 #2 Tube #829226 2022-07-28,,Demo Lab 8890 5977B,1,,Microplastics MMU (AN161) 28July.M,Deconvolution_2023-05-22.m,Success,
,,,,,,,,,,,,,,,,,,,,,,56,,,Cpd 56: 19.427,,,,,,,,,,,,,,,,,,,,,,,,,Find by Chromatogram Deconvolution,125556,,43.0200,,,,C:\Users\55129944\OneDrive - MMU (1)\PhD\Labs\TD_Markes_2022\Groupings\Categories\Plastic_Cups\PC_Sample_2_USE_04_2.D,19.473,,,33945,,,16,Positive,,,,,,43.0200,,,19.427,,19.381,0.091,,,,,,,,,,,,,,,,,,,,,,,,,,,,,,,,,,,,,,,,,,Sample USE_04 #2 Tube #829226 2022-07-28,,Demo Lab 8890 5977B,1,,Microplastics MMU (AN161) 28July.M,Deconvolution_2023-05-22.m,Success,
,,,,,,,,,,,,,,,,,,,,,,57,,,Cpd 57: 19.893,,,,,,,,,,,,,,,,,,,,,,,,,Find by Chromatogram Deconvolution,163302,,43.0200,,,,C:\Users\55129944\OneDrive - MMU (1)\PhD\Labs\TD_Markes_2022\Groupings\Categories\Plastic_Cups\PC_Sample_2_USE_04_2.D,19.933,,,39285,,,16,Positive,,,,,,43.0200,,,19.893,,19.857,0.076,,,,,,,,,,,,,,,,,,,,,,,,,,,,,,,,,,,,,,,,,,Sample USE_04 #2 Tube #829226 2022-07-28,,Demo Lab 8890 5977B,1,,Microplastics MMU (AN161) 28July.M,Deconvolution_2023-05-22.m,Success,
,,,,,,,,,,,,,,,,,,,,,,58,,,Cpd 58: 19.911,,,,,,,,,,,,,,,,,,,,,,,,,Find by Chromatogram Deconvolution,165673,,54.9900,,,,C:\Users\55129944\OneDrive - MMU (1)\PhD\Labs\TD_Markes_2022\Groupings\Categories\Plastic_Cups\PC_Sample_2_USE_04_2.D,19.964,,,11786,,,20,Positive,,,,,,54.9900,,,19.911,,19.857,0.107,,,,,,,,,,,,,,,,,,,,,,,,,,,,,,,,,,,,,,,,,,Sample USE_04 #2 Tube #829226 2022-07-28,,Demo Lab 8890 5977B,1,,Microplastics MMU (AN161) 28July.M,Deconvolution_2023-05-22.m,Success,
,,,,,,,,,,,,,,,,,,,,,,59,,,Cpd 59: 19.962,,,,,,,,,,,,,,,,,,,,,,,,,Find by Chromatogram Deconvolution,131352,,57.1000,,,,C:\Users\55129944\OneDrive - MMU (1)\PhD\Labs\TD_Markes_2022\Groupings\Categories\Plastic_Cups\PC_Sample_2_USE_04_2.D,20.017,,,18714,,,20,Positive,,,,,,57.1000,,,19.962,,19.931,0.086,,,,,,,,,,,,,,,,,,,,,,,,,,,,,,,,,,,,,,,,,,Sample USE_04 #2 Tube #829226 2022-07-28,,Demo Lab 8890 5977B,1,,Microplastics MMU (AN161) 28July.M,Deconvolution_2023-05-22.m,Success,
,,,,,,,,,,,,,,,,,,,,,,60,,,Cpd 60: 20.143,,,,,,,,,,,,,,,,,,,,,,,,,Find by Chromatogram Deconvolution,129886,,43.0200,,,,C:\Users\55129944\OneDrive - MMU (1)\PhD\Labs\TD_Markes_2022\Groupings\Categories\Plastic_Cups\PC_Sample_2_USE_04_2.D,20.177,,,13598,,,22,Positive,,,,,,43.0200,,,20.143,,20.086,0.091,,,,,,,,,,,,,,,,,,,,,,,,,,,,,,,,,,,,,,,,,,Sample USE_04 #2 Tube #829226 2022-07-28,,Demo Lab 8890 5977B,1,,Microplastics MMU (AN161) 28July.M,Deconvolution_2023-05-22.m,Success,
,,,,,,,,,,,,,,,,,,,,,,61,,,Cpd 61: 20.355,,,,,,,,,,,,,,,,,,,,,,,,,Find by Chromatogram Deconvolution,266879,,71.1000,,,,C:\Users\55129944\OneDrive - MMU (1)\PhD\Labs\TD_Markes_2022\Groupings\Categories\Plastic_Cups\PC_Sample_2_USE_04_2.D,20.411,,,34501,,,22,Positive,,,,,,71.1000,,,20.355,,20.320,0.091,,,,,,,,,,,,,,,,,,,,,,,,,,,,,,,,,,,,,,,,,,Sample USE_04 #2 Tube #829226 2022-07-28,,Demo Lab 8890 5977B,1,,Microplastics MMU (AN161) 28July.M,Deconvolution_2023-05-22.m,Success,
,,,,,,,,,,,,,,,,,,,,,,62,,,Cpd 62: 20.445,,,,,,,,,,,,,,,,,,,,,,,,,Find by Chromatogram Deconvolution,496304,,71.1000,,,,C:\Users\55129944\OneDrive - MMU (1)\PhD\Labs\TD_Markes_2022\Groupings\Categories\Plastic_Cups\PC_Sample_2_USE_04_2.D,20.495,,,62446,,,29,Positive,,,,,,71.1000,,,20.445,,20.409,0.086,,,,,,,,,,,,,,,,,,,,,,,,,,,,,,,,,,,,,,,,,,Sample USE_04 #2 Tube #829226 2022-07-28,,Demo Lab 8890 5977B,1,,Microplastics MMU (AN161) 28July.M,Deconvolution_2023-05-22.m,Success,
,,,,,,,,,,,,,,,,,,,,,,63,,,Cpd 63: 20.525,,,,,,,,,,,,,,,,,,,,,,,,,Find by Chromatogram Deconvolution,289096,,71.1000,,,,C:\Users\55129944\OneDrive - MMU (1)\PhD\Labs\TD_Markes_2022\Groupings\Categories\Plastic_Cups\PC_Sample_2_USE_04_2.D,20.588,,,35939,,,26,Positive,,,,,,71.1000,,,20.525,,20.493,0.095,,,,,,,,,,,,,,,,,,,,,,,,,,,,,,,,,,,,,,,,,,Sample USE_04 #2 Tube #829226 2022-07-28,,Demo Lab 8890 5977B,1,,Microplastics MMU (AN161) 28July.M,Deconvolution_2023-05-22.m,Success,
,,,,,,,,,,,,,,,,,,,,,,64,,,Cpd 64: 20.614,,,,,,,,,,,,,,,,,,,,,,,,,Find by Chromatogram Deconvolution,155820,,106.9000,,,,C:\Users\55129944\OneDrive - MMU (1)\PhD\Labs\TD_Markes_2022\Groupings\Categories\Plastic_Cups\PC_Sample_2_USE_04_2.D,20.670,,,23098,,,23,Positive,,,,,,106.9000,,,20.614,,20.577,0.093,,,,,,,,,,,,,,,,,,,,,,,,,,,,,,,,,,,,,,,,,,Sample USE_04 #2 Tube #829226 2022-07-28,,Demo Lab 8890 5977B,1,,Microplastics MMU (AN161) 28July.M,Deconvolution_2023-05-22.m,Success,
,,,,,,,,,,,,,,,,,,,,,,65,,,Cpd 65: 20.811,,,,,,,,,,,,,,,,,,,,,,,,,Find by Chromatogram Deconvolution,197566,,71.1000,,,,C:\Users\55129944\OneDrive - MMU (1)\PhD\Labs\TD_Markes_2022\Groupings\Categories\Plastic_Cups\PC_Sample_2_USE_04_2.D,20.872,,,18751,,,24,Positive,,,,,,71.1000,,,20.811,,20.771,0.101,,,,,,,,,,,,,,,,,,,,,,,,,,,,,,,,,,,,,,,,,,Sample USE_04 #2 Tube #829226 2022-07-28,,Demo Lab 8890 5977B,1,,Microplastics MMU (AN161) 28July.M,Deconvolution_2023-05-22.m,Success,
,,,,,,,,,,,,,,,,,,,,,,66,,,Cpd 66: 20.951,,,,,,,,,,,,,,,,,,,,,,,,,Find by Chromatogram Deconvolution,392509,,54.9900,,,,C:\Users\55129944\OneDrive - MMU (1)\PhD\Labs\TD_Markes_2022\Groupings\Categories\Plastic_Cups\PC_Sample_2_USE_04_2.D,21.032,,,16646,,,38,Positive,,,,,,54.9900,,,20.951,,20.880,0.152,,,,,,,,,,,,,,,,,,,,,,,,,,,,,,,,,,,,,,,,,,Sample USE_04 #2 Tube #829226 2022-07-28,,Demo Lab 8890 5977B,1,,Microplastics MMU (AN161) 28July.M,Deconvolution_2023-05-22.m,Success,
,,,,,,,,,,,,,,,,,,,,,,67,,,Cpd 67: 20.992,,,,,,,,,,,,,,,,,,,,,,,,,Find by Chromatogram Deconvolution,219973,,57.1000,,,,C:\Users\55129944\OneDrive - MMU (1)\PhD\Labs\TD_Markes_2022\Groupings\Categories\Plastic_Cups\PC_Sample_2_USE_04_2.D,21.086,,,25729,,,21,Positive,,,,,,57.1000,,,20.992,,20.956,0.130,,,,,,,,,,,,,,,,,,,,,,,,,,,,,,,,,,,,,,,,,,Sample USE_04 #2 Tube #829226 2022-07-28,,Demo Lab 8890 5977B,1,,Microplastics MMU (AN161) 28July.M,Deconvolution_2023-05-22.m,Success,
,,,,,,,,,,,,,,,,,,,,,,68,,,Cpd 68: 21.008,,,,,,,,,,,,,,,,,,,,,,,,,Find by Chromatogram Deconvolution,137591,,87.8300,,,,C:\Users\55129944\OneDrive - MMU (1)\PhD\Labs\TD_Markes_2022\Groupings\Categories\Plastic_Cups\PC_Sample_2_USE_04_2.D,21.086,,,13836,,,23,Positive,,,,,,87.8300,,,21.008,,20.967,0.118,,,,,,,,,,,,,,,,,,,,,,,,,,,,,,,,,,,,,,,,,,Sample USE_04 #2 Tube #829226 2022-07-28,,Demo Lab 8890 5977B,1,,Microplastics MMU (AN161) 28July.M,Deconvolution_2023-05-22.m,Success,
,,,,,,,,,,,,,,,,,,,,,,69,,,Cpd 69: 21.121,,,,,,,,,,,,,,,,,,,,,,,,,Find by Chromatogram Deconvolution,4779707,,69.0500,,,,C:\Users\55129944\OneDrive - MMU (1)\PhD\Labs\TD_Markes_2022\Groupings\Categories\Plastic_Cups\PC_Sample_2_USE_04_2.D,21.167,,,422191,,,36,Positive,,,,,,69.0500,,,21.121,,21.084,0.084,,,,,,,,,,,,,,,,,,,,,,,,,,,,,,,,,,,,,,,,,,Sample USE_04 #2 Tube #829226 2022-07-28,,Demo Lab 8890 5977B,1,,Microplastics MMU (AN161) 28July.M,Deconvolution_2023-05-22.m,Success,
,,,,,,,,,,,,,,,,,,,,,,70,,,Cpd 70: 21.205,,,,,,,,,,,,,,,,,,,,,,,,,Find by Chromatogram Deconvolution,4715348,,69.0500,,,,C:\Users\55129944\OneDrive - MMU (1)\PhD\Labs\TD_Markes_2022\Groupings\Categories\Plastic_Cups\PC_Sample_2_USE_04_2.D,21.255,,,383001,,,34,Positive,,,,,,69.0500,,,21.205,,21.164,0.091,,,,,,,,,,,,,,,,,,,,,,,,,,,,,,,,,,,,,,,,,,Sample USE_04 #2 Tube #829226 2022-07-28,,Demo Lab 8890 5977B,1,,Microplastics MMU (AN161) 28July.M,Deconvolution_2023-05-22.m,Success,
,,,,,,,,,,,,,,,,,,,,,,71,,,Cpd 71: 21.291,,,,,,,,,,,,,,,,,,,,,,,,,Find by Chromatogram Deconvolution,4921444,,69.0500,,,,C:\Users\55129944\OneDrive - MMU (1)\PhD\Labs\TD_Markes_2022\Groupings\Categories\Plastic_Cups\PC_Sample_2_USE_04_2.D,21.368,,,401694,,,35,Positive,,,,,,69.0500,,,21.291,,21.249,0.118,,,,,,,,,,,,,,,,,,,,,,,,,,,,,,,,,,,,,,,,,,Sample USE_04 #2 Tube #829226 2022-07-28,,Demo Lab 8890 5977B,1,,Microplastics MMU (AN161) 28July.M,Deconvolution_2023-05-22.m,Success,
,,,,,,,,,,,,,,,,,,,,,,72,,,Cpd 72: 21.434,,,,,,,,,,,,,,,,,,,,,,,,,Find by Chromatogram Deconvolution,151464,,71.1000,,,,C:\Users\55129944\OneDrive - MMU (1)\PhD\Labs\TD_Markes_2022\Groupings\Categories\Plastic_Cups\PC_Sample_2_USE_04_2.D,21.507,,,11052,,,16,Positive,,,,,,71.1000,,,21.434,,21.375,0.131,,,,,,,,,,,,,,,,,,,,,,,,,,,,,,,,,,,,,,,,,,Sample USE_04 #2 Tube #829226 2022-07-28,,Demo Lab 8890 5977B,1,,Microplastics MMU (AN161) 28July.M,Deconvolution_2023-05-22.m,Success,
,,,,,,,,,,,,,,,,,,,,,,73,,,Cpd 73: 21.559,,,,,,,,,,,,,,,,,,,,,,,,,Find by Chromatogram Deconvolution,150056,,43.0200,,,,C:\Users\55129944\OneDrive - MMU (1)\PhD\Labs\TD_Markes_2022\Groupings\Categories\Plastic_Cups\PC_Sample_2_USE_04_2.D,21.615,,,13610,,,20,Positive,,,,,,43.0200,,,21.559,,21.505,0.111,,,,,,,,,,,,,,,,,,,,,,,,,,,,,,,,,,,,,,,,,,Sample USE_04 #2 Tube #829226 2022-07-28,,Demo Lab 8890 5977B,1,,Microplastics MMU (AN161) 28July.M,Deconvolution_2023-05-22.m,Success,
,,,,,,,,,,,,,,,,,,,,,,74,,,Cpd 74: 21.747,,,,,,,,,,,,,,,,,,,,,,,,,Find by Chromatogram Deconvolution,219942,,54.9900,,,,C:\Users\55129944\OneDrive - MMU (1)\PhD\Labs\TD_Markes_2022\Groupings\Categories\Plastic_Cups\PC_Sample_2_USE_04_2.D,21.813,,,22099,,,13,Positive,,,,,,54.9900,,,21.747,,21.716,0.097,,,,,,,,,,,,,,,,,,,,,,,,,,,,,,,,,,,,,,,,,,Sample USE_04 #2 Tube #829226 2022-07-28,,Demo Lab 8890 5977B,1,,Microplastics MMU (AN161) 28July.M,Deconvolution_2023-05-22.m,Success,
,,,,,,,,,,,,,,,,,,,,,,75,,,Cpd 75: 21.915,,,,,,,,,,,,,,,,,,,,,,,,,Find by Chromatogram Deconvolution,605605,,54.9900,,,,C:\Users\55129944\OneDrive - MMU (1)\PhD\Labs\TD_Markes_2022\Groupings\Categories\Plastic_Cups\PC_Sample_2_USE_04_2.D,21.994,,,38321,,,35,Positive,,,,,,54.9900,,,21.915,,21.882,0.112,,,,,,,,,,,,,,,,,,,,,,,,,,,,,,,,,,,,,,,,,,Sample USE_04 #2 Tube #829226 2022-07-28,,Demo Lab 8890 5977B,1,,Microplastics MMU (AN161) 28July.M,Deconvolution_2023-05-22.m,Success,
,,,,,,,,,,,,,,,,,,,,,,76,,,Cpd 76: 21.950,,,,,,,,,,,,,,,,,,,,,,,,,Find by Chromatogram Deconvolution,336780,,57.1000,,,,C:\Users\55129944\OneDrive - MMU (1)\PhD\Labs\TD_Markes_2022\Groupings\Categories\Plastic_Cups\PC_Sample_2_USE_04_2.D,22.012,,,53275,,,24,Positive,,,,,,57.1000,,,21.950,,21.924,0.088,,,,,,,,,,,,,,,,,,,,,,,,,,,,,,,,,,,,,,,,,,Sample USE_04 #2 Tube #829226 2022-07-28,,Demo Lab 8890 5977B,1,,Microplastics MMU (AN161) 28July.M,Deconvolution_2023-05-22.m,Success,
,,,,,,,,,,,,,,,,,,,,,,77,,,Cpd 77: 22.130,,,,,,,,,,,,,,,,,,,,,,,,,Find by Chromatogram Deconvolution,308297,,111.0700,,,,C:\Users\55129944\OneDrive - MMU (1)\PhD\Labs\TD_Markes_2022\Groupings\Categories\Plastic_Cups\PC_Sample_2_USE_04_2.D,22.206,,,58109,,,25,Positive,,,,,,111.0700,,,22.130,,22.095,0.111,,,,,,,,,,,,,,,,,,,,,,,,,,,,,,,,,,,,,,,,,,Sample USE_04 #2 Tube #829226 2022-07-28,,Demo Lab 8890 5977B,1,,Microplastics MMU (AN161) 28July.M,Deconvolution_2023-05-22.m,Success,
,,,,,,,,,,,,,,,,,,,,,,78,,,Cpd 78: 22.245,,,,,,,,,,,,,,,,,,,,,,,,,Find by Chromatogram Deconvolution,253201,,87.8300,,,,C:\Users\55129944\OneDrive - MMU (1)\PhD\Labs\TD_Markes_2022\Groupings\Categories\Plastic_Cups\PC_Sample_2_USE_04_2.D,22.299,,,30543,,,32,Positive,,,,,,87.8300,,,22.245,,22.206,0.093,,,,,,,,,,,,,,,,,,,,,,,,,,,,,,,,,,,,,,,,,,Sample USE_04 #2 Tube #829226 2022-07-28,,Demo Lab 8890 5977B,1,,Microplastics MMU (AN161) 28July.M,Deconvolution_2023-05-22.m,Success,
,,,,,,,,,,,,,,,,,,,,,,79,,,Cpd 79: 22.377,,,,,,,,,,,,,,,,,,,,,,,,,Find by Chromatogram Deconvolution,131978,,85.0600,,,,C:\Users\55129944\OneDrive - MMU (1)\PhD\Labs\TD_Markes_2022\Groupings\Categories\Plastic_Cups\PC_Sample_2_USE_04_2.D,22.427,,,15062,,,27,Positive,,,,,,85.0600,,,22.377,,22.345,0.082,,,,,,,,,,,,,,,,,,,,,,,,,,,,,,,,,,,,,,,,,,Sample USE_04 #2 Tube #829226 2022-07-28,,Demo Lab 8890 5977B,1,,Microplastics MMU (AN161) 28July.M,Deconvolution_2023-05-22.m,Success,
,,,,,,,,,,,,,,,,,,,,,,80,,,Cpd 80: 22.456,,,,,,,,,,,,,,,,,,,,,,,,,Find by Chromatogram Deconvolution,417368,,43.0200,,,,C:\Users\55129944\OneDrive - MMU (1)\PhD\Labs\TD_Markes_2022\Groupings\Categories\Plastic_Cups\PC_Sample_2_USE_04_2.D,22.501,,,32766,,,27,Positive,,,,,,43.0200,,,22.456,,22.410,0.091,,,,,,,,,,,,,,,,,,,,,,,,,,,,,,,,,,,,,,,,,,Sample USE_04 #2 Tube #829226 2022-07-28,,Demo Lab 8890 5977B,1,,Microplastics MMU (AN161) 28July.M,Deconvolution_2023-05-22.m,Success,
,,,,,,,,,,,,,,,,,,,,,,81,,,Cpd 81: 22.541,,,,,,,,,,,,,,,,,,,,,,,,,Find by Chromatogram Deconvolution,402962,,71.1000,,,,C:\Users\55129944\OneDrive - MMU (1)\PhD\Labs\TD_Markes_2022\Groupings\Categories\Plastic_Cups\PC_Sample_2_USE_04_2.D,22.583,,,39754,,,26,Positive,,,,,,71.1000,,,22.541,,22.507,0.076,,,,,,,,,,,,,,,,,,,,,,,,,,,,,,,,,,,,,,,,,,Sample USE_04 #2 Tube #829226 2022-07-28,,Demo Lab 8890 5977B,1,,Microplastics MMU (AN161) 28July.M,Deconvolution_2023-05-22.m,Success,
,,,,,,,,,,,,,,,,,,,,,,82,,,Cpd 82: 22.616,,,,,,,,,,,,,,,,,,,,,,,,,Find by Chromatogram Deconvolution,277751,,71.1000,,,,C:\Users\55129944\OneDrive - MMU (1)\PhD\Labs\TD_Markes_2022\Groupings\Categories\Plastic_Cups\PC_Sample_2_USE_04_2.D,22.673,,,36496,,,24,Positive,,,,,,71.1000,,,22.616,,22.577,0.095,,,,,,,,,,,,,,,,,,,,,,,,,,,,,,,,,,,,,,,,,,Sample USE_04 #2 Tube #829226 2022-07-28,,Demo Lab 8890 5977B,1,,Microplastics MMU (AN161) 28July.M,Deconvolution_2023-05-22.m,Success,
,,,,,,,,,,,,,,,,,,,,,,83,,,Cpd 83: 22.704,,,,,,,,,,,,,,,,,,,,,,,,,Find by Chromatogram Deconvolution,309430,,71.1000,,,,C:\Users\55129944\OneDrive - MMU (1)\PhD\Labs\TD_Markes_2022\Groupings\Categories\Plastic_Cups\PC_Sample_2_USE_04_2.D,22.747,,,42876,,,25,Positive,,,,,,71.1000,,,22.704,,22.667,0.080,,,,,,,,,,,,,,,,,,,,,,,,,,,,,,,,,,,,,,,,,,Sample USE_04 #2 Tube #829226 2022-07-28,,Demo Lab 8890 5977B,1,,Microplastics MMU (AN161) 28July.M,Deconvolution_2023-05-22.m,Success,
,,,,,,,,,,,,,,,,,,,,,,84,,,Cpd 84: 22.785,,,,,,,,,,,,,,,,,,,,,,,,,Find by Chromatogram Deconvolution,218770,,71.1000,,,,C:\Users\55129944\OneDrive - MMU (1)\PhD\Labs\TD_Markes_2022\Groupings\Categories\Plastic_Cups\PC_Sample_2_USE_04_2.D,22.814,,,26371,,,24,Positive,,,,,,71.1000,,,22.785,,22.738,0.076,,,,,,,,,,,,,,,,,,,,,,,,,,,,,,,,,,,,,,,,,,Sample USE_04 #2 Tube #829226 2022-07-28,,Demo Lab 8890 5977B,1,,Microplastics MMU (AN161) 28July.M,Deconvolution_2023-05-22.m,Success,
,,,,,,,,,,,,,,,,,,,,,,85,,,Cpd 85: 22.820,,,,,,,,,,,,,,,,,,,,,,,,,Find by Chromatogram Deconvolution,250084,,54.9900,,,,C:\Users\55129944\OneDrive - MMU (1)\PhD\Labs\TD_Markes_2022\Groupings\Categories\Plastic_Cups\PC_Sample_2_USE_04_2.D,22.901,,,19304,,,21,Positive,,,,,,54.9900,,,22.820,,22.751,0.151,,,,,,,,,,,,,,,,,,,,,,,,,,,,,,,,,,,,,,,,,,Sample USE_04 #2 Tube #829226 2022-07-28,,Demo Lab 8890 5977B,1,,Microplastics MMU (AN161) 28July.M,Deconvolution_2023-05-22.m,Success,
,,,,,,,,,,,,,,,,,,,,,,86,,,Cpd 86: 22.847,,,,,,,,,,,,,,,,,,,,,,,,,Find by Chromatogram Deconvolution,645727,,57.1000,,,,C:\Users\55129944\OneDrive - MMU (1)\PhD\Labs\TD_Markes_2022\Groupings\Categories\Plastic_Cups\PC_Sample_2_USE_04_2.D,22.905,,,74269,,,27,Positive,,,,,,57.1000,,,22.847,,22.804,0.101,,,,,,,,,,,,,,,,,,,,,,,,,,,,,,,,,,,,,,,,,,Sample USE_04 #2 Tube #829226 2022-07-28,,Demo Lab 8890 5977B,1,,Microplastics MMU (AN161) 28July.M,Deconvolution_2023-05-22.m,Success,
,,,,,,,,,,,,,,,,,,,,,,87,,,Cpd 87: 23.133,,,,,,,,,,,,,,,,,,,,,,,,,Find by Chromatogram Deconvolution,1255298,,69.0500,,,,C:\Users\55129944\OneDrive - MMU (1)\PhD\Labs\TD_Markes_2022\Groupings\Categories\Plastic_Cups\PC_Sample_2_USE_04_2.D,23.180,,,104044,,,37,Positive,,,,,,69.0500,,,23.133,,23.096,0.084,,,,,,,,,,,,,,,,,,,,,,,,,,,,,,,,,,,,,,,,,,Sample USE_04 #2 Tube #829226 2022-07-28,,Demo Lab 8890 5977B,1,,Microplastics MMU (AN161) 28July.M,Deconvolution_2023-05-22.m,Success,
,,,,,,,,,,,,,,,,,,,,,,88,,,Cpd 88: 23.212,,,,,,,,,,,,,,,,,,,,,,,,,Find by Chromatogram Deconvolution,1852023,,69.0500,,,,C:\Users\55129944\OneDrive - MMU (1)\PhD\Labs\TD_Markes_2022\Groupings\Categories\Plastic_Cups\PC_Sample_2_USE_04_2.D,23.246,,,133272,,,38,Positive,,,,,,69.0500,,,23.212,,23.176,0.071,,,,,,,,,,,,,,,,,,,,,,,,,,,,,,,,,,,,,,,,,,Sample USE_04 #2 Tube #829226 2022-07-28,,Demo Lab 8890 5977B,1,,Microplastics MMU (AN161) 28July.M,Deconvolution_2023-05-22.m,Success,
,,,,,,,,,,,,,,,,,,,,,,89,,,Cpd 89: 23.279,,,,,,,,,,,,,,,,,,,,,,,,,Find by Chromatogram Deconvolution,1312108,,69.0500,,,,C:\Users\55129944\OneDrive - MMU (1)\PhD\Labs\TD_Markes_2022\Groupings\Categories\Plastic_Cups\PC_Sample_2_USE_04_2.D,23.327,,,75160,,,37,Positive,,,,,,69.0500,,,23.279,,23.243,0.084,,,,,,,,,,,,,,,,,,,,,,,,,,,,,,,,,,,,,,,,,,Sample USE_04 #2 Tube #829226 2022-07-28,,Demo Lab 8890 5977B,1,,Microplastics MMU (AN161) 28July.M,Deconvolution_2023-05-22.m,Success,
,,,,,,,,,,,,,,,,,,,,,,90,,,Cpd 90: 23.363,,,,,,,,,,,,,,,,,,,,,,,,,Find by Chromatogram Deconvolution,1917232,,69.0500,,,,C:\Users\55129944\OneDrive - MMU (1)\PhD\Labs\TD_Markes_2022\Groupings\Categories\Plastic_Cups\PC_Sample_2_USE_04_2.D,23.416,,,143759,,,38,Positive,,,,,,69.0500,,,23.363,,23.321,0.095,,,,,,,,,,,,,,,,,,,,,,,,,,,,,,,,,,,,,,,,,,Sample USE_04 #2 Tube #829226 2022-07-28,,Demo Lab 8890 5977B,1,,Microplastics MMU (AN161) 28July.M,Deconvolution_2023-05-22.m,Success,
,,,,,,,,,,,,,,,,,,,,,,91,,,Cpd 91: 23.450,,,,,,,,,,,,,,,,,,,,,,,,,Find by Chromatogram Deconvolution,1045122,,69.0500,,,,C:\Users\55129944\OneDrive - MMU (1)\PhD\Labs\TD_Markes_2022\Groupings\Categories\Plastic_Cups\PC_Sample_2_USE_04_2.D,23.490,,,78148,,,40,Positive,,,,,,69.0500,,,23.450,,23.412,0.078,,,,,,,,,,,,,,,,,,,,,,,,,,,,,,,,,,,,,,,,,,Sample USE_04 #2 Tube #829226 2022-07-28,,Demo Lab 8890 5977B,1,,Microplastics MMU (AN161) 28July.M,Deconvolution_2023-05-22.m,Success,
,,,,,,,,,,,,,,,,,,,,,,92,,,Cpd 92: 23.568,,,,,,,,,,,,,,,,,,,,,,,,,Find by Chromatogram Deconvolution,2483133,,191.1000,,,,C:\Users\55129944\OneDrive - MMU (1)\PhD\Labs\TD_Markes_2022\Groupings\Categories\Plastic_Cups\PC_Sample_2_USE_04_2.D,23.639,,,667354,,,27,Positive,,,,,,191.1000,,,23.568,,23.532,0.107,,,,,,,,,,,,,,,,,,,,,,,,,,,,,,,,,,,,,,,,,,Sample USE_04 #2 Tube #829226 2022-07-28,,Demo Lab 8890 5977B,1,,Microplastics MMU (AN161) 28July.M,Deconvolution_2023-05-22.m,Success,
,,,,,,,,,,,,,,,,,,,,,,93,,,Cpd 93: 23.670,,,,,,,,,,,,,,,,,,,,,,,,,Find by Chromatogram Deconvolution,550510,,54.9900,,,,C:\Users\55129944\OneDrive - MMU (1)\PhD\Labs\TD_Markes_2022\Groupings\Categories\Plastic_Cups\PC_Sample_2_USE_04_2.D,23.752,,,33678,,,28,Positive,,,,,,54.9900,,,23.670,,23.633,0.118,,,,,,,,,,,,,,,,,,,,,,,,,,,,,,,,,,,,,,,,,,Sample USE_04 #2 Tube #829226 2022-07-28,,Demo Lab 8890 5977B,1,,Microplastics MMU (AN161) 28July.M,Deconvolution_2023-05-22.m,Success,
,,,,,,,,,,,,,,,,,,,,,,94,,,Cpd 94: 23.695,,,,,,,,,,,,,,,,,,,,,,,,,Find by Chromatogram Deconvolution,350068,,57.1000,,,,C:\Users\55129944\OneDrive - MMU (1)\PhD\Labs\TD_Markes_2022\Groupings\Categories\Plastic_Cups\PC_Sample_2_USE_04_2.D,23.761,,,49845,,,16,Positive,,,,,,57.1000,,,23.695,,23.645,0.116,,,,,,,,,,,,,,,,,,,,,,,,,,,,,,,,,,,,,,,,,,Sample USE_04 #2 Tube #829226 2022-07-28,,Demo Lab 8890 5977B,1,,Microplastics MMU (AN161) 28July.M,Deconvolution_2023-05-22.m,Success,
,,,,,,,,,,,,,,,,,,,,,,95,,,Cpd 95: 24.122,,,,,,,,,,,,,,,,,,,,,,,,,Find by Chromatogram Deconvolution,252913,,71.1000,,,,C:\Users\55129944\OneDrive - MMU (1)\PhD\Labs\TD_Markes_2022\Groupings\Categories\Plastic_Cups\PC_Sample_2_USE_04_2.D,24.154,,,73966,,,19,Positive,,,,,,71.1000,,,24.122,,24.083,0.071,,,,,,,,,,,,,,,,,,,,,,,,,,,,,,,,,,,,,,,,,,Sample USE_04 #2 Tube #829226 2022-07-28,,Demo Lab 8890 5977B,1,,Microplastics MMU (AN161) 28July.M,Deconvolution_2023-05-22.m,Success,
,,,,,,,,,,,,,,,,,,,,,,96,,,Cpd 96: 24.519,,,,,,,,,,,,,,,,,,,,,,,,,Find by Chromatogram Deconvolution,445080,,57.1000,,,,C:\Users\55129944\OneDrive - MMU (1)\PhD\Labs\TD_Markes_2022\Groupings\Categories\Plastic_Cups\PC_Sample_2_USE_04_2.D,24.552,,,47895,,,22,Positive,,,,,,57.1000,,,24.519,,24.465,0.088,,,,,,,,,,,,,,,,,,,,,,,,,,,,,,,,,,,,,,,,,,Sample USE_04 #2 Tube #829226 2022-07-28,,Demo Lab 8890 5977B,1,,Microplastics MMU (AN161) 28July.M,Deconvolution_2023-05-22.m,Success,
,,,,,,,,,,,,,,,,,,,,,,97,,,Cpd 97: 24.660,,,,,,,,,,,,,,,,,,,,,,,,,Find by Chromatogram Deconvolution,183661,,71.1000,,,,C:\Users\55129944\OneDrive - MMU (1)\PhD\Labs\TD_Markes_2022\Groupings\Categories\Plastic_Cups\PC_Sample_2_USE_04_2.D,24.690,,,17495,,,21,Positive,,,,,,71.1000,,,24.660,,24.619,0.071,,,,,,,,,,,,,,,,,,,,,,,,,,,,,,,,,,,,,,,,,,Sample USE_04 #2 Tube #829226 2022-07-28,,Demo Lab 8890 5977B,1,,Microplastics MMU (AN161) 28July.M,Deconvolution_2023-05-22.m,Success,
,,,,,,,,,,,,,,,,,,,,,,98,,,Cpd 98: 24.709,,,,,,,,,,,,,,,,,,,,,,,,,Find by Chromatogram Deconvolution,371786,,54.9900,,,,C:\Users\55129944\OneDrive - MMU (1)\PhD\Labs\TD_Markes_2022\Groupings\Categories\Plastic_Cups\PC_Sample_2_USE_04_2.D,24.764,,,27957,,,31,Positive,,,,,,54.9900,,,24.709,,24.667,0.097,,,,,,,,,,,,,,,,,,,,,,,,,,,,,,,,,,,,,,,,,,Sample USE_04 #2 Tube #829226 2022-07-28,,Demo Lab 8890 5977B,1,,Microplastics MMU (AN161) 28July.M,Deconvolution_2023-05-22.m,Success,
,,,,,,,,,,,,,,,,,,,,,,99,,,Cpd 99: 24.974,,,,,,,,,,,,,,,,,,,,,,,,,Find by Chromatogram Deconvolution,2017631,,69.0500,,,,C:\Users\55129944\OneDrive - MMU (1)\PhD\Labs\TD_Markes_2022\Groupings\Categories\Plastic_Cups\PC_Sample_2_USE_04_2.D,25.019,,,139581,,,36,Positive,,,,,,69.0500,,,24.974,,24.924,0.095,,,,,,,,,,,,,,,,,,,,,,,,,,,,,,,,,,,,,,,,,,Sample USE_04 #2 Tube #829226 2022-07-28,,Demo Lab 8890 5977B,1,,Microplastics MMU (AN161) 28July.M,Deconvolution_2023-05-22.m,Success,
,,,,,,,,,,,,,,,,,,,,,,100,,,Cpd 100: 25.055,,,,,,,,,,,,,,,,,,,,,,,,,Find by Chromatogram Deconvolution,1388910,,69.0500,,,,C:\Users\55129944\OneDrive - MMU (1)\PhD\Labs\TD_Markes_2022\Groupings\Categories\Plastic_Cups\PC_Sample_2_USE_04_2.D,25.090,,,71807,,,39,Positive,,,,,,69.0500,,,25.055,,25.012,0.078,,,,,,,,,,,,,,,,,,,,,,,,,,,,,,,,,,,,,,,,,,Sample USE_04 #2 Tube #829226 2022-07-28,,Demo Lab 8890 5977B,1,,Microplastics MMU (AN161) 28July.M,Deconvolution_2023-05-22.m,Success,
,,,,,,,,,,,,,,,,,,,,,,101,,,Cpd 101: 25.131,,,,,,,,,,,,,,,,,,,,,,,,,Find by Chromatogram Deconvolution,1474670,,69.0500,,,,C:\Users\55129944\OneDrive - MMU (1)\PhD\Labs\TD_Markes_2022\Groupings\Categories\Plastic_Cups\PC_Sample_2_USE_04_2.D,25.176,,,75108,,,31,Positive,,,,,,69.0500,,,25.131,,25.082,0.093,,,,,,,,,,,,,,,,,,,,,,,,,,,,,,,,,,,,,,,,,,Sample USE_04 #2 Tube #829226 2022-07-28,,Demo Lab 8890 5977B,1,,Microplastics MMU (AN161) 28July.M,Deconvolution_2023-05-22.m,Success,
,,,,,,,,,,,,,,,,,,,,,,102,,,Cpd 102: 25.235,,,,,,,,,,,,,,,,,,,,,,,,,Find by Chromatogram Deconvolution,4624897,,69.0500,,,,C:\Users\55129944\OneDrive - MMU (1)\PhD\Labs\TD_Markes_2022\Groupings\Categories\Plastic_Cups\PC_Sample_2_USE_04_2.D,25.284,,,243315,,,36,Positive,,,,,,69.0500,,,25.235,,25.168,0.116,,,,,,,,,,,,,,,,,,,,,,,,,,,,,,,,,,,,,,,,,,Sample USE_04 #2 Tube #829226 2022-07-28,,Demo Lab 8890 5977B,1,,Microplastics MMU (AN161) 28July.M,Deconvolution_2023-05-22.m,Success,
,,,,,,,,,,,,,,,,,,,,,,103,,,Cpd 103: 25.321,,,,,,,,,,,,,,,,,,,,,,,,,Find by Chromatogram Deconvolution,1483194,,69.0500,,,,C:\Users\55129944\OneDrive - MMU (1)\PhD\Labs\TD_Markes_2022\Groupings\Categories\Plastic_Cups\PC_Sample_2_USE_04_2.D,25.391,,,85139,,,38,Positive,,,,,,69.0500,,,25.321,,25.279,0.112,,,,,,,,,,,,,,,,,,,,,,,,,,,,,,,,,,,,,,,,,,Sample USE_04 #2 Tube #829226 2022-07-28,,Demo Lab 8890 5977B,1,,Microplastics MMU (AN161) 28July.M,Deconvolution_2023-05-22.m,Success,
,,,,,,,,,,,,,,,,,,,,,,104,,,Cpd 104: 25.445,,,,,,,,,,,,,,,,,,,,,,,,,Find by Chromatogram Deconvolution,1153533,,69.0500,,,,C:\Users\55129944\OneDrive - MMU (1)\PhD\Labs\TD_Markes_2022\Groupings\Categories\Plastic_Cups\PC_Sample_2_USE_04_2.D,25.515,,,57017,,,36,Positive,,,,,,69.0500,,,25.445,,25.374,0.141,,,,,,,,,,,,,,,,,,,,,,,,,,,,,,,,,,,,,,,,,,Sample USE_04 #2 Tube #829226 2022-07-28,,Demo Lab 8890 5977B,1,,Microplastics MMU (AN161) 28July.M,Deconvolution_2023-05-22.m,Success,
,,,,,,,,,,,,,,,,,,,,,,105,,,Cpd 105: 25.560,,,,,,,,,,,,,,,,,,,,,,,,,Find by Chromatogram Deconvolution,1694584,,69.0500,,,,C:\Users\55129944\OneDrive - MMU (1)\PhD\Labs\TD_Markes_2022\Groupings\Categories\Plastic_Cups\PC_Sample_2_USE_04_2.D,25.622,,,102957,,,37,Positive,,,,,,69.0500,,,25.560,,25.511,0.111,,,,,,,,,,,,,,,,,,,,,,,,,,,,,,,,,,,,,,,,,,Sample USE_04 #2 Tube #829226 2022-07-28,,Demo Lab 8890 5977B,1,,Microplastics MMU (AN161) 28July.M,Deconvolution_2023-05-22.m,Success,
,,,,,,,,,,,,,,,,,,,,,,106,,,Cpd 106: 25.753,,,,,,,,,,,,,,,,,,,,,,,,,Find by Chromatogram Deconvolution,331185,,98.9700,,,,C:\Users\55129944\OneDrive - MMU (1)\PhD\Labs\TD_Markes_2022\Groupings\Categories\Plastic_Cups\PC_Sample_2_USE_04_2.D,25.822,,,21919,,,31,Positive,,,,,,98.9700,,,25.753,,25.708,0.114,,,,,,,,,,,,,,,,,,,,,,,,,,,,,,,,,,,,,,,,,,Sample USE_04 #2 Tube #829226 2022-07-28,,Demo Lab 8890 5977B,1,,Microplastics MMU (AN161) 28July.M,Deconvolution_2023-05-22.m,Success,
,,,,,,,,,,,,,,,,,,,,,,107,,,Cpd 107: 26.184,,,,,,,,,,,,,,,,,,,,,,,,,Find by Chromatogram Deconvolution,584998,,57.1000,,,,C:\Users\55129944\OneDrive - MMU (1)\PhD\Labs\TD_Markes_2022\Groupings\Categories\Plastic_Cups\PC_Sample_2_USE_04_2.D,26.255,,,22796,,,40,Positive,,,,,,57.1000,,,26.184,,26.137,0.118,,,,,,,,,,,,,,,,,,,,,,,,,,,,,,,,,,,,,,,,,,Sample USE_04 #2 Tube #829226 2022-07-28,,Demo Lab 8890 5977B,1,,Microplastics MMU (AN161) 28July.M,Deconvolution_2023-05-22.m,Success,
,,,,,,,,,,,,,,,,,,,,,,108,,,Cpd 108: 26.320,,,,,,,,,,,,,,,,,,,,,,,,,Find by Chromatogram Deconvolution,4071028,,97.1000,,,,C:\Users\55129944\OneDrive - MMU (1)\PhD\Labs\TD_Markes_2022\Groupings\Categories\Plastic_Cups\PC_Sample_2_USE_04_2.D,26.440,,,142594,,,63,Positive,,,,,,97.1000,,,26.320,,26.266,0.173,,,,,,,,,,,,,,,,,,,,,,,,,,,,,,,,,,,,,,,,,,Sample USE_04 #2 Tube #829226 2022-07-28,,Demo Lab 8890 5977B,1,,Microplastics MMU (AN161) 28July.M,Deconvolution_2023-05-22.m,Success,
,,,,,,,,,,,,,,,,,,,,,,109,,,Cpd 109: 26.511,,,,,,,,,,,,,,,,,,,,,,,,,Find by Chromatogram Deconvolution,288344,,43.0200,,,,C:\Users\55129944\OneDrive - MMU (1)\PhD\Labs\TD_Markes_2022\Groupings\Categories\Plastic_Cups\PC_Sample_2_USE_04_2.D,26.575,,,11078,,,43,Positive,,,,,,43.0200,,,26.511,,26.436,0.139,,,,,,,,,,,,,,,,,,,,,,,,,,,,,,,,,,,,,,,,,,Sample USE_04 #2 Tube #829226 2022-07-28,,Demo Lab 8890 5977B,1,,Microplastics MMU (AN161) 28July.M,Deconvolution_2023-05-22.m,Success,
,,,,,,,,,,,,,,,,,,,,,,110,,,Cpd 110: 26.980,,,,,,,,,,,,,,,,,,,,,,,,,Find by Chromatogram Deconvolution,246652,,71.1000,,,,C:\Users\55129944\OneDrive - MMU (1)\PhD\Labs\TD_Markes_2022\Groupings\Categories\Plastic_Cups\PC_Sample_2_USE_04_2.D,27.072,,,13746,,,18,Positive,,,,,,71.1000,,,26.980,,26.910,0.162,,,,,,,,,,,,,,,,,,,,,,,,,,,,,,,,,,,,,,,,,,Sample USE_04 #2 Tube #829226 2022-07-28,,Demo Lab 8890 5977B,1,,Microplastics MMU (AN161) 28July.M,Deconvolution_2023-05-22.m,Success,
,,,,,,,,,,,,,,,,,,,,,,111,,,Cpd 111: 27.273,,,,,,,,,,,,,,,,,,,,,,,,,Find by Chromatogram Deconvolution,1247762,,58.0000,,,,C:\Users\55129944\OneDrive - MMU (1)\PhD\Labs\TD_Markes_2022\Groupings\Categories\Plastic_Cups\PC_Sample_2_USE_04_2.D,27.408,,,89449,,,38,Positive,,,,,,58.0000,,,27.273,,27.212,0.196,,,,,,,,,,,,,,,,,,,,,,,,,,,,,,,,,,,,,,,,,,Sample USE_04 #2 Tube #829226 2022-07-28,,Demo Lab 8890 5977B,1,,Microplastics MMU (AN161) 28July.M,Deconvolution_2023-05-22.m,Success,
,,,,,,,,,,,,,,,,,,,,,,112,,,Cpd 112: 27.469,,,,,,,,,,,,,,,,,,,,,,,,,Find by Chromatogram Deconvolution,610396,,69.0500,,,,C:\Users\55129944\OneDrive - MMU (1)\PhD\Labs\TD_Markes_2022\Groupings\Categories\Plastic_Cups\PC_Sample_2_USE_04_2.D,27.532,,,31244,,,32,Positive,,,,,,69.0500,,,27.469,,27.402,0.130,,,,,,,,,,,,,,,,,,,,,,,,,,,,,,,,,,,,,,,,,,Sample USE_04 #2 Tube #829226 2022-07-28,,Demo Lab 8890 5977B,1,,Microplastics MMU (AN161) 28July.M,Deconvolution_2023-05-22.m,Success,
,,,,,,,,,,,,,,,,,,,,,,113,,,Cpd 113: 27.575,,,,,,,,,,,,,,,,,,,,,,,,,Find by Chromatogram Deconvolution,479020,,69.0500,,,,C:\Users\55129944\OneDrive - MMU (1)\PhD\Labs\TD_Markes_2022\Groupings\Categories\Plastic_Cups\PC_Sample_2_USE_04_2.D,27.631,,,22302,,,25,Positive,,,,,,69.0500,,,27.575,,27.497,0.133,,,,,,,,,,,,,,,,,,,,,,,,,,,,,,,,,,,,,,,,,,Sample USE_04 #2 Tube #829226 2022-07-28,,Demo Lab 8890 5977B,1,,Microplastics MMU (AN161) 28July.M,Deconvolution_2023-05-22.m,Success,
,,,,,,,,,,,,,,,,,,,,,,114,,,Cpd 114: 27.582,,,,,,,,,,,,,,,,,,,,,,,,,Find by Chromatogram Deconvolution,357076,,69.0500,,,,C:\Users\55129944\OneDrive - MMU (1)\PhD\Labs\TD_Markes_2022\Groupings\Categories\Plastic_Cups\PC_Sample_2_USE_04_2.D,27.635,,,22302,,,22,Positive,,,,,,69.0500,,,27.582,,27.522,0.112,,,,,,,,,,,,,,,,,,,,,,,,,,,,,,,,,,,,,,,,,,Sample USE_04 #2 Tube #829226 2022-07-28,,Demo Lab 8890 5977B,1,,Microplastics MMU (AN161) 28July.M,Deconvolution_2023-05-22.m,Success,
,,,,,,,,,,,,,,,,,,,,,,115,,,Cpd 115: 27.684,,,,,,,,,,,,,,,,,,,,,,,,,Find by Chromatogram Deconvolution,133195,,69.0500,,,,C:\Users\55129944\OneDrive - MMU (1)\PhD\Labs\TD_Markes_2022\Groupings\Categories\Plastic_Cups\PC_Sample_2_USE_04_2.D,27.747,,,25076,,,5,Positive,,,,,,69.0500,,,27.684,,27.631,0.116,,,,,,,,,,,,,,,,,,,,,,,,,,,,,,,,,,,,,,,,,,Sample USE_04 #2 Tube #829226 2022-07-28,,Demo Lab 8890 5977B,1,,Microplastics MMU (AN161) 28July.M,Deconvolution_2023-05-22.m,Success,
,,,,,,,,,,,,,,,,,,,,,,116,,,Cpd 116: 27.696,,,,,,,,,,,,,,,,,,,,,,,,,Find by Chromatogram Deconvolution,698713,,97.1000,,,,C:\Users\55129944\OneDrive - MMU (1)\PhD\Labs\TD_Markes_2022\Groupings\Categories\Plastic_Cups\PC_Sample_2_USE_04_2.D,27.779,,,20297,,,40,Positive,,,,,,97.1000,,,27.696,,27.625,0.154,,,,,,,,,,,,,,,,,,,,,,,,,,,,,,,,,,,,,,,,,,Sample USE_04 #2 Tube #829226 2022-07-28,,Demo Lab 8890 5977B,1,,Microplastics MMU (AN161) 28July.M,Deconvolution_2023-05-22.m,Success,
,,,,,,,,,,,,,,,,,,,,,,117,,,Cpd 117: 27.843,,,,,,,,,,,,,,,,,,,,,,,,,Find by Chromatogram Deconvolution,669595,,69.0500,,,,C:\Users\55129944\OneDrive - MMU (1)\PhD\Labs\TD_Markes_2022\Groupings\Categories\Plastic_Cups\PC_Sample_2_USE_04_2.D,27.903,,,36710,,,32,Positive,,,,,,69.0500,,,27.843,,27.745,0.158,,,,,,,,,,,,,,,,,,,,,,,,,,,,,,,,,,,,,,,,,,Sample USE_04 #2 Tube #829226 2022-07-28,,Demo Lab 8890 5977B,1,,Microplastics MMU (AN161) 28July.M,Deconvolution_2023-05-22.m,Success,
,,,,,,,,,,,,,,,,,,,,,,118,,,Cpd 118: 27.974,,,,,,,,,,,,,,,,,,,,,,,,,Find by Chromatogram Deconvolution,749084,,69.0500,,,,C:\Users\55129944\OneDrive - MMU (1)\PhD\Labs\TD_Markes_2022\Groupings\Categories\Plastic_Cups\PC_Sample_2_USE_04_2.D,28.050,,,26811,,,31,Positive,,,,,,69.0500,,,27.974,,27.903,0.147,,,,,,,,,,,,,,,,,,,,,,,,,,,,,,,,,,,,,,,,,,Sample USE_04 #2 Tube #829226 2022-07-28,,Demo Lab 8890 5977B,1,,Microplastics MMU (AN161) 28July.M,Deconvolution_2023-05-22.m,Success,
,,,,,,,,,,,,,,,,,,,,,,119,,,Cpd 119: 27.979,,,,,,,,,,,,,,,,,,,,,,,,,Find by Chromatogram Deconvolution,405544,,69.0500,,,,C:\Users\55129944\OneDrive - MMU (1)\PhD\Labs\TD_Markes_2022\Groupings\Categories\Plastic_Cups\PC_Sample_2_USE_04_2.D,28.050,,,26811,,,19,Positive,,,,,,69.0500,,,27.979,,27.903,0.147,,,,,,,,,,,,,,,,,,,,,,,,,,,,,,,,,,,,,,,,,,Sample USE_04 #2 Tube #829226 2022-07-28,,Demo Lab 8890 5977B,1,,Microplastics MMU (AN161) 28July.M,Deconvolution_2023-05-22.m,Success,
,,,,,,,,,,,,,,,,,,,,,,120,,,Cpd 120: 28.191,,,,,,,,,,,,,,,,,,,,,,,,,Find by Chromatogram Deconvolution,226170,,71.1000,,,,C:\Users\55129944\OneDrive - MMU (1)\PhD\Labs\TD_Markes_2022\Groupings\Categories\Plastic_Cups\PC_Sample_2_USE_04_2.D,28.235,,,9186,,,21,Positive,,,,,,71.1000,,,28.191,,28.143,0.091,,,,,,,,,,,,,,,,,,,,,,,,,,,,,,,,,,,,,,,,,,Sample USE_04 #2 Tube #829226 2022-07-28,,Demo Lab 8890 5977B,1,,Microplastics MMU (AN161) 28July.M,Deconvolution_2023-05-22.m,Success,
,,,,,,,,,,,,,,,,,,,,,,121,,,Cpd 121: 28.345,,,,,,,,,,,,,,,,,,,,,,,,,Find by Chromatogram Deconvolution,191042,,69.0500,,,,C:\Users\55129944\OneDrive - MMU (1)\PhD\Labs\TD_Markes_2022\Groupings\Categories\Plastic_Cups\PC_Sample_2_USE_04_2.D,28.403,,,11269,,,20,Positive,,,,,,69.0500,,,28.345,,28.290,0.112,,,,,,,,,,,,,,,,,,,,,,,,,,,,,,,,,,,,,,,,,,Sample USE_04 #2 Tube #829226 2022-07-28,,Demo Lab 8890 5977B,1,,Microplastics MMU (AN161) 28July.M,Deconvolution_2023-05-22.m,Success,
,,,,,,,,,,,,,,,,,,,,,,122,,,Cpd 122: 28.464,,,,,,,,,,,,,,,,,,,,,,,,,Find by Chromatogram Deconvolution,689833,,73.0000,,,,C:\Users\55129944\OneDrive - MMU (1)\PhD\Labs\TD_Markes_2022\Groupings\Categories\Plastic_Cups\PC_Sample_2_USE_04_2.D,28.689,,,22472,,,36,Positive,,,,,,73.0000,,,28.464,,28.403,0.286,,,,,,,,,,,,,,,,,,,,,,,,,,,,,,,,,,,,,,,,,,Sample USE_04 #2 Tube #829226 2022-07-28,,Demo Lab 8890 5977B,1,,Microplastics MMU (AN161) 28July.M,Deconvolution_2023-05-22.m,Success,
,,,,,,,,,,,,,,,,,,,,,,123,,,Cpd 123: 28.521,,,,,,,,,,,,,,,,,,,,,,,,,Find by Chromatogram Deconvolution,118662,,98.9700,,,,C:\Users\55129944\OneDrive - MMU (1)\PhD\Labs\TD_Markes_2022\Groupings\Categories\Plastic_Cups\PC_Sample_2_USE_04_2.D,28.527,,,10116,,,6,Positive,,,,,,98.9700,,,28.521,,28.515,0.011,,,,,,,,,,,,,,,,,,,,,,,,,,,,,,,,,,,,,,,,,,Sample USE_04 #2 Tube #829226 2022-07-28,,Demo Lab 8890 5977B,1,,Microplastics MMU (AN161) 28July.M,Deconvolution_2023-05-22.m,Success,
,,,,,,,,,,,,,,,,,,,,,,124,,,Cpd 124: 28.530,,,,,,,,,,,,,,,,,,,,,,,,,Find by Chromatogram Deconvolution,127273,,98.9700,,,,C:\Users\55129944\OneDrive - MMU (1)\PhD\Labs\TD_Markes_2022\Groupings\Categories\Plastic_Cups\PC_Sample_2_USE_04_2.D,28.540,,,10116,,,9,Positive,,,,,,98.9700,,,28.530,,28.517,0.023,,,,,,,,,,,,,,,,,,,,,,,,,,,,,,,,,,,,,,,,,,Sample USE_04 #2 Tube #829226 2022-07-28,,Demo Lab 8890 5977B,1,,Microplastics MMU (AN161) 28July.M,Deconvolution_2023-05-22.m,Success,
,,,,,,,,,,,,,,,,,,,,,,125,,,Cpd 125: 28.546,,,,,,,,,,,,,,,,,,,,,,,,,Find by Chromatogram Deconvolution,126260,,71.1000,,,,C:\Users\55129944\OneDrive - MMU (1)\PhD\Labs\TD_Markes_2022\Groupings\Categories\Plastic_Cups\PC_Sample_2_USE_04_2.D,28.555,,,13847,,,7,Positive,,,,,,71.1000,,,28.546,,28.502,0.053,,,,,,,,,,,,,,,,,,,,,,,,,,,,,,,,,,,,,,,,,,Sample USE_04 #2 Tube #829226 2022-07-28,,Demo Lab 8890 5977B,1,,Microplastics MMU (AN161) 28July.M,Deconvolution_2023-05-22.m,Success,
,,,,,,,,,,,,,,,,,,,,,,126,,,Cpd 126: 28.558,,,,,,,,,,,,,,,,,,,,,,,,,Find by Chromatogram Deconvolution,359769,,69.0500,,,,C:\Users\55129944\OneDrive - MMU (1)\PhD\Labs\TD_Markes_2022\Groupings\Categories\Plastic_Cups\PC_Sample_2_USE_04_2.D,28.576,,,17895,,,17,Positive,,,,,,69.0500,,,28.558,,28.551,0.025,,,,,,,,,,,,,,,,,,,,,,,,,,,,,,,,,,,,,,,,,,Sample USE_04 #2 Tube #829226 2022-07-28,,Demo Lab 8890 5977B,1,,Microplastics MMU (AN161) 28July.M,Deconvolution_2023-05-22.m,Success,
,,,,,,,,,,,,,,,,,,,,,,127,,,Cpd 127: 28.770,,,,,,,,,,,,,,,,,,,,,,,,,Find by Chromatogram Deconvolution,238324,,69.0500,,,,C:\Users\55129944\OneDrive - MMU (1)\PhD\Labs\TD_Markes_2022\Groupings\Categories\Plastic_Cups\PC_Sample_2_USE_04_2.D,28.841,,,11299,,,18,Positive,,,,,,69.0500,,,28.770,,28.683,0.158,,,,,,,,,,,,,,,,,,,,,,,,,,,,,,,,,,,,,,,,,,Sample USE_04 #2 Tube #829226 2022-07-28,,Demo Lab 8890 5977B,1,,Microplastics MMU (AN161) 28July.M,Deconvolution_2023-05-22.m,Success,
,,,,,,,,,,,,,,,,,,,,,,128,,,Cpd 128: 29.198,,,,,,,,,,,,,,,,,,,,,,,,,Find by Chromatogram Deconvolution,270003,,82.0300,,,,C:\Users\55129944\OneDrive - MMU (1)\PhD\Labs\TD_Markes_2022\Groupings\Categories\Plastic_Cups\PC_Sample_2_USE_04_2.D,29.273,,,7470,,,26,Positive,,,,,,82.0300,,,29.198,,29.110,0.164,,,,,,,,,,,,,,,,,,,,,,,,,,,,,,,,,,,,,,,,,,Sample USE_04 #2 Tube #829226 2022-07-28,,Demo Lab 8890 5977B,1,,Microplastics MMU (AN161) 28July.M,Deconvolution_2023-05-22.m,Success,
,,,,,,,,,,,,,,,,,,,,,,129,,,Cpd 129: 29.447,,,,,,,,,,,,,,,,,,,,,,,,,Find by Chromatogram Deconvolution,4051339,,57.1000,,,,C:\Users\55129944\OneDrive - MMU (1)\PhD\Labs\TD_Markes_2022\Groupings\Categories\Plastic_Cups\PC_Sample_2_USE_04_2.D,29.594,,,85327,,,69,Positive,,,,,,57.1000,,,29.447,,29.367,0.227,,,,,,,,,,,,,,,,,,,,,,,,,,,,,,,,,,,,,,,,,,Sample USE_04 #2 Tube #829226 2022-07-28,,Demo Lab 8890 5977B,1,,Microplastics MMU (AN161) 28July.M,Deconvolution_2023-05-22.m,Success,
,,,,,,,,,,,,,,,,,,,,,,130,,,Cpd 130: 29.771,,,,,,,,,,,,,,,,,,,,,,,,,Find by Chromatogram Deconvolution,306510,,57.1000,,,,C:\Users\55129944\OneDrive - MMU (1)\PhD\Labs\TD_Markes_2022\Groupings\Categories\Plastic_Cups\PC_Sample_2_USE_04_2.D,29.853,,,8905,,,32,Positive,,,,,,57.1000,,,29.771,,29.708,0.145,,,,,,,,,,,,,,,,,,,,,,,,,,,,,,,,,,,,,,,,,,Sample USE_04 #2 Tube #829226 2022-07-28,,Demo Lab 8890 5977B,1,,Microplastics MMU (AN161) 28July.M,Deconvolution_2023-05-22.m,Success,
